10301261	_derivationally_related_form	06000644
01739814	_derivationally_related_form	00916464
00084230	_derivationally_related_form	00612160
02700455	_verb_group	02659763
02700104	_verb_group	02657219
02657219	_verb_group	02700104
02630189	_verb_group	02204692
02630189	_verb_group	02203362
02502536	_verb_group	02671279
02416751	_verb_group	02416278
02416278	_verb_group	02416751
02389592	_verb_group	02389346
02389346	_verb_group	02389592
01877204	_verb_group	01876907
01876907	_verb_group	01877204
01690294	_verb_group	01582645
01684337	_verb_group	01551871
01647672	_verb_group	01629000
01643464	_verb_group	01582645
01640550	_verb_group	01753596
01588493	_verb_group	00508032
01583656	_verb_group	01583494
01582645	_verb_group	01690294
01582645	_verb_group	01643464
01465218	_verb_group	01465365
01293389	_verb_group	01292885
01224744	_verb_group	00597385
01069190	_verb_group	01069391
00921738	_verb_group	00651991
00651991	_verb_group	00921738
00597385	_verb_group	01224744
00508032	_verb_group	01588493
00456596	_verb_group	00456740
00443384	_verb_group	00443116
00443116	_verb_group	00443384
00429060	_verb_group	00429968
00245457	_verb_group	00231557
00100044	_verb_group	00833702
00047945	_verb_group	00046534
00046534	_verb_group	00047945
00046534	_verb_group	00044797
00046534	_verb_group	00043683
00044797	_verb_group	00046534
00044797	_verb_group	00044149
00044149	_verb_group	00044797
15224293	_derivationally_related_form	00235368
15224293	_derivationally_related_form	00233335
15046900	_derivationally_related_form	00445169
14480772	_derivationally_related_form	00445467
14480772	_derivationally_related_form	00445169
14445379	_derivationally_related_form	00476819
14442530	_derivationally_related_form	10678662
14442530	_derivationally_related_form	02646931
14442530	_derivationally_related_form	02539334
14441825	_derivationally_related_form	02646931
14441825	_derivationally_related_form	00791227
14413644	_derivationally_related_form	02513460
14405931	_derivationally_related_form	01785748
14405931	_derivationally_related_form	01781983
14110411	_derivationally_related_form	00443384
14008806	_derivationally_related_form	01510827
13999663	_derivationally_related_form	01301410
13998781	_derivationally_related_form	01301410
13998576	_derivationally_related_form	02711114
13996300	_derivationally_related_form	02496816
13988663	_derivationally_related_form	01149494
13987423	_derivationally_related_form	01148283
13971561	_derivationally_related_form	01765392
13970764	_derivationally_related_form	01765392
13970764	_derivationally_related_form	00294884
13969700	_derivationally_related_form	01765392
13969243	_derivationally_related_form	02700104
13969243	_derivationally_related_form	00483181
13969243	_derivationally_related_form	00482473
13913566	_derivationally_related_form	02144644
13913566	_derivationally_related_form	01697027
13913566	_derivationally_related_form	01662771
13913566	_derivationally_related_form	00981276
13905792	_derivationally_related_form	01276361
13903387	_derivationally_related_form	02710673
13903079	_derivationally_related_form	02710673
13903079	_derivationally_related_form	01466978
13860793	_derivationally_related_form	00445169
13792692	_derivationally_related_form	01492052
13792692	_derivationally_related_form	01354673
13743605	_derivationally_related_form	01465365
13743605	_derivationally_related_form	01465218
13743605	_derivationally_related_form	01292885
13559782	_derivationally_related_form	00119524
13559782	_derivationally_related_form	00119266
13491060	_derivationally_related_form	00527572
13491060	_derivationally_related_form	00445467
13491060	_derivationally_related_form	00445169
13491060	_derivationally_related_form	00443116
13491060	_derivationally_related_form	00442669
13489037	_derivationally_related_form	00245457
13489037	_derivationally_related_form	00231557
13470491	_derivationally_related_form	00431826
13457378	_derivationally_related_form	00431826
13457378	_derivationally_related_form	00151689
13454318	_derivationally_related_form	01742726
13451508	_derivationally_related_form	00442669
13427078	_derivationally_related_form	00150287
13321495	_derivationally_related_form	02502536
13240514	_derivationally_related_form	10389398
13085864	_derivationally_related_form	01741446
13085864	_derivationally_related_form	01321002
13085864	_derivationally_related_form	01320009
11415084	_derivationally_related_form	02661252
10689564	_derivationally_related_form	04160372
10689564	_derivationally_related_form	01666717
10689564	_derivationally_related_form	01666327
10678662	_derivationally_related_form	14442530
10678472	_derivationally_related_form	00462092
10676877	_derivationally_related_form	02443049
10668450	_derivationally_related_form	00462092
10645611	_derivationally_related_form	01648126
10640620	_derivationally_related_form	01428853
10584318	_derivationally_related_form	01666327
10584318	_derivationally_related_form	01329239
10529231	_derivationally_related_form	02204692
10529231	_derivationally_related_form	02203362
10525134	_derivationally_related_form	02441022
10525134	_derivationally_related_form	01819554
10525134	_derivationally_related_form	00233335
10470460	_derivationally_related_form	01203715
10470460	_derivationally_related_form	01150559
10448983	_derivationally_related_form	00752335
10419047	_derivationally_related_form	02661252
10402417	_derivationally_related_form	08060694
10402417	_derivationally_related_form	06526291
10389398	_derivationally_related_form	13240514
10389398	_derivationally_related_form	02204692
10388924	_derivationally_related_form	13240514
10388924	_derivationally_related_form	02204692
10388924	_derivationally_related_form	00809465
10388732	_derivationally_related_form	02443049
10388440	_derivationally_related_form	02539334
10388440	_derivationally_related_form	00595684
10388440	_derivationally_related_form	00595146
10378780	_derivationally_related_form	02443849
10371741	_derivationally_related_form	00752335
10341660	_derivationally_related_form	02987454
10341660	_derivationally_related_form	02987177
10341660	_derivationally_related_form	02661252
10341660	_derivationally_related_form	00119873
10325774	_derivationally_related_form	01697406
10317007	_derivationally_related_form	00752335
10308732	_derivationally_related_form	00260648
10299875	_derivationally_related_form	01293389
10298912	_derivationally_related_form	02447001
10298912	_derivationally_related_form	00595146
10298912	_derivationally_related_form	00589769
10298647	_derivationally_related_form	00595146
10291110	_derivationally_related_form	01211699
10280130	_derivationally_related_form	00597634
10280130	_derivationally_related_form	00597385
10280130	_derivationally_related_form	00595146
10213034	_derivationally_related_form	02538765
10210648	_derivationally_related_form	01753596
10164233	_derivationally_related_form	00595146
10161363	_derivationally_related_form	01320009
10160412	_derivationally_related_form	00483181
10160412	_derivationally_related_form	00482473
10155849	_derivationally_related_form	05750163
10155849	_derivationally_related_form	05256862
10155849	_derivationally_related_form	04928903
10155849	_derivationally_related_form	01666894
10093908	_derivationally_related_form	00300537
10080337	_derivationally_related_form	01340439
10079210	_derivationally_related_form	10078806
10078806	_derivationally_related_form	10079210
10078806	_derivationally_related_form	01739814
10033082	_derivationally_related_form	00047945
10033082	_derivationally_related_form	00046534
10029269	_derivationally_related_form	00935940
10029068	_derivationally_related_form	01690294
10029068	_derivationally_related_form	01643464
10029068	_derivationally_related_form	00935940
10012815	_derivationally_related_form	00650016
09972157	_derivationally_related_form	01753596
09964805	_derivationally_related_form	01693881
09956578	_derivationally_related_form	00462092
09953178	_derivationally_related_form	02553697
09952163	_derivationally_related_form	01765392
09952163	_derivationally_related_form	01647867
09952163	_derivationally_related_form	01093587
09952163	_derivationally_related_form	00482473
09941964	_derivationally_related_form	02441022
09941964	_derivationally_related_form	00751887
09941571	_derivationally_related_form	02441022
09941571	_derivationally_related_form	00751887
09941383	_derivationally_related_form	02441022
09941383	_derivationally_related_form	00751887
09941383	_derivationally_related_form	00590626
09935434	_derivationally_related_form	08060694
09935434	_derivationally_related_form	06526291
09935434	_derivationally_related_form	02416278
09931640	_derivationally_related_form	02443049
09931640	_derivationally_related_form	01804414
09931640	_derivationally_related_form	00833702
09816771	_derivationally_related_form	02470175
09812338	_derivationally_related_form	02743547
09803429	_derivationally_related_form	00760956
09802641	_derivationally_related_form	02272549
09784443	_derivationally_related_form	00064095
09780828	_derivationally_related_form	00751887
09779790	_derivationally_related_form	01742726
09779790	_derivationally_related_form	01739814
09779790	_derivationally_related_form	01104406
09779790	_derivationally_related_form	00916464
09779790	_derivationally_related_form	00245457
09769929	_derivationally_related_form	00296178
09758781	_derivationally_related_form	01466978
09625401	_derivationally_related_form	02496816
09624559	_derivationally_related_form	00760956
09476521	_derivationally_related_form	00290740
09442838	_derivationally_related_form	00709625
09326662	_derivationally_related_form	01660386
09303008	_derivationally_related_form	01660640
09273291	_derivationally_related_form	02711114
09260907	_derivationally_related_form	01740608
08688247	_derivationally_related_form	02512150
08677628	_derivationally_related_form	02695895
08622950	_derivationally_related_form	02694933
08620763	_derivationally_related_form	01466978
08612786	_derivationally_related_form	01689379
08612786	_derivationally_related_form	01582645
08612786	_derivationally_related_form	01276361
08567235	_derivationally_related_form	01467370
08567235	_derivationally_related_form	01130607
08565701	_derivationally_related_form	02710673
08565701	_derivationally_related_form	01466978
08552138	_derivationally_related_form	02812482
08513163	_derivationally_related_form	01466978
08512736	_derivationally_related_form	02710673
08512736	_derivationally_related_form	01467370
08512736	_derivationally_related_form	01466978
08512259	_derivationally_related_form	02710673
08493064	_derivationally_related_form	02812482
08438067	_derivationally_related_form	01739814
08398036	_derivationally_related_form	01089137
08197742	_derivationally_related_form	01087197
08060694	_derivationally_related_form	10402417
08060694	_derivationally_related_form	09935434
07988857	_derivationally_related_form	01293389
07988857	_derivationally_related_form	01292885
07985223	_derivationally_related_form	01465365
07985223	_derivationally_related_form	01292885
07976936	_derivationally_related_form	01428853
07976936	_derivationally_related_form	01292885
07705711	_derivationally_related_form	01739814
07537259	_derivationally_related_form	01785748
07537068	_derivationally_related_form	00364479
07532440	_derivationally_related_form	01149494
07532440	_derivationally_related_form	00909363
07529563	_derivationally_related_form	01813884
07527352	_derivationally_related_form	01363613
07520612	_derivationally_related_form	02506361
07520612	_derivationally_related_form	01782218
07520612	_derivationally_related_form	01781983
07520612	_derivationally_related_form	01780941
07520612	_derivationally_related_form	01779165
07519253	_derivationally_related_form	01779165
07493280	_derivationally_related_form	00064095
07423001	_derivationally_related_form	00431826
07369604	_derivationally_related_form	02702830
07369604	_derivationally_related_form	00482893
07369604	_derivationally_related_form	00456740
07369604	_derivationally_related_form	00300537
07369604	_derivationally_related_form	00299580
07369604	_derivationally_related_form	00150287
07366627	_derivationally_related_form	02661252
07366289	_derivationally_related_form	00651991
07366289	_derivationally_related_form	00650353
07366289	_derivationally_related_form	00119074
07355887	_derivationally_related_form	00441445
07355887	_derivationally_related_form	00152887
07355887	_derivationally_related_form	00151689
07346057	_derivationally_related_form	01877204
07346057	_derivationally_related_form	01876907
07338114	_derivationally_related_form	01510827
07273136	_derivationally_related_form	01588493
07270179	_derivationally_related_form	01588493
07270179	_derivationally_related_form	00508032
07254057	_derivationally_related_form	01819554
07254057	_derivationally_related_form	01781180
07254057	_derivationally_related_form	00770141
07202579	_derivationally_related_form	01588493
07202579	_derivationally_related_form	01029852
07177437	_derivationally_related_form	00482893
07150850	_derivationally_related_form	00760956
07150644	_derivationally_related_form	00760956
07066659	_derivationally_related_form	10155849
07066659	_derivationally_related_form	01687569
07006712	_derivationally_related_form	01711445
07006119	_derivationally_related_form	00796047
07003119	_derivationally_related_form	01690294
07003119	_derivationally_related_form	01643464
06998748	_derivationally_related_form	09812338
06893885	_derivationally_related_form	01719302
06893885	_derivationally_related_form	01711445
06817782	_derivationally_related_form	01004062
06806469	_derivationally_related_form	02806907
06799897	_derivationally_related_form	01582645
06799897	_derivationally_related_form	01276361
06798750	_derivationally_related_form	01275762
06798750	_derivationally_related_form	00921738
06798750	_derivationally_related_form	00508032
06791372	_derivationally_related_form	02296984
06791372	_derivationally_related_form	01039330
06791372	_derivationally_related_form	00922438
06791372	_derivationally_related_form	00867231
06773976	_derivationally_related_form	01647867
06661562	_derivationally_related_form	02538765
06526291	_derivationally_related_form	10402417
06526291	_derivationally_related_form	09935434
06473381	_derivationally_related_form	00187526
06063588	_derivationally_related_form	01169194
06022291	_derivationally_related_form	02661252
05981230	_derivationally_related_form	01150559
05938795	_derivationally_related_form	01743784
05937112	_derivationally_related_form	02723733
05937112	_derivationally_related_form	01743784
05937112	_derivationally_related_form	01021128
05925366	_derivationally_related_form	01021128
05902327	_derivationally_related_form	01683582
05890249	_derivationally_related_form	01743784
05849789	_derivationally_related_form	02630189
05846355	_derivationally_related_form	00235368
05844105	_derivationally_related_form	01666894
05765415	_derivationally_related_form	02806907
05755486	_derivationally_related_form	00482893
05750163	_derivationally_related_form	10155849
05750163	_derivationally_related_form	01687569
05749619	_derivationally_related_form	02868326
05748786	_derivationally_related_form	00730499
05748285	_derivationally_related_form	00651991
05748285	_derivationally_related_form	00650353
05748285	_derivationally_related_form	00119074
05728678	_derivationally_related_form	00709625
05696020	_derivationally_related_form	00456740
05696020	_derivationally_related_form	00456596
05641959	_derivationally_related_form	00597634
05641959	_derivationally_related_form	00597385
05638987	_derivationally_related_form	09812338
05635624	_derivationally_related_form	01087197
05256862	_derivationally_related_form	10155849
05256862	_derivationally_related_form	00038849
05198036	_derivationally_related_form	10388440
05197797	_derivationally_related_form	02441022
05197797	_derivationally_related_form	00751887
05196582	_derivationally_related_form	02539334
05196375	_derivationally_related_form	02441022
05162455	_derivationally_related_form	00235368
05162455	_derivationally_related_form	00233335
05161614	_derivationally_related_form	02513460
05117660	_derivationally_related_form	02510337
05117660	_derivationally_related_form	01531375
05111835	_derivationally_related_form	00432683
05109808	_derivationally_related_form	00151689
05085572	_derivationally_related_form	00444519
05075602	_derivationally_related_form	02695895
05075602	_derivationally_related_form	02333689
05074774	_derivationally_related_form	01987160
04930307	_derivationally_related_form	02659763
04928903	_derivationally_related_form	10155849
04928903	_derivationally_related_form	01687569
04910973	_derivationally_related_form	01508719
04906273	_derivationally_related_form	02542795
04906273	_derivationally_related_form	01612053
04906026	_derivationally_related_form	00619972
04905188	_derivationally_related_form	02451113
04802776	_derivationally_related_form	02661252
04777098	_derivationally_related_form	01340439
04777098	_derivationally_related_form	01059400
04770911	_derivationally_related_form	01876907
04750764	_derivationally_related_form	01410363
04750164	_derivationally_related_form	01410363
04748836	_derivationally_related_form	02666239
04748836	_derivationally_related_form	02064745
04748836	_derivationally_related_form	01410363
04748836	_derivationally_related_form	00651991
04748836	_derivationally_related_form	00119524
04713428	_derivationally_related_form	02657219
04713332	_derivationally_related_form	02700104
04713118	_derivationally_related_form	02700104
04681387	_derivationally_related_form	01275762
04681387	_derivationally_related_form	01004062
04659287	_derivationally_related_form	01026262
04659090	_derivationally_related_form	01027263
04644512	_derivationally_related_form	02564986
04641153	_derivationally_related_form	02542280
04641153	_derivationally_related_form	00696518
04639113	_derivationally_related_form	02003725
04631298	_derivationally_related_form	00364479
04630689	_derivationally_related_form	00859325
04630689	_derivationally_related_form	00859153
04613158	_derivationally_related_form	01492052
04605726	_derivationally_related_form	01580467
04605726	_derivationally_related_form	01283208
04463273	_derivationally_related_form	01582645
04433185	_derivationally_related_form	01285440
04369025	_derivationally_related_form	01283208
04321238	_derivationally_related_form	01329239
04296562	_derivationally_related_form	01711445
04181228	_derivationally_related_form	00236289
04181228	_derivationally_related_form	00233335
04179385	_derivationally_related_form	01666327
04179385	_derivationally_related_form	01329239
04157320	_derivationally_related_form	01684337
04157320	_derivationally_related_form	01551871
04110439	_derivationally_related_form	01987160
04085873	_derivationally_related_form	01271658
04051825	_derivationally_related_form	01130607
04051825	_derivationally_related_form	01128071
04033995	_derivationally_related_form	01667449
04033995	_derivationally_related_form	00082308
03932203	_derivationally_related_form	01656788
03932203	_derivationally_related_form	01590171
03932203	_derivationally_related_form	00261705
03879854	_derivationally_related_form	00064095
03878963	_derivationally_related_form	01130607
03792334	_derivationally_related_form	01660640
03792048	_derivationally_related_form	01660386
03779621	_derivationally_related_form	01697027
03779370	_derivationally_related_form	01697027
03777283	_derivationally_related_form	01743784
03777283	_derivationally_related_form	01697406
03728811	_derivationally_related_form	01292885
03722007	_derivationally_related_form	01004062
03722007	_derivationally_related_form	00921738
03722007	_derivationally_related_form	00508032
03721797	_derivationally_related_form	00921738
03674440	_derivationally_related_form	02622234
03673971	_derivationally_related_form	01354673
03673971	_derivationally_related_form	01285440
03669886	_derivationally_related_form	00233335
03600977	_derivationally_related_form	02660147
03573282	_derivationally_related_form	01421622
03533486	_derivationally_related_form	01656788
03525252	_derivationally_related_form	01301410
03496892	_derivationally_related_form	01320009
03420559	_derivationally_related_form	02023992
03420559	_derivationally_related_form	01606205
03420559	_derivationally_related_form	01155421
03420559	_derivationally_related_form	01089137
03420559	_derivationally_related_form	01087197
03391301	_derivationally_related_form	00981276
03390983	_derivationally_related_form	01586850
03386011	_derivationally_related_form	01606205
03386011	_derivationally_related_form	01155421
03385557	_derivationally_related_form	01606205
03354613	_derivationally_related_form	01340439
03330947	_derivationally_related_form	01288052
03327234	_derivationally_related_form	01588134
03327234	_derivationally_related_form	01130607
03322099	_derivationally_related_form	02420232
03322099	_derivationally_related_form	01739814
03285912	_derivationally_related_form	02711114
03265479	_derivationally_related_form	01466978
03257586	_derivationally_related_form	01735308
03257586	_derivationally_related_form	01693881
03257343	_derivationally_related_form	01735308
03237639	_derivationally_related_form	00082714
03234306	_derivationally_related_form	01690294
03234306	_derivationally_related_form	01582645
03178782	_derivationally_related_form	01753596
03178782	_derivationally_related_form	01640550
03173524	_derivationally_related_form	01689379
03173524	_derivationally_related_form	01582645
03169390	_derivationally_related_form	01466543
03146846	_derivationally_related_form	01741446
03128583	_derivationally_related_form	03051540
03104594	_derivationally_related_form	01742886
03096960	_derivationally_related_form	01224744
03091374	_derivationally_related_form	01354673
03075768	_derivationally_related_form	01765392
03075768	_derivationally_related_form	00082308
03051540	_derivationally_related_form	00052374
03051540	_derivationally_related_form	00052043
03051540	_derivationally_related_form	00050652
03051540	_derivationally_related_form	00047945
03051540	_derivationally_related_form	00047745
02991122	_derivationally_related_form	09812338
02991122	_derivationally_related_form	02743547
02987454	_derivationally_related_form	10341660
02987454	_derivationally_related_form	00119873
02987177	_derivationally_related_form	10341660
02979662	_derivationally_related_form	01662771
02928413	_derivationally_related_form	01498713
02928413	_derivationally_related_form	01466978
02894605	_derivationally_related_form	01128071
02887741	_derivationally_related_form	01428853
02875013	_derivationally_related_form	01586850
02875013	_derivationally_related_form	01467370
02868326	_derivationally_related_form	05749619
02840361	_derivationally_related_form	01303242
02812482	_derivationally_related_form	08552138
02812482	_derivationally_related_form	08493064
02806907	_derivationally_related_form	06806469
02760116	_derivationally_related_form	00612160
02748927	_derivationally_related_form	03169390
02728440	_derivationally_related_form	00047945
02728440	_derivationally_related_form	00046534
02710673	_derivationally_related_form	08565701
02710673	_derivationally_related_form	08512736
02710673	_derivationally_related_form	08512259
02702830	_derivationally_related_form	10093908
02702830	_derivationally_related_form	07369604
02700104	_derivationally_related_form	13969243
02700104	_derivationally_related_form	04713332
02700104	_derivationally_related_form	04713118
02700104	_derivationally_related_form	00552841
02695895	_derivationally_related_form	08677628
02695895	_derivationally_related_form	05075602
02695895	_derivationally_related_form	00155487
02694933	_derivationally_related_form	08622950
02694933	_derivationally_related_form	00155487
02666239	_derivationally_related_form	04748836
02666239	_derivationally_related_form	02064745
02666239	_derivationally_related_form	01410363
02661252	_derivationally_related_form	11415084
02661252	_derivationally_related_form	10419047
02661252	_derivationally_related_form	07366627
02661252	_derivationally_related_form	07366289
02661252	_derivationally_related_form	06022291
02661252	_derivationally_related_form	00737399
02661252	_derivationally_related_form	00194969
02660147	_derivationally_related_form	03600977
02657219	_derivationally_related_form	04713428
02657219	_derivationally_related_form	03728811
02646931	_derivationally_related_form	01128390
02646931	_derivationally_related_form	00791227
02622234	_derivationally_related_form	03674440
02579447	_derivationally_related_form	10419047
02561332	_derivationally_related_form	00410247
02553697	_derivationally_related_form	09953178
02553697	_derivationally_related_form	01146039
02542795	_derivationally_related_form	04906273
02542280	_derivationally_related_form	04641153
02539359	_derivationally_related_form	00052374
02539359	_derivationally_related_form	00050652
02539359	_derivationally_related_form	00047745
02539334	_derivationally_related_form	14442530
02539334	_derivationally_related_form	01128655
02539334	_derivationally_related_form	00791227
02538765	_derivationally_related_form	10213034
02538765	_derivationally_related_form	06661562
02538765	_derivationally_related_form	01240210
02513460	_derivationally_related_form	14413644
02513460	_derivationally_related_form	05161614
02512305	_derivationally_related_form	10012815
02512305	_derivationally_related_form	01153548
02512150	_derivationally_related_form	08688247
02512150	_derivationally_related_form	08552138
02510337	_derivationally_related_form	05641959
02510337	_derivationally_related_form	05117660
02510337	_derivationally_related_form	01146039
02509919	_derivationally_related_form	00155487
02509287	_derivationally_related_form	00808182
02506361	_derivationally_related_form	07520612
02502536	_derivationally_related_form	13321495
02502536	_derivationally_related_form	00320852
02501278	_derivationally_related_form	01187810
02496816	_derivationally_related_form	13996300
02496816	_derivationally_related_form	09625401
02470175	_derivationally_related_form	09816771
02458103	_derivationally_related_form	00040962
02451113	_derivationally_related_form	04905188
02447001	_derivationally_related_form	10298912
02443849	_derivationally_related_form	10378780
02443049	_derivationally_related_form	09931640
02443049	_derivationally_related_form	01133281
02441022	_derivationally_related_form	10525134
02441022	_derivationally_related_form	09941964
02441022	_derivationally_related_form	09941571
02441022	_derivationally_related_form	09780828
02441022	_derivationally_related_form	05196375
02439732	_derivationally_related_form	00815320
02420232	_derivationally_related_form	10078806
02416278	_derivationally_related_form	09935434
02416278	_derivationally_related_form	01205156
02416278	_derivationally_related_form	01202904
02416278	_derivationally_related_form	00619972
02416278	_derivationally_related_form	00411384
02389346	_derivationally_related_form	00145218
02372326	_derivationally_related_form	00040152
02371684	_derivationally_related_form	09935434
02361600	_derivationally_related_form	03264136
02357693	_derivationally_related_form	00267349
02286204	_derivationally_related_form	00155487
02272549	_derivationally_related_form	00089027
02272549	_derivationally_related_form	00088481
02257370	_derivationally_related_form	00040152
02204692	_derivationally_related_form	10389398
02204692	_derivationally_related_form	10388924
02204692	_derivationally_related_form	00809465
02203362	_derivationally_related_form	13244109
02144644	_derivationally_related_form	13913566
02095311	_derivationally_related_form	04777098
02064745	_derivationally_related_form	04748836
02023992	_derivationally_related_form	03420559
02023992	_derivationally_related_form	03386011
02003725	_derivationally_related_form	04639113
02003725	_derivationally_related_form	00236592
02003725	_derivationally_related_form	00233335
01987160	_derivationally_related_form	05074774
01922763	_derivationally_related_form	07515560
01877204	_derivationally_related_form	07346057
01876907	_derivationally_related_form	07337390
01876907	_derivationally_related_form	00348571
01876907	_derivationally_related_form	00327824
01834304	_derivationally_related_form	00410247
01819554	_derivationally_related_form	07254057
01815185	_derivationally_related_form	00354884
01813884	_derivationally_related_form	07529563
01804414	_derivationally_related_form	09931640
01785748	_derivationally_related_form	07537259
01782218	_derivationally_related_form	07520612
01781983	_derivationally_related_form	07520612
01781180	_derivationally_related_form	07254057
01781180	_derivationally_related_form	01222477
01780941	_derivationally_related_form	07520612
01780941	_derivationally_related_form	01222666
01780202	_derivationally_related_form	07519253
01779165	_derivationally_related_form	07519253
01779165	_derivationally_related_form	04143712
01779165	_derivationally_related_form	01222666
01765392	_derivationally_related_form	13971561
01765392	_derivationally_related_form	09952163
01765392	_derivationally_related_form	07515790
01765392	_derivationally_related_form	03075768
01765392	_derivationally_related_form	01151407
01765392	_derivationally_related_form	01151097
01765392	_derivationally_related_form	00759551
01753596	_derivationally_related_form	09972157
01743784	_derivationally_related_form	10325774
01743784	_derivationally_related_form	05938795
01743784	_derivationally_related_form	05937112
01743784	_derivationally_related_form	05890249
01743784	_derivationally_related_form	03777283
01742886	_derivationally_related_form	09964411
01742886	_derivationally_related_form	03104594
01742726	_derivationally_related_form	00915722
01740608	_derivationally_related_form	09260907
01740608	_derivationally_related_form	03146846
01740608	_derivationally_related_form	00918820
01739814	_derivationally_related_form	10078806
01739814	_derivationally_related_form	09779790
01739814	_derivationally_related_form	08438067
01739814	_derivationally_related_form	07705711
01739814	_derivationally_related_form	03322099
01722980	_derivationally_related_form	05890249
01719302	_derivationally_related_form	06893885
01711749	_derivationally_related_form	08677628
01711749	_derivationally_related_form	08664443
01711749	_derivationally_related_form	05075602
01711749	_derivationally_related_form	01052853
01711749	_derivationally_related_form	00155487
01711445	_derivationally_related_form	07006712
01711445	_derivationally_related_form	06893885
01711445	_derivationally_related_form	04296562
01697406	_derivationally_related_form	00898804
01697027	_derivationally_related_form	13913566
01697027	_derivationally_related_form	03777283
01697027	_derivationally_related_form	00898804
01693881	_derivationally_related_form	09964805
01693881	_derivationally_related_form	03257586
01693881	_derivationally_related_form	00908772
01690294	_derivationally_related_form	10029068
01690294	_derivationally_related_form	07003119
01690294	_derivationally_related_form	03234306
01689379	_derivationally_related_form	08612786
01689379	_derivationally_related_form	03173524
01688771	_derivationally_related_form	00521562
01687569	_derivationally_related_form	05844105
01687569	_derivationally_related_form	05750163
01684337	_derivationally_related_form	10566072
01684337	_derivationally_related_form	04157320
01675963	_derivationally_related_form	03169390
01667449	_derivationally_related_form	04033995
01667304	_derivationally_related_form	04033995
01666894	_derivationally_related_form	10155849
01666717	_derivationally_related_form	10689564
01666327	_derivationally_related_form	10689564
01666327	_derivationally_related_form	10584318
01666327	_derivationally_related_form	04179385
01662771	_derivationally_related_form	13913566
01662771	_derivationally_related_form	03779621
01662771	_derivationally_related_form	03779370
01662771	_derivationally_related_form	02979662
01662771	_derivationally_related_form	00909899
01660640	_derivationally_related_form	09303008
01660386	_derivationally_related_form	09326662
01648126	_derivationally_related_form	10645611
01647867	_derivationally_related_form	13970236
01647867	_derivationally_related_form	09952163
01647867	_derivationally_related_form	06773976
01643464	_derivationally_related_form	10029068
01643464	_derivationally_related_form	07003119
01640550	_derivationally_related_form	09972157
01640550	_derivationally_related_form	03178782
01640550	_derivationally_related_form	00928077
01629000	_derivationally_related_form	00914632
01624568	_derivationally_related_form	13913566
01612053	_derivationally_related_form	04906273
01612053	_derivationally_related_form	02542795
01612053	_derivationally_related_form	01167146
01606205	_derivationally_related_form	03385557
01590171	_derivationally_related_form	03932203
01590171	_derivationally_related_form	03745285
01590171	_derivationally_related_form	00267349
01588493	_derivationally_related_form	07270179
01588493	_derivationally_related_form	07202579
01586850	_derivationally_related_form	03391301
01586850	_derivationally_related_form	03390983
01586850	_derivationally_related_form	02875013
01583656	_derivationally_related_form	01149480
01583494	_derivationally_related_form	01149480
01582645	_derivationally_related_form	06799897
01582645	_derivationally_related_form	04463273
01582645	_derivationally_related_form	03234306
01582645	_derivationally_related_form	03173524
01582645	_derivationally_related_form	00938419
01582645	_derivationally_related_form	00263813
01580467	_derivationally_related_form	04605726
01580467	_derivationally_related_form	03285912
01580467	_derivationally_related_form	00406365
01575675	_derivationally_related_form	01051331
01567275	_derivationally_related_form	01052853
01567275	_derivationally_related_form	00017222
01551871	_derivationally_related_form	10566072
01551871	_derivationally_related_form	04157320
01531375	_derivationally_related_form	05117660
01510827	_derivationally_related_form	07338114
01510827	_derivationally_related_form	00140393
01492052	_derivationally_related_form	13792692
01492052	_derivationally_related_form	04612840
01474513	_derivationally_related_form	02443049
01467370	_derivationally_related_form	08565701
01467370	_derivationally_related_form	08512736
01466978	_derivationally_related_form	08620763
01466978	_derivationally_related_form	08565701
01466978	_derivationally_related_form	08513163
01466978	_derivationally_related_form	08512736
01466978	_derivationally_related_form	03265479
01466978	_derivationally_related_form	02928413
01466543	_derivationally_related_form	03169390
01465365	_derivationally_related_form	13743605
01428853	_derivationally_related_form	10640620
01428853	_derivationally_related_form	10300303
01428853	_derivationally_related_form	07988857
01428853	_derivationally_related_form	07976936
01428853	_derivationally_related_form	00847340
01421622	_derivationally_related_form	03573282
01421622	_derivationally_related_form	00320852
01421122	_derivationally_related_form	03091374
01410905	_derivationally_related_form	04750164
01410363	_derivationally_related_form	04750764
01410363	_derivationally_related_form	04750164
01410363	_derivationally_related_form	04748836
01410363	_derivationally_related_form	02666239
01389776	_derivationally_related_form	00320852
01366718	_derivationally_related_form	07527352
01354673	_derivationally_related_form	13792692
01354673	_derivationally_related_form	03673971
01354673	_derivationally_related_form	00148978
01340439	_derivationally_related_form	10080337
01340439	_derivationally_related_form	04777098
01340439	_derivationally_related_form	03354613
01340439	_derivationally_related_form	00147595
01329239	_derivationally_related_form	10657306
01329239	_derivationally_related_form	04321238
01329239	_derivationally_related_form	04179385
01329239	_derivationally_related_form	00715674
01321002	_derivationally_related_form	13085864
01321002	_derivationally_related_form	00359903
01320009	_derivationally_related_form	13085864
01320009	_derivationally_related_form	03496892
01320009	_derivationally_related_form	01015310
01303242	_derivationally_related_form	02840361
01301410	_derivationally_related_form	13999663
01301410	_derivationally_related_form	03525252
01301051	_derivationally_related_form	10525134
01296462	_derivationally_related_form	00147595
01295275	_derivationally_related_form	00145218
01293389	_derivationally_related_form	10299875
01293389	_derivationally_related_form	07988857
01292885	_derivationally_related_form	13743605
01292885	_derivationally_related_form	07976936
01292885	_derivationally_related_form	04613158
01291069	_derivationally_related_form	00145218
01288052	_derivationally_related_form	04181228
01288052	_derivationally_related_form	03330947
01285440	_derivationally_related_form	02840361
01285440	_derivationally_related_form	00149084
01283208	_derivationally_related_form	04369025
01283208	_derivationally_related_form	03817647
01276361	_derivationally_related_form	08612786
01276361	_derivationally_related_form	06799897
01276361	_derivationally_related_form	00263813
01275762	_derivationally_related_form	04681387
01271658	_derivationally_related_form	04085873
01271189	_derivationally_related_form	03315644
01256157	_derivationally_related_form	10566072
01248191	_derivationally_related_form	02502536
01240432	_derivationally_related_form	00760956
01240210	_derivationally_related_form	02538765
01240210	_derivationally_related_form	00760956
01224744	_derivationally_related_form	10378412
01224744	_derivationally_related_form	03096960
01224744	_derivationally_related_form	00830448
01224744	_derivationally_related_form	00409211
01222666	_derivationally_related_form	01779165
01222477	_derivationally_related_form	01781180
01211699	_derivationally_related_form	10291110
01211699	_derivationally_related_form	00140652
01205827	_derivationally_related_form	00764902
01205156	_derivationally_related_form	02416278
01203715	_derivationally_related_form	10470460
01190884	_derivationally_related_form	00760956
01187810	_derivationally_related_form	02501278
01169194	_derivationally_related_form	06063588
01169194	_derivationally_related_form	00671351
01169194	_derivationally_related_form	00083809
01167146	_derivationally_related_form	02542795
01167146	_derivationally_related_form	01612053
01159964	_derivationally_related_form	01687569
01156899	_derivationally_related_form	01087197
01155421	_derivationally_related_form	03420559
01155421	_derivationally_related_form	03386011
01153548	_derivationally_related_form	02512305
01151407	_derivationally_related_form	00765213
01151110	_derivationally_related_form	00815644
01151097	_derivationally_related_form	01765392
01151097	_derivationally_related_form	00294884
01150559	_derivationally_related_form	08664443
01150559	_derivationally_related_form	05981230
01149494	_derivationally_related_form	13988663
01149494	_derivationally_related_form	07532440
01149480	_derivationally_related_form	01583656
01149480	_derivationally_related_form	01583494
01149480	_derivationally_related_form	00235368
01148614	_derivationally_related_form	00233335
01148283	_derivationally_related_form	13987423
01146039	_derivationally_related_form	02510337
01146039	_derivationally_related_form	00236592
01135529	_derivationally_related_form	02443049
01133281	_derivationally_related_form	02443049
01130607	_derivationally_related_form	08567235
01130607	_derivationally_related_form	04547592
01128655	_derivationally_related_form	02539334
01128655	_derivationally_related_form	00579712
01128390	_derivationally_related_form	02646931
01128071	_derivationally_related_form	04051825
01128071	_derivationally_related_form	02894605
01114303	_derivationally_related_form	09956578
01104406	_derivationally_related_form	09779790
01093587	_derivationally_related_form	09952163
01089137	_derivationally_related_form	08398036
01089137	_derivationally_related_form	03420559
01087197	_derivationally_related_form	05635624
01087197	_derivationally_related_form	04565375
01087197	_derivationally_related_form	03420559
01085474	_derivationally_related_form	04181228
01079604	_derivationally_related_form	00462092
01070892	_derivationally_related_form	00462092
01069391	_derivationally_related_form	00145218
01069190	_derivationally_related_form	00145218
01059400	_derivationally_related_form	04777098
01052853	_derivationally_related_form	01711749
01052853	_derivationally_related_form	01613239
01051331	_derivationally_related_form	02333689
01051331	_derivationally_related_form	01987160
01051331	_derivationally_related_form	01575675
01051331	_derivationally_related_form	01496630
01051331	_derivationally_related_form	00413876
01039330	_derivationally_related_form	06791372
01029852	_derivationally_related_form	07202579
01027263	_derivationally_related_form	04659090
01027263	_derivationally_related_form	00299580
01026262	_derivationally_related_form	04905188
01026262	_derivationally_related_form	04659287
01021128	_derivationally_related_form	05937112
01021128	_derivationally_related_form	05925366
01020936	_derivationally_related_form	01742886
01019524	_derivationally_related_form	01742886
01019524	_derivationally_related_form	01693881
01015310	_derivationally_related_form	01320009
01004062	_derivationally_related_form	06817782
01004062	_derivationally_related_form	04681387
01004062	_derivationally_related_form	03722007
00981276	_derivationally_related_form	13913566
00981276	_derivationally_related_form	03391301
00981276	_derivationally_related_form	00931608
00938419	_derivationally_related_form	01582645
00935940	_derivationally_related_form	10029269
00935940	_derivationally_related_form	01643464
00933566	_derivationally_related_form	05117660
00931608	_derivationally_related_form	00981276
00928077	_derivationally_related_form	01640550
00924612	_derivationally_related_form	06791372
00922438	_derivationally_related_form	06791372
00921790	_derivationally_related_form	01320009
00921738	_derivationally_related_form	06798750
00921738	_derivationally_related_form	03722007
00921738	_derivationally_related_form	03721797
00920778	_derivationally_related_form	00791078
00919513	_derivationally_related_form	01567275
00918820	_derivationally_related_form	01740608
00915722	_derivationally_related_form	01742726
00915722	_derivationally_related_form	01741446
00909899	_derivationally_related_form	01697027
00909363	_derivationally_related_form	07532440
00908772	_derivationally_related_form	01693881
00898804	_derivationally_related_form	01743784
00898804	_derivationally_related_form	01697406
00898804	_derivationally_related_form	01697027
00893955	_derivationally_related_form	00833702
00893955	_derivationally_related_form	00100044
00883611	_derivationally_related_form	00240131
00867231	_derivationally_related_form	06791372
00859325	_derivationally_related_form	04630689
00847340	_derivationally_related_form	01428853
00845523	_derivationally_related_form	02887741
00845523	_derivationally_related_form	01428853
00833702	_derivationally_related_form	00893955
00830448	_derivationally_related_form	01224744
00828237	_derivationally_related_form	00046534
00827379	_derivationally_related_form	01271189
00815644	_derivationally_related_form	01151110
00815644	_derivationally_related_form	01150559
00815320	_derivationally_related_form	02439732
00809465	_derivationally_related_form	10389398
00809465	_derivationally_related_form	10388924
00809465	_derivationally_related_form	02204692
00808182	_derivationally_related_form	00235368
00808182	_derivationally_related_form	00233335
00796047	_derivationally_related_form	07006119
00796047	_derivationally_related_form	06893885
00795008	_derivationally_related_form	02659763
00791227	_derivationally_related_form	14441825
00791227	_derivationally_related_form	02539334
00791078	_derivationally_related_form	00920778
00791078	_derivationally_related_form	00539110
00770141	_derivationally_related_form	07254057
00765213	_derivationally_related_form	09800249
00765213	_derivationally_related_form	01151407
00764902	_derivationally_related_form	13971561
00764902	_derivationally_related_form	07151122
00764902	_derivationally_related_form	01205827
00761713	_derivationally_related_form	07148192
00760956	_derivationally_related_form	09803429
00760956	_derivationally_related_form	09624559
00760956	_derivationally_related_form	07150850
00760956	_derivationally_related_form	07150644
00760956	_derivationally_related_form	01240210
00760956	_derivationally_related_form	01190884
00759551	_derivationally_related_form	01765392
00759551	_derivationally_related_form	00764902
00752335	_derivationally_related_form	10371741
00752335	_derivationally_related_form	10317007
00751887	_derivationally_related_form	09941571
00751887	_derivationally_related_form	09941383
00751887	_derivationally_related_form	09780828
00751887	_derivationally_related_form	05197797
00737399	_derivationally_related_form	02661252
00730301	_derivationally_related_form	08592656
00730301	_derivationally_related_form	08512736
00715674	_derivationally_related_form	01329239
00709625	_derivationally_related_form	09442838
00709625	_derivationally_related_form	05728678
00696882	_derivationally_related_form	00082714
00696518	_derivationally_related_form	02542280
00671351	_derivationally_related_form	01169194
00661213	_derivationally_related_form	05748786
00651991	_derivationally_related_form	07366289
00651991	_derivationally_related_form	07270179
00651991	_derivationally_related_form	05748285
00650353	_derivationally_related_form	10012815
00650353	_derivationally_related_form	07366289
00650353	_derivationally_related_form	05748285
00650353	_derivationally_related_form	04748836
00650016	_derivationally_related_form	10012815
00650016	_derivationally_related_form	05748054
00619972	_derivationally_related_form	04906026
00619972	_derivationally_related_form	02416278
00612160	_derivationally_related_form	02760116
00597634	_derivationally_related_form	10280130
00597634	_derivationally_related_form	05641959
00597385	_derivationally_related_form	10280130
00597385	_derivationally_related_form	05641959
00595146	_derivationally_related_form	10298912
00595146	_derivationally_related_form	10298647
00595146	_derivationally_related_form	10280130
00595146	_derivationally_related_form	10164233
00594836	_derivationally_related_form	09931640
00590626	_derivationally_related_form	09941964
00590626	_derivationally_related_form	09941571
00590626	_derivationally_related_form	09941383
00590626	_derivationally_related_form	09780828
00589769	_derivationally_related_form	10298912
00579712	_derivationally_related_form	01128655
00552841	_derivationally_related_form	02700104
00539110	_derivationally_related_form	00791078
00527572	_derivationally_related_form	13491060
00527367	_derivationally_related_form	01159964
00521562	_derivationally_related_form	01711445
00521562	_derivationally_related_form	01688771
00508192	_derivationally_related_form	04714440
00508032	_derivationally_related_form	06798750
00483181	_derivationally_related_form	13969243
00483181	_derivationally_related_form	10160412
00482893	_derivationally_related_form	07177437
00482893	_derivationally_related_form	05755486
00482893	_derivationally_related_form	00185104
00482473	_derivationally_related_form	13969243
00476819	_derivationally_related_form	14445379
00462092	_derivationally_related_form	10668450
00462092	_derivationally_related_form	04361641
00462092	_derivationally_related_form	01079604
00462092	_derivationally_related_form	01070892
00462092	_derivationally_related_form	00201923
00462092	_derivationally_related_form	00089027
00456740	_derivationally_related_form	05696020
00456596	_derivationally_related_form	05696020
00445467	_derivationally_related_form	14480772
00445169	_derivationally_related_form	15046900
00445169	_derivationally_related_form	14480772
00445169	_derivationally_related_form	13491060
00444519	_derivationally_related_form	05085572
00443384	_derivationally_related_form	14110411
00443116	_derivationally_related_form	14110411
00443116	_derivationally_related_form	13491060
00442669	_derivationally_related_form	13491060
00442669	_derivationally_related_form	13451508
00441445	_derivationally_related_form	07355887
00432683	_derivationally_related_form	05111835
00431826	_derivationally_related_form	13470491
00431826	_derivationally_related_form	13457378
00429060	_derivationally_related_form	00353782
00429060	_derivationally_related_form	00351638
00413876	_derivationally_related_form	01051331
00411384	_derivationally_related_form	02416278
00410247	_derivationally_related_form	01834304
00409211	_derivationally_related_form	02443849
00409211	_derivationally_related_form	01510827
00409211	_derivationally_related_form	01224744
00364479	_derivationally_related_form	07537068
00362467	_derivationally_related_form	04630689
00359903	_derivationally_related_form	01321002
00359903	_derivationally_related_form	00429060
00355547	_derivationally_related_form	00064095
00355252	_derivationally_related_form	00290740
00354884	_derivationally_related_form	01815185
00354884	_derivationally_related_form	00082308
00354884	_derivationally_related_form	00064095
00353782	_derivationally_related_form	00429060
00351638	_derivationally_related_form	00429060
00351638	_derivationally_related_form	00240131
00351638	_derivationally_related_form	00151689
00327824	_derivationally_related_form	01876907
00321956	_derivationally_related_form	01580467
00321956	_derivationally_related_form	00187526
00320852	_derivationally_related_form	02502536
00320852	_derivationally_related_form	01421622
00320852	_derivationally_related_form	01389776
00320852	_derivationally_related_form	00187526
00300537	_derivationally_related_form	04930307
00299580	_derivationally_related_form	05755486
00299580	_derivationally_related_form	00046109
00294884	_derivationally_related_form	13970764
00294884	_derivationally_related_form	01151097
00290740	_derivationally_related_form	00355252
00290740	_derivationally_related_form	00351638
00267349	_derivationally_related_form	02357693
00267349	_derivationally_related_form	01590171
00267349	_derivationally_related_form	00262703
00266806	_derivationally_related_form	00260648
00263813	_derivationally_related_form	01582645
00262703	_derivationally_related_form	03745285
00262703	_derivationally_related_form	00267349
00261705	_derivationally_related_form	03932203
00260648	_derivationally_related_form	00266806
00252019	_derivationally_related_form	13489037
00245457	_derivationally_related_form	09779790
00241038	_derivationally_related_form	00351638
00240131	_derivationally_related_form	00883611
00236592	_derivationally_related_form	01146039
00236592	_derivationally_related_form	00808182
00236289	_derivationally_related_form	04181228
00235368	_derivationally_related_form	15224293
00235368	_derivationally_related_form	05162455
00235368	_derivationally_related_form	00808182
00233335	_derivationally_related_form	13903079
00233335	_derivationally_related_form	08512259
00233335	_derivationally_related_form	05846355
00233335	_derivationally_related_form	05162455
00233335	_derivationally_related_form	04181228
00233335	_derivationally_related_form	03669886
00233335	_derivationally_related_form	02003725
00233335	_derivationally_related_form	01148614
00233335	_derivationally_related_form	00808182
00231557	_derivationally_related_form	13489037
00224901	_derivationally_related_form	09476521
00224901	_derivationally_related_form	00362355
00201923	_derivationally_related_form	00462092
00194969	_derivationally_related_form	02661252
00188466	_derivationally_related_form	03573282
00187526	_derivationally_related_form	06473381
00187526	_derivationally_related_form	03573282
00187526	_derivationally_related_form	00321956
00187526	_derivationally_related_form	00320852
00185104	_derivationally_related_form	00482893
00185104	_derivationally_related_form	00482473
00155487	_derivationally_related_form	02695895
00155487	_derivationally_related_form	02694933
00155487	_derivationally_related_form	02509919
00155487	_derivationally_related_form	02286204
00155487	_derivationally_related_form	01711749
00152887	_derivationally_related_form	07355887
00151689	_derivationally_related_form	13458571
00151689	_derivationally_related_form	13457378
00151689	_derivationally_related_form	07355887
00151689	_derivationally_related_form	05111835
00151689	_derivationally_related_form	05109808
00151689	_derivationally_related_form	00351638
00150287	_derivationally_related_form	09957614
00150287	_derivationally_related_form	07369604
00150287	_derivationally_related_form	01027263
00149084	_derivationally_related_form	00083334
00148978	_derivationally_related_form	01354673
00147595	_derivationally_related_form	01296462
00145218	_derivationally_related_form	02622234
00145218	_derivationally_related_form	01295275
00145218	_derivationally_related_form	01069391
00140652	_derivationally_related_form	01211699
00119873	_derivationally_related_form	10341660
00119524	_derivationally_related_form	13559782
00119524	_derivationally_related_form	04748836
00119266	_derivationally_related_form	13559782
00119074	_derivationally_related_form	07366289
00119074	_derivationally_related_form	04748836
00089027	_derivationally_related_form	02496816
00089027	_derivationally_related_form	02272549
00089027	_derivationally_related_form	01114303
00088481	_derivationally_related_form	02272549
00084230	_derivationally_related_form	06043075
00083809	_derivationally_related_form	01169194
00083809	_derivationally_related_form	00671351
00083334	_derivationally_related_form	00149084
00083124	_derivationally_related_form	02785648
00082308	_derivationally_related_form	14445379
00082308	_derivationally_related_form	04033995
00082308	_derivationally_related_form	03075768
00082308	_derivationally_related_form	00354884
00064095	_derivationally_related_form	09784443
00064095	_derivationally_related_form	07493280
00064095	_derivationally_related_form	03879854
00064095	_derivationally_related_form	00355547
00064095	_derivationally_related_form	00354884
00052374	_derivationally_related_form	02539359
00052043	_derivationally_related_form	03051540
00050652	_derivationally_related_form	03051540
00049197	_derivationally_related_form	03051540
00047945	_derivationally_related_form	03051540
00047945	_derivationally_related_form	02728440
00047945	_derivationally_related_form	00828237
00047317	_derivationally_related_form	00795008
00046534	_derivationally_related_form	02728440
00046534	_derivationally_related_form	00828237
00046109	_derivationally_related_form	00299580
00046109	_derivationally_related_form	00150287
00043683	_derivationally_related_form	02728440
00040962	_derivationally_related_form	13928668
00040962	_derivationally_related_form	02458103
00017222	_derivationally_related_form	01567275
02703952	_also_see	02710673
02564986	_also_see	01930512
02506555	_also_see	02064745
02451113	_also_see	02388145
02451113	_also_see	01612053
02451113	_also_see	01474513
02451113	_also_see	00696518
02388145	_also_see	02451113
02095311	_also_see	01059400
02064745	_also_see	02506555
02064745	_also_see	00508192
01922763	_also_see	01740892
01922763	_also_see	00087152
01785748	_also_see	01779165
01612053	_also_see	01474513
01612053	_also_see	01123148
01612053	_also_see	00788821
01531375	_also_see	01508719
01508719	_also_see	01531375
01474513	_also_see	02451113
01474513	_also_see	00696518
01410363	_also_see	02064745
01389942	_also_see	01130607
01368192	_also_see	01364008
01366718	_also_see	01148283
01364008	_also_see	01368192
01364008	_also_see	01149494
01363613	_also_see	01366718
01363613	_also_see	01148283
01286913	_also_see	01285440
01195536	_also_see	00619972
01149494	_also_see	01368192
01149494	_also_see	01364008
01149494	_also_see	00364479
01148283	_also_see	01366718
01148283	_also_see	00999817
01148283	_also_see	00588797
01148283	_also_see	00362467
01123148	_also_see	01612053
00909363	_also_see	01149494
00788821	_also_see	01612053
00764902	_also_see	00262703
00696518	_also_see	02451113
00696518	_also_see	01612053
00696518	_also_see	01474513
00619972	_also_see	01195536
00589624	_also_see	01149494
00588797	_also_see	01148283
00508192	_also_see	02064745
00364479	_also_see	01368192
00364479	_also_see	01149494
00234725	_also_see	00508032
00087152	_also_see	01922763
00044149	_also_see	00046534
02703952	_hypernym	02710673
02564986	_hypernym	01930512
02506555	_hypernym	02064745
02451113	_hypernym	02388145
02451113	_hypernym	01612053
02451113	_hypernym	01474513
02451113	_hypernym	00696518
02388145	_hypernym	02451113
02095311	_hypernym	01059400
02064745	_hypernym	02506555
02064745	_hypernym	00508192
01922763	_hypernym	01740892
01922763	_hypernym	00087152
01785748	_hypernym	01779165
01612053	_hypernym	01474513
01612053	_hypernym	01123148
01612053	_hypernym	00788821
01531375	_hypernym	01508719
01508719	_hypernym	01531375
01474513	_hypernym	02451113
01474513	_hypernym	00696518
01410363	_hypernym	02064745
01389942	_hypernym	01130607
01368192	_hypernym	01364008
01366718	_hypernym	01148283
01364008	_hypernym	01368192
01364008	_hypernym	01149494
01363613	_hypernym	01366718
01363613	_hypernym	01148283
01286913	_hypernym	01285440
01195536	_hypernym	00619972
01149494	_hypernym	01368192
01149494	_hypernym	01364008
01149494	_hypernym	00364479
01148283	_hypernym	01366718
01148283	_hypernym	00999817
01148283	_hypernym	00588797
01148283	_hypernym	00362467
01123148	_hypernym	01612053
00909363	_hypernym	01149494
00788821	_hypernym	01612053
00764902	_hypernym	00262703
00696518	_hypernym	02451113
00696518	_hypernym	01612053
00696518	_hypernym	01474513
00619972	_hypernym	01195536
00589624	_hypernym	01149494
00588797	_hypernym	01148283
00508192	_hypernym	02064745
00364479	_hypernym	01368192
00364479	_hypernym	01149494
00234725	_hypernym	00508032
00087152	_hypernym	01922763
00044149	_hypernym	00046534
02700104	_hypernym	02657219
02657219	_hypernym	02700104
02416751	_hypernym	02416278
02416278	_hypernym	02416751
02389592	_hypernym	02389346
02389346	_hypernym	02389592
01877204	_hypernym	01876907
01876907	_hypernym	01877204
01690294	_hypernym	01582645
01643464	_hypernym	01582645
01588493	_hypernym	00508032
01582645	_hypernym	01690294
01582645	_hypernym	01643464
01224744	_hypernym	00597385
00921738	_hypernym	00651991
00651991	_hypernym	00921738
00597385	_hypernym	01224744
00508032	_hypernym	01588493
00443384	_hypernym	00443116
00443116	_hypernym	00443384
00047945	_hypernym	00046534
00046534	_hypernym	00047945
00046534	_hypernym	00044797
00044797	_hypernym	00046534
00044797	_hypernym	00044149
00044149	_hypernym	00044797
00915722	_derivationally_related_form	00916464
15236475	_derivationally_related_form	00921790
15046900	_derivationally_related_form	07555863
14479615	_derivationally_related_form	14480772
14441825	_derivationally_related_form	14442530
13998576	_derivationally_related_form	13998781
13996300	_derivationally_related_form	13998576
13970236	_derivationally_related_form	13971561
13969243	_derivationally_related_form	13969700
13937554	_derivationally_related_form	14413644
13928668	_derivationally_related_form	13996300
13927383	_derivationally_related_form	13937554
13903079	_derivationally_related_form	13903387
13863771	_derivationally_related_form	13903079
13743269	_derivationally_related_form	13743605
13741022	_derivationally_related_form	13743269
13491060	_derivationally_related_form	13451508
13489037	_derivationally_related_form	13454318
13458571	_derivationally_related_form	13457378
13427078	_derivationally_related_form	13559782
13320168	_derivationally_related_form	13321495
11414874	_derivationally_related_form	11415084
10676877	_derivationally_related_form	10388732
10582746	_derivationally_related_form	09780828
10525134	_derivationally_related_form	10678472
10522324	_derivationally_related_form	10419047
10474645	_derivationally_related_form	10164233
10389398	_derivationally_related_form	10180178
10351874	_derivationally_related_form	09624559
10351281	_derivationally_related_form	10584318
10351281	_derivationally_related_form	10120816
10317007	_derivationally_related_form	09942970
10317007	_derivationally_related_form	09941964
10294602	_derivationally_related_form	10371741
10249459	_derivationally_related_form	10448983
10245639	_derivationally_related_form	09758781
10180178	_derivationally_related_form	10245639
10120816	_derivationally_related_form	10657306
10079399	_derivationally_related_form	10161363
10079399	_derivationally_related_form	10132641
10079399	_derivationally_related_form	10079210
10078806	_derivationally_related_form	09779790
10054657	_derivationally_related_form	10298647
09974648	_derivationally_related_form	10155849
09952163	_derivationally_related_form	09800249
09943541	_derivationally_related_form	09941571
09942970	_derivationally_related_form	09943541
09882716	_derivationally_related_form	09882007
09882007	_derivationally_related_form	10388924
09816771	_derivationally_related_form	09935434
09812338	_derivationally_related_form	10566072
09812338	_derivationally_related_form	10280130
09812338	_derivationally_related_form	10029068
09626238	_derivationally_related_form	09816771
09624559	_derivationally_related_form	10160412
09624559	_derivationally_related_form	09952163
09609232	_derivationally_related_form	09882716
09366317	_derivationally_related_form	09303008
09303008	_derivationally_related_form	09326662
08664443	_derivationally_related_form	08688247
08645963	_derivationally_related_form	08677628
08630985	_derivationally_related_form	08574314
08630985	_derivationally_related_form	08552138
08630985	_derivationally_related_form	08497294
08630039	_derivationally_related_form	08568978
08620061	_derivationally_related_form	08664443
08620061	_derivationally_related_form	08620763
08592656	_derivationally_related_form	03264542
08574314	_derivationally_related_form	08567235
08568978	_derivationally_related_form	08512259
08566028	_derivationally_related_form	02845576
08552138	_derivationally_related_form	08513163
08512259	_derivationally_related_form	08612786
08512259	_derivationally_related_form	08592656
08512259	_derivationally_related_form	08565701
08512259	_derivationally_related_form	08512736
08497294	_derivationally_related_form	08645963
08436759	_derivationally_related_form	08438067
07996689	_derivationally_related_form	07985223
07975026	_derivationally_related_form	07976936
07970406	_derivationally_related_form	07988857
07555863	_derivationally_related_form	07705711
07519253	_derivationally_related_form	07520612
07515560	_derivationally_related_form	07515790
07514968	_derivationally_related_form	07515560
07355887	_derivationally_related_form	07423001
07337390	_derivationally_related_form	07366289
07253637	_derivationally_related_form	07254057
07150644	_derivationally_related_form	07151122
07150644	_derivationally_related_form	07150850
07148192	_derivationally_related_form	07150644
07006119	_derivationally_related_form	07006712
06998748	_derivationally_related_form	07003119
06891493	_derivationally_related_form	06893885
06873252	_derivationally_related_form	06998748
06806469	_derivationally_related_form	07270179
06798750	_derivationally_related_form	06799897
06791372	_derivationally_related_form	06806469
06773434	_derivationally_related_form	06773976
06709533	_derivationally_related_form	07253637
06520944	_derivationally_related_form	06526291
06153846	_derivationally_related_form	06157326
06003682	_derivationally_related_form	06004685
05980875	_derivationally_related_form	05981230
05925366	_derivationally_related_form	05938795
05849040	_derivationally_related_form	05849789
05750163	_derivationally_related_form	05750657
05749619	_derivationally_related_form	05750163
05748285	_derivationally_related_form	05748786
05748054	_derivationally_related_form	05749619
05640433	_derivationally_related_form	05641959
05196582	_derivationally_related_form	05198036
05196582	_derivationally_related_form	05197797
05196375	_derivationally_related_form	05196582
05161614	_derivationally_related_form	05162455
05109808	_derivationally_related_form	05111835
05107765	_derivationally_related_form	05109808
05093890	_derivationally_related_form	05117660
05090441	_derivationally_related_form	05107765
05084201	_derivationally_related_form	05085572
05074774	_derivationally_related_form	05075602
04928903	_derivationally_related_form	04930307
04916342	_derivationally_related_form	05093890
04916342	_derivationally_related_form	05090441
04916342	_derivationally_related_form	04928903
04910135	_derivationally_related_form	04910973
04905188	_derivationally_related_form	04906026
04905188	_derivationally_related_form	04905842
04802629	_derivationally_related_form	04802776
04776699	_derivationally_related_form	04777098
04750164	_derivationally_related_form	04750764
04748836	_derivationally_related_form	04750164
04731497	_derivationally_related_form	04714440
04731497	_derivationally_related_form	04712735
04712735	_derivationally_related_form	04713428
04712735	_derivationally_related_form	04713332
04712735	_derivationally_related_form	04713118
04659090	_derivationally_related_form	04659287
04640927	_derivationally_related_form	04641153
04623612	_derivationally_related_form	04644512
04623612	_derivationally_related_form	04640927
04623612	_derivationally_related_form	04639113
04608567	_derivationally_related_form	03722007
04602044	_derivationally_related_form	03322099
04596852	_derivationally_related_form	03817647
04377057	_derivationally_related_form	03533486
04295081	_derivationally_related_form	04612840
04181228	_derivationally_related_form	03330947
04179385	_derivationally_related_form	04321238
04179385	_derivationally_related_form	03745285
04157320	_derivationally_related_form	03779621
03961939	_derivationally_related_form	04296562
03958097	_derivationally_related_form	04157320
03852280	_derivationally_related_form	04272054
03792048	_derivationally_related_form	03282060
03763403	_derivationally_related_form	03420559
03738241	_derivationally_related_form	03674440
03670849	_derivationally_related_form	03106110
03605915	_derivationally_related_form	03600977
03600977	_derivationally_related_form	04160372
03574816	_derivationally_related_form	04565375
03574816	_derivationally_related_form	03852280
03563967	_derivationally_related_form	04608567
03430959	_derivationally_related_form	04295081
03385557	_derivationally_related_form	03878963
03322940	_derivationally_related_form	03496892
03322940	_derivationally_related_form	03146846
03315644	_derivationally_related_form	04085873
03309808	_derivationally_related_form	03932670
03282060	_derivationally_related_form	04051825
03264542	_derivationally_related_form	03513627
03264542	_derivationally_related_form	02875013
03257343	_derivationally_related_form	03728811
03237639	_derivationally_related_form	02785648
03234306	_derivationally_related_form	03173524
03171356	_derivationally_related_form	03386011
03171356	_derivationally_related_form	03385557
03169390	_derivationally_related_form	03178782
03106110	_derivationally_related_form	04433185
03104594	_derivationally_related_form	03257343
03104594	_derivationally_related_form	02979662
03093574	_derivationally_related_form	03051540
03091374	_derivationally_related_form	04613158
03091374	_derivationally_related_form	03605915
03051540	_derivationally_related_form	04596852
03051540	_derivationally_related_form	02728440
02820210	_derivationally_related_form	04033995
02799897	_derivationally_related_form	03792334
02785648	_derivationally_related_form	04369025
02743547	_derivationally_related_form	03958097
02711114	_derivationally_related_form	02710673
02700104	_derivationally_related_form	02700455
02667900	_derivationally_related_form	02702830
02664769	_derivationally_related_form	02657219
02659763	_derivationally_related_form	02660147
02657219	_derivationally_related_form	02700104
02657219	_derivationally_related_form	02667900
02630189	_derivationally_related_form	00047745
02612368	_derivationally_related_form	01465365
02542795	_derivationally_related_form	02542280
02513460	_derivationally_related_form	01085474
02512305	_derivationally_related_form	02513460
02510337	_derivationally_related_form	02509287
02510337	_derivationally_related_form	00462092
02510337	_derivationally_related_form	00233335
02509287	_derivationally_related_form	02509919
02458103	_derivationally_related_form	02389592
02431971	_derivationally_related_form	02443049
02374149	_derivationally_related_form	02389346
02274482	_derivationally_related_form	02272549
02023341	_derivationally_related_form	02023992
01819554	_derivationally_related_form	01785748
01819147	_derivationally_related_form	01819554
01813884	_derivationally_related_form	00859153
01780941	_derivationally_related_form	01781983
01780202	_derivationally_related_form	01782218
01779165	_derivationally_related_form	01781180
01779165	_derivationally_related_form	01780941
01742886	_derivationally_related_form	01743784
01742726	_derivationally_related_form	01739814
01736822	_derivationally_related_form	01742886
01736822	_derivationally_related_form	01735308
01711445	_derivationally_related_form	01711749
01690294	_derivationally_related_form	01689379
01666327	_derivationally_related_form	01667304
01647672	_derivationally_related_form	01647867
01640550	_derivationally_related_form	01666717
01582645	_derivationally_related_form	01583656
01582645	_derivationally_related_form	01583494
01421622	_derivationally_related_form	01421122
01354673	_derivationally_related_form	01296462
01354673	_derivationally_related_form	01295275
01340439	_derivationally_related_form	01329239
01340439	_derivationally_related_form	01285440
01301410	_derivationally_related_form	01288052
01301410	_derivationally_related_form	01286913
01296462	_derivationally_related_form	01588493
01296462	_derivationally_related_form	01492052
01296462	_derivationally_related_form	01340439
01295275	_derivationally_related_form	01656788
01295275	_derivationally_related_form	01293389
01295275	_derivationally_related_form	01292885
01295275	_derivationally_related_form	01069391
01291069	_derivationally_related_form	01667449
01291069	_derivationally_related_form	01590171
01291069	_derivationally_related_form	01428853
01275762	_derivationally_related_form	01276361
01256157	_derivationally_related_form	01551871
01240210	_derivationally_related_form	01240432
01222477	_derivationally_related_form	01222666
01221611	_derivationally_related_form	01222477
01211699	_derivationally_related_form	01224744
01202904	_derivationally_related_form	01205827
01202904	_derivationally_related_form	01205156
01181475	_derivationally_related_form	01187810
01162754	_derivationally_related_form	01203715
01159776	_derivationally_related_form	01159964
01151110	_derivationally_related_form	01150559
01150938	_derivationally_related_form	01151407
01150938	_derivationally_related_form	01151097
01148614	_derivationally_related_form	01149480
01133281	_derivationally_related_form	01135529
01128390	_derivationally_related_form	01128655
01127623	_derivationally_related_form	01148283
01088923	_derivationally_related_form	02333689
01088923	_derivationally_related_form	01155421
01051331	_derivationally_related_form	01052853
01000214	_derivationally_related_form	01004062
00935940	_derivationally_related_form	00938419
00935005	_derivationally_related_form	00714944
00921738	_derivationally_related_form	00922438
00916464	_derivationally_related_form	00919513
00916464	_derivationally_related_form	00917211
00915722	_derivationally_related_form	00918820
00914632	_derivationally_related_form	13085864
00913705	_derivationally_related_form	00914632
00908909	_derivationally_related_form	00909899
00898518	_derivationally_related_form	00898804
00815320	_derivationally_related_form	00815644
00791078	_derivationally_related_form	00795008
00764902	_derivationally_related_form	01093587
00764902	_derivationally_related_form	00765213
00761713	_derivationally_related_form	00760956
00737188	_derivationally_related_form	00737399
00714944	_derivationally_related_form	00715674
00709379	_derivationally_related_form	00709625
00650353	_derivationally_related_form	02512305
00650353	_derivationally_related_form	00661213
00650353	_derivationally_related_form	00650016
00610373	_derivationally_related_form	00612160
00595935	_derivationally_related_form	00597634
00595935	_derivationally_related_form	00597385
00520257	_derivationally_related_form	00521562
00512186	_derivationally_related_form	01301410
00508032	_derivationally_related_form	01582645
00483181	_derivationally_related_form	00482893
00445169	_derivationally_related_form	00442669
00441445	_derivationally_related_form	00429968
00441445	_derivationally_related_form	00290740
00441445	_derivationally_related_form	00241038
00441445	_derivationally_related_form	00235368
00431826	_derivationally_related_form	00432683
00410247	_derivationally_related_form	00411384
00406243	_derivationally_related_form	01741446
00404403	_derivationally_related_form	00406365
00354884	_derivationally_related_form	00355547
00351638	_derivationally_related_form	00362355
00351638	_derivationally_related_form	00355252
00351638	_derivationally_related_form	00354884
00351638	_derivationally_related_form	00353782
00351485	_derivationally_related_form	00351638
00320852	_derivationally_related_form	00321956
00296178	_derivationally_related_form	00456740
00260648	_derivationally_related_form	00262703
00260648	_derivationally_related_form	00261705
00253761	_derivationally_related_form	02553697
00253761	_derivationally_related_form	00245457
00252019	_derivationally_related_form	00231557
00252019	_derivationally_related_form	00119524
00241038	_derivationally_related_form	00240131
00235368	_derivationally_related_form	00730301
00235368	_derivationally_related_form	00236592
00233335	_derivationally_related_form	01301051
00233335	_derivationally_related_form	00236289
00233335	_derivationally_related_form	00234725
00230746	_derivationally_related_form	00252019
00224901	_derivationally_related_form	00294884
00212414	_derivationally_related_form	00527572
00187526	_derivationally_related_form	00188466
00170844	_derivationally_related_form	00169651
00169651	_derivationally_related_form	00151689
00151689	_derivationally_related_form	00431826
00151689	_derivationally_related_form	00152887
00150287	_derivationally_related_form	02542795
00150287	_derivationally_related_form	00456596
00147595	_derivationally_related_form	00149084
00147595	_derivationally_related_form	00148978
00145218	_derivationally_related_form	00147595
00088481	_derivationally_related_form	00089027
00083124	_derivationally_related_form	00083334
00082714	_derivationally_related_form	00083124
00064095	_derivationally_related_form	00082308
00059552	_derivationally_related_form	00170844
00050652	_derivationally_related_form	00047317
00049003	_derivationally_related_form	01248191
00047945	_derivationally_related_form	00052043
00047945	_derivationally_related_form	00049197
00046534	_derivationally_related_form	00044797
00046534	_derivationally_related_form	00044149
00044673	_derivationally_related_form	00185104
00044149	_derivationally_related_form	00043683
00041899	_derivationally_related_form	00088481
00040804	_derivationally_related_form	00040962
00040152	_derivationally_related_form	00040804
00039021	_derivationally_related_form	00040152
00032613	_derivationally_related_form	13244109
00027807	_derivationally_related_form	13863771
00027807	_derivationally_related_form	13860793
15224293	_synset_domain_topic_of	00235368
15046900	_synset_domain_topic_of	00445169
14480772	_synset_domain_topic_of	00445467
14480772	_synset_domain_topic_of	00445169
14445379	_synset_domain_topic_of	00476819
14442530	_synset_domain_topic_of	10678662
14442530	_synset_domain_topic_of	02539334
14441825	_synset_domain_topic_of	00791227
14413644	_synset_domain_topic_of	02513460
14110411	_synset_domain_topic_of	00443384
13999663	_synset_domain_topic_of	01301410
13996300	_synset_domain_topic_of	02496816
13988663	_synset_domain_topic_of	01149494
13987423	_synset_domain_topic_of	01148283
13971561	_synset_domain_topic_of	01765392
13970764	_synset_domain_topic_of	00294884
13969243	_synset_domain_topic_of	02700104
13969243	_synset_domain_topic_of	00483181
13969243	_synset_domain_topic_of	00482473
13913566	_synset_domain_topic_of	02144644
13913566	_synset_domain_topic_of	01697027
13913566	_synset_domain_topic_of	01662771
13913566	_synset_domain_topic_of	00981276
13792692	_synset_domain_topic_of	01492052
13792692	_synset_domain_topic_of	01354673
13743605	_synset_domain_topic_of	01465365
13743605	_synset_domain_topic_of	01292885
13559782	_synset_domain_topic_of	00119524
13559782	_synset_domain_topic_of	00119266
13491060	_synset_domain_topic_of	00527572
13491060	_synset_domain_topic_of	00445169
13491060	_synset_domain_topic_of	00443116
13491060	_synset_domain_topic_of	00442669
13489037	_synset_domain_topic_of	00231557
13470491	_synset_domain_topic_of	00431826
13457378	_synset_domain_topic_of	00431826
13457378	_synset_domain_topic_of	00151689
13451508	_synset_domain_topic_of	00442669
13321495	_synset_domain_topic_of	02502536
13240514	_synset_domain_topic_of	10389398
13085864	_synset_domain_topic_of	01321002
13085864	_synset_domain_topic_of	01320009
11415084	_synset_domain_topic_of	02661252
10689564	_synset_domain_topic_of	01666717
10689564	_synset_domain_topic_of	01666327
10678662	_synset_domain_topic_of	14442530
10668450	_synset_domain_topic_of	00462092
10645611	_synset_domain_topic_of	01648126
10640620	_synset_domain_topic_of	01428853
10584318	_synset_domain_topic_of	01666327
10525134	_synset_domain_topic_of	02441022
10470460	_synset_domain_topic_of	01203715
10419047	_synset_domain_topic_of	02661252
10402417	_synset_domain_topic_of	08060694
10402417	_synset_domain_topic_of	06526291
10389398	_synset_domain_topic_of	13240514
10389398	_synset_domain_topic_of	02204692
10388924	_synset_domain_topic_of	02204692
10388924	_synset_domain_topic_of	00809465
10378780	_synset_domain_topic_of	02443849
10371741	_synset_domain_topic_of	00752335
10341660	_synset_domain_topic_of	02987454
10341660	_synset_domain_topic_of	02987177
10341660	_synset_domain_topic_of	00119873
10317007	_synset_domain_topic_of	00752335
10299875	_synset_domain_topic_of	01293389
10298912	_synset_domain_topic_of	02447001
10298912	_synset_domain_topic_of	00595146
10298912	_synset_domain_topic_of	00589769
10298647	_synset_domain_topic_of	00595146
10291110	_synset_domain_topic_of	01211699
10280130	_synset_domain_topic_of	00597634
10280130	_synset_domain_topic_of	00597385
10280130	_synset_domain_topic_of	00595146
10213034	_synset_domain_topic_of	02538765
10164233	_synset_domain_topic_of	00595146
10160412	_synset_domain_topic_of	00483181
10155849	_synset_domain_topic_of	05750163
10155849	_synset_domain_topic_of	05256862
10155849	_synset_domain_topic_of	04928903
10155849	_synset_domain_topic_of	01666894
10080337	_synset_domain_topic_of	01340439
10079210	_synset_domain_topic_of	10078806
10078806	_synset_domain_topic_of	10079210
10078806	_synset_domain_topic_of	01739814
10029269	_synset_domain_topic_of	00935940
10029068	_synset_domain_topic_of	01690294
10029068	_synset_domain_topic_of	01643464
10012815	_synset_domain_topic_of	00650016
09972157	_synset_domain_topic_of	01753596
09964805	_synset_domain_topic_of	01693881
09953178	_synset_domain_topic_of	02553697
09952163	_synset_domain_topic_of	01765392
09952163	_synset_domain_topic_of	01647867
09952163	_synset_domain_topic_of	01093587
09941964	_synset_domain_topic_of	02441022
09941571	_synset_domain_topic_of	02441022
09941571	_synset_domain_topic_of	00751887
09941383	_synset_domain_topic_of	00751887
09941383	_synset_domain_topic_of	00590626
09935434	_synset_domain_topic_of	08060694
09935434	_synset_domain_topic_of	06526291
09935434	_synset_domain_topic_of	02416278
09931640	_synset_domain_topic_of	02443049
09931640	_synset_domain_topic_of	01804414
09816771	_synset_domain_topic_of	02470175
09803429	_synset_domain_topic_of	00760956
09784443	_synset_domain_topic_of	00064095
09780828	_synset_domain_topic_of	00751887
09779790	_synset_domain_topic_of	01739814
09779790	_synset_domain_topic_of	01104406
09779790	_synset_domain_topic_of	00245457
09625401	_synset_domain_topic_of	02496816
09624559	_synset_domain_topic_of	00760956
09442838	_synset_domain_topic_of	00709625
09326662	_synset_domain_topic_of	01660386
09303008	_synset_domain_topic_of	01660640
09260907	_synset_domain_topic_of	01740608
08688247	_synset_domain_topic_of	02512150
08677628	_synset_domain_topic_of	02695895
08622950	_synset_domain_topic_of	02694933
08620763	_synset_domain_topic_of	01466978
08612786	_synset_domain_topic_of	01689379
08612786	_synset_domain_topic_of	01276361
08567235	_synset_domain_topic_of	01130607
08565701	_synset_domain_topic_of	02710673
08565701	_synset_domain_topic_of	01466978
08552138	_synset_domain_topic_of	02812482
08513163	_synset_domain_topic_of	01466978
08512736	_synset_domain_topic_of	02710673
08512736	_synset_domain_topic_of	01467370
08512736	_synset_domain_topic_of	01466978
08512259	_synset_domain_topic_of	02710673
08493064	_synset_domain_topic_of	02812482
08438067	_synset_domain_topic_of	01739814
08398036	_synset_domain_topic_of	01089137
08060694	_synset_domain_topic_of	10402417
08060694	_synset_domain_topic_of	09935434
07988857	_synset_domain_topic_of	01293389
07976936	_synset_domain_topic_of	01428853
07976936	_synset_domain_topic_of	01292885
07705711	_synset_domain_topic_of	01739814
07537259	_synset_domain_topic_of	01785748
07537068	_synset_domain_topic_of	00364479
07532440	_synset_domain_topic_of	01149494
07532440	_synset_domain_topic_of	00909363
07529563	_synset_domain_topic_of	01813884
07520612	_synset_domain_topic_of	02506361
07520612	_synset_domain_topic_of	01782218
07520612	_synset_domain_topic_of	01781983
07520612	_synset_domain_topic_of	01780941
07519253	_synset_domain_topic_of	01779165
07493280	_synset_domain_topic_of	00064095
07369604	_synset_domain_topic_of	02702830
07369604	_synset_domain_topic_of	00150287
07366627	_synset_domain_topic_of	02661252
07366289	_synset_domain_topic_of	00651991
07366289	_synset_domain_topic_of	00650353
07366289	_synset_domain_topic_of	00119074
07355887	_synset_domain_topic_of	00441445
07355887	_synset_domain_topic_of	00152887
07355887	_synset_domain_topic_of	00151689
07346057	_synset_domain_topic_of	01877204
07338114	_synset_domain_topic_of	01510827
07270179	_synset_domain_topic_of	01588493
07254057	_synset_domain_topic_of	01819554
07254057	_synset_domain_topic_of	01781180
07254057	_synset_domain_topic_of	00770141
07202579	_synset_domain_topic_of	01588493
07202579	_synset_domain_topic_of	01029852
07177437	_synset_domain_topic_of	00482893
07150850	_synset_domain_topic_of	00760956
07150644	_synset_domain_topic_of	00760956
07006712	_synset_domain_topic_of	01711445
07006119	_synset_domain_topic_of	00796047
07003119	_synset_domain_topic_of	01690294
07003119	_synset_domain_topic_of	01643464
06893885	_synset_domain_topic_of	01719302
06893885	_synset_domain_topic_of	01711445
06817782	_synset_domain_topic_of	01004062
06806469	_synset_domain_topic_of	02806907
06799897	_synset_domain_topic_of	01582645
06799897	_synset_domain_topic_of	01276361
06798750	_synset_domain_topic_of	00921738
06798750	_synset_domain_topic_of	00508032
06791372	_synset_domain_topic_of	01039330
06791372	_synset_domain_topic_of	00922438
06791372	_synset_domain_topic_of	00867231
06773976	_synset_domain_topic_of	01647867
06661562	_synset_domain_topic_of	02538765
06526291	_synset_domain_topic_of	10402417
06526291	_synset_domain_topic_of	09935434
06473381	_synset_domain_topic_of	00187526
06063588	_synset_domain_topic_of	01169194
06022291	_synset_domain_topic_of	02661252
05981230	_synset_domain_topic_of	01150559
05938795	_synset_domain_topic_of	01743784
05937112	_synset_domain_topic_of	01743784
05937112	_synset_domain_topic_of	01021128
05925366	_synset_domain_topic_of	01021128
05890249	_synset_domain_topic_of	01743784
05755486	_synset_domain_topic_of	00482893
05750163	_synset_domain_topic_of	10155849
05750163	_synset_domain_topic_of	01687569
05749619	_synset_domain_topic_of	02868326
05748285	_synset_domain_topic_of	00651991
05748285	_synset_domain_topic_of	00650353
05728678	_synset_domain_topic_of	00709625
05696020	_synset_domain_topic_of	00456740
05696020	_synset_domain_topic_of	00456596
05641959	_synset_domain_topic_of	00597634
05641959	_synset_domain_topic_of	00597385
05635624	_synset_domain_topic_of	01087197
05256862	_synset_domain_topic_of	10155849
05197797	_synset_domain_topic_of	00751887
05196375	_synset_domain_topic_of	02441022
05162455	_synset_domain_topic_of	00235368
05162455	_synset_domain_topic_of	00233335
05161614	_synset_domain_topic_of	02513460
05117660	_synset_domain_topic_of	02510337
05117660	_synset_domain_topic_of	01531375
05111835	_synset_domain_topic_of	00432683
05109808	_synset_domain_topic_of	00151689
05085572	_synset_domain_topic_of	00444519
05075602	_synset_domain_topic_of	02695895
05074774	_synset_domain_topic_of	01987160
04928903	_synset_domain_topic_of	10155849
04906273	_synset_domain_topic_of	02542795
04906273	_synset_domain_topic_of	01612053
04906026	_synset_domain_topic_of	00619972
04905188	_synset_domain_topic_of	02451113
04777098	_synset_domain_topic_of	01340439
04777098	_synset_domain_topic_of	01059400
04750764	_synset_domain_topic_of	01410363
04750164	_synset_domain_topic_of	01410363
04748836	_synset_domain_topic_of	02666239
04748836	_synset_domain_topic_of	02064745
04748836	_synset_domain_topic_of	01410363
04748836	_synset_domain_topic_of	00119524
04713428	_synset_domain_topic_of	02657219
04713332	_synset_domain_topic_of	02700104
04713118	_synset_domain_topic_of	02700104
04681387	_synset_domain_topic_of	01275762
04681387	_synset_domain_topic_of	01004062
04659287	_synset_domain_topic_of	01026262
04659090	_synset_domain_topic_of	01027263
04641153	_synset_domain_topic_of	02542280
04639113	_synset_domain_topic_of	02003725
04630689	_synset_domain_topic_of	00859325
04605726	_synset_domain_topic_of	01580467
04463273	_synset_domain_topic_of	01582645
04369025	_synset_domain_topic_of	01283208
04321238	_synset_domain_topic_of	01329239
04296562	_synset_domain_topic_of	01711445
04181228	_synset_domain_topic_of	00236289
04181228	_synset_domain_topic_of	00233335
04179385	_synset_domain_topic_of	01666327
04179385	_synset_domain_topic_of	01329239
04157320	_synset_domain_topic_of	01684337
04157320	_synset_domain_topic_of	01551871
04085873	_synset_domain_topic_of	01271658
04051825	_synset_domain_topic_of	01128071
04033995	_synset_domain_topic_of	01667449
04033995	_synset_domain_topic_of	00082308
03932203	_synset_domain_topic_of	01590171
03932203	_synset_domain_topic_of	00261705
03879854	_synset_domain_topic_of	00064095
03777283	_synset_domain_topic_of	01743784
03722007	_synset_domain_topic_of	01004062
03722007	_synset_domain_topic_of	00921738
03721797	_synset_domain_topic_of	00921738
03674440	_synset_domain_topic_of	02622234
03673971	_synset_domain_topic_of	01354673
03669886	_synset_domain_topic_of	00233335
03600977	_synset_domain_topic_of	02660147
03573282	_synset_domain_topic_of	01421622
03525252	_synset_domain_topic_of	01301410
03496892	_synset_domain_topic_of	01320009
03420559	_synset_domain_topic_of	02023992
03420559	_synset_domain_topic_of	01155421
03420559	_synset_domain_topic_of	01089137
03420559	_synset_domain_topic_of	01087197
03391301	_synset_domain_topic_of	00981276
03390983	_synset_domain_topic_of	01586850
03386011	_synset_domain_topic_of	01155421
03385557	_synset_domain_topic_of	01606205
03354613	_synset_domain_topic_of	01340439
03330947	_synset_domain_topic_of	01288052
03322099	_synset_domain_topic_of	01739814
03265479	_synset_domain_topic_of	01466978
03257586	_synset_domain_topic_of	01693881
03234306	_synset_domain_topic_of	01690294
03234306	_synset_domain_topic_of	01582645
03178782	_synset_domain_topic_of	01640550
03173524	_synset_domain_topic_of	01689379
03173524	_synset_domain_topic_of	01582645
03169390	_synset_domain_topic_of	01466543
03104594	_synset_domain_topic_of	01742886
03096960	_synset_domain_topic_of	01224744
03075768	_synset_domain_topic_of	01765392
03075768	_synset_domain_topic_of	00082308
03051540	_synset_domain_topic_of	00052043
03051540	_synset_domain_topic_of	00050652
03051540	_synset_domain_topic_of	00047945
02987454	_synset_domain_topic_of	10341660
02987177	_synset_domain_topic_of	10341660
02979662	_synset_domain_topic_of	01662771
02928413	_synset_domain_topic_of	01466978
02894605	_synset_domain_topic_of	01128071
02875013	_synset_domain_topic_of	01586850
02868326	_synset_domain_topic_of	05749619
02840361	_synset_domain_topic_of	01303242
02812482	_synset_domain_topic_of	08552138
02812482	_synset_domain_topic_of	08493064
02806907	_synset_domain_topic_of	06806469
02760116	_synset_domain_topic_of	00612160
02728440	_synset_domain_topic_of	00047945
02728440	_synset_domain_topic_of	00046534
02710673	_synset_domain_topic_of	08565701
02710673	_synset_domain_topic_of	08512736
02710673	_synset_domain_topic_of	08512259
02702830	_synset_domain_topic_of	07369604
02700104	_synset_domain_topic_of	13969243
02700104	_synset_domain_topic_of	04713332
02700104	_synset_domain_topic_of	04713118
02700104	_synset_domain_topic_of	00552841
02695895	_synset_domain_topic_of	08677628
02695895	_synset_domain_topic_of	05075602
02695895	_synset_domain_topic_of	00155487
02694933	_synset_domain_topic_of	08622950
02694933	_synset_domain_topic_of	00155487
02666239	_synset_domain_topic_of	04748836
02666239	_synset_domain_topic_of	01410363
02661252	_synset_domain_topic_of	11415084
02661252	_synset_domain_topic_of	10419047
02661252	_synset_domain_topic_of	07366627
02661252	_synset_domain_topic_of	06022291
02661252	_synset_domain_topic_of	00737399
02661252	_synset_domain_topic_of	00194969
02660147	_synset_domain_topic_of	03600977
02657219	_synset_domain_topic_of	04713428
02646931	_synset_domain_topic_of	01128390
02622234	_synset_domain_topic_of	03674440
02553697	_synset_domain_topic_of	09953178
02542795	_synset_domain_topic_of	04906273
02542280	_synset_domain_topic_of	04641153
02539359	_synset_domain_topic_of	00052374
02539334	_synset_domain_topic_of	14442530
02539334	_synset_domain_topic_of	01128655
02539334	_synset_domain_topic_of	00791227
02538765	_synset_domain_topic_of	10213034
02538765	_synset_domain_topic_of	06661562
02538765	_synset_domain_topic_of	01240210
02513460	_synset_domain_topic_of	14413644
02513460	_synset_domain_topic_of	05161614
02512305	_synset_domain_topic_of	01153548
02512150	_synset_domain_topic_of	08688247
02510337	_synset_domain_topic_of	05117660
02510337	_synset_domain_topic_of	01146039
02509919	_synset_domain_topic_of	00155487
02506361	_synset_domain_topic_of	07520612
02502536	_synset_domain_topic_of	13321495
02502536	_synset_domain_topic_of	00320852
02501278	_synset_domain_topic_of	01187810
02496816	_synset_domain_topic_of	13996300
02496816	_synset_domain_topic_of	09625401
02470175	_synset_domain_topic_of	09816771
02458103	_synset_domain_topic_of	00040962
02451113	_synset_domain_topic_of	04905188
02447001	_synset_domain_topic_of	10298912
02443849	_synset_domain_topic_of	10378780
02443049	_synset_domain_topic_of	09931640
02443049	_synset_domain_topic_of	01133281
02441022	_synset_domain_topic_of	10525134
02441022	_synset_domain_topic_of	09941964
02441022	_synset_domain_topic_of	09941571
02441022	_synset_domain_topic_of	05196375
02439732	_synset_domain_topic_of	00815320
02416278	_synset_domain_topic_of	09935434
02416278	_synset_domain_topic_of	01205156
02416278	_synset_domain_topic_of	00619972
02416278	_synset_domain_topic_of	00411384
02357693	_synset_domain_topic_of	00267349
02286204	_synset_domain_topic_of	00155487
02272549	_synset_domain_topic_of	00089027
02272549	_synset_domain_topic_of	00088481
02204692	_synset_domain_topic_of	10389398
02204692	_synset_domain_topic_of	10388924
02204692	_synset_domain_topic_of	00809465
02144644	_synset_domain_topic_of	13913566
02064745	_synset_domain_topic_of	04748836
02023992	_synset_domain_topic_of	03420559
02003725	_synset_domain_topic_of	04639113
02003725	_synset_domain_topic_of	00233335
01987160	_synset_domain_topic_of	05074774
01877204	_synset_domain_topic_of	07346057
01876907	_synset_domain_topic_of	00327824
01834304	_synset_domain_topic_of	00410247
01819554	_synset_domain_topic_of	07254057
01815185	_synset_domain_topic_of	00354884
01813884	_synset_domain_topic_of	07529563
01804414	_synset_domain_topic_of	09931640
01785748	_synset_domain_topic_of	07537259
01782218	_synset_domain_topic_of	07520612
01781983	_synset_domain_topic_of	07520612
01781180	_synset_domain_topic_of	07254057
01781180	_synset_domain_topic_of	01222477
01780941	_synset_domain_topic_of	07520612
01779165	_synset_domain_topic_of	07519253
01779165	_synset_domain_topic_of	01222666
01765392	_synset_domain_topic_of	13971561
01765392	_synset_domain_topic_of	09952163
01765392	_synset_domain_topic_of	03075768
01765392	_synset_domain_topic_of	01151097
01765392	_synset_domain_topic_of	00759551
01753596	_synset_domain_topic_of	09972157
01743784	_synset_domain_topic_of	05938795
01743784	_synset_domain_topic_of	05937112
01743784	_synset_domain_topic_of	05890249
01743784	_synset_domain_topic_of	03777283
01742886	_synset_domain_topic_of	03104594
01742726	_synset_domain_topic_of	00915722
01740608	_synset_domain_topic_of	09260907
01740608	_synset_domain_topic_of	00918820
01739814	_synset_domain_topic_of	10078806
01739814	_synset_domain_topic_of	09779790
01739814	_synset_domain_topic_of	08438067
01739814	_synset_domain_topic_of	07705711
01739814	_synset_domain_topic_of	03322099
01719302	_synset_domain_topic_of	06893885
01711749	_synset_domain_topic_of	01052853
01711749	_synset_domain_topic_of	00155487
01711445	_synset_domain_topic_of	07006712
01711445	_synset_domain_topic_of	06893885
01711445	_synset_domain_topic_of	04296562
01697406	_synset_domain_topic_of	00898804
01697027	_synset_domain_topic_of	13913566
01697027	_synset_domain_topic_of	00898804
01693881	_synset_domain_topic_of	09964805
01693881	_synset_domain_topic_of	03257586
01693881	_synset_domain_topic_of	00908772
01690294	_synset_domain_topic_of	10029068
01690294	_synset_domain_topic_of	07003119
01690294	_synset_domain_topic_of	03234306
01689379	_synset_domain_topic_of	08612786
01689379	_synset_domain_topic_of	03173524
01688771	_synset_domain_topic_of	00521562
01687569	_synset_domain_topic_of	05750163
01684337	_synset_domain_topic_of	04157320
01667449	_synset_domain_topic_of	04033995
01666894	_synset_domain_topic_of	10155849
01666717	_synset_domain_topic_of	10689564
01666327	_synset_domain_topic_of	10689564
01666327	_synset_domain_topic_of	10584318
01666327	_synset_domain_topic_of	04179385
01662771	_synset_domain_topic_of	13913566
01662771	_synset_domain_topic_of	02979662
01660640	_synset_domain_topic_of	09303008
01660386	_synset_domain_topic_of	09326662
01648126	_synset_domain_topic_of	10645611
01647867	_synset_domain_topic_of	09952163
01647867	_synset_domain_topic_of	06773976
01643464	_synset_domain_topic_of	10029068
01643464	_synset_domain_topic_of	07003119
01640550	_synset_domain_topic_of	03178782
01640550	_synset_domain_topic_of	00928077
01612053	_synset_domain_topic_of	04906273
01612053	_synset_domain_topic_of	01167146
01606205	_synset_domain_topic_of	03385557
01590171	_synset_domain_topic_of	03932203
01590171	_synset_domain_topic_of	00267349
01588493	_synset_domain_topic_of	07270179
01588493	_synset_domain_topic_of	07202579
01586850	_synset_domain_topic_of	03390983
01586850	_synset_domain_topic_of	02875013
01583656	_synset_domain_topic_of	01149480
01583494	_synset_domain_topic_of	01149480
01582645	_synset_domain_topic_of	06799897
01582645	_synset_domain_topic_of	04463273
01582645	_synset_domain_topic_of	03234306
01582645	_synset_domain_topic_of	03173524
01582645	_synset_domain_topic_of	00938419
01582645	_synset_domain_topic_of	00263813
01580467	_synset_domain_topic_of	04605726
01575675	_synset_domain_topic_of	01051331
01567275	_synset_domain_topic_of	00017222
01551871	_synset_domain_topic_of	04157320
01531375	_synset_domain_topic_of	05117660
01510827	_synset_domain_topic_of	07338114
01492052	_synset_domain_topic_of	13792692
01467370	_synset_domain_topic_of	08512736
01466978	_synset_domain_topic_of	08620763
01466978	_synset_domain_topic_of	08565701
01466978	_synset_domain_topic_of	08513163
01466978	_synset_domain_topic_of	08512736
01466978	_synset_domain_topic_of	03265479
01466978	_synset_domain_topic_of	02928413
01466543	_synset_domain_topic_of	03169390
01465365	_synset_domain_topic_of	13743605
01428853	_synset_domain_topic_of	10640620
01428853	_synset_domain_topic_of	07976936
01428853	_synset_domain_topic_of	00847340
01421622	_synset_domain_topic_of	03573282
01421622	_synset_domain_topic_of	00320852
01410363	_synset_domain_topic_of	04750764
01410363	_synset_domain_topic_of	04750164
01410363	_synset_domain_topic_of	04748836
01410363	_synset_domain_topic_of	02666239
01389776	_synset_domain_topic_of	00320852
01354673	_synset_domain_topic_of	13792692
01354673	_synset_domain_topic_of	03673971
01354673	_synset_domain_topic_of	00148978
01340439	_synset_domain_topic_of	10080337
01340439	_synset_domain_topic_of	04777098
01340439	_synset_domain_topic_of	03354613
01329239	_synset_domain_topic_of	04321238
01329239	_synset_domain_topic_of	04179385
01329239	_synset_domain_topic_of	00715674
01321002	_synset_domain_topic_of	13085864
01321002	_synset_domain_topic_of	00359903
01320009	_synset_domain_topic_of	13085864
01320009	_synset_domain_topic_of	03496892
01320009	_synset_domain_topic_of	01015310
01303242	_synset_domain_topic_of	02840361
01301410	_synset_domain_topic_of	13999663
01301410	_synset_domain_topic_of	03525252
01296462	_synset_domain_topic_of	00147595
01295275	_synset_domain_topic_of	00145218
01293389	_synset_domain_topic_of	10299875
01293389	_synset_domain_topic_of	07988857
01292885	_synset_domain_topic_of	13743605
01292885	_synset_domain_topic_of	07976936
01288052	_synset_domain_topic_of	03330947
01283208	_synset_domain_topic_of	04369025
01276361	_synset_domain_topic_of	08612786
01276361	_synset_domain_topic_of	06799897
01275762	_synset_domain_topic_of	04681387
01271658	_synset_domain_topic_of	04085873
01240210	_synset_domain_topic_of	02538765
01240210	_synset_domain_topic_of	00760956
01224744	_synset_domain_topic_of	03096960
01224744	_synset_domain_topic_of	00830448
01224744	_synset_domain_topic_of	00409211
01222666	_synset_domain_topic_of	01779165
01222477	_synset_domain_topic_of	01781180
01211699	_synset_domain_topic_of	10291110
01211699	_synset_domain_topic_of	00140652
01205827	_synset_domain_topic_of	00764902
01205156	_synset_domain_topic_of	02416278
01203715	_synset_domain_topic_of	10470460
01190884	_synset_domain_topic_of	00760956
01187810	_synset_domain_topic_of	02501278
01169194	_synset_domain_topic_of	06063588
01169194	_synset_domain_topic_of	00671351
01169194	_synset_domain_topic_of	00083809
01167146	_synset_domain_topic_of	01612053
01155421	_synset_domain_topic_of	03420559
01155421	_synset_domain_topic_of	03386011
01153548	_synset_domain_topic_of	02512305
01151407	_synset_domain_topic_of	00765213
01151110	_synset_domain_topic_of	00815644
01151097	_synset_domain_topic_of	01765392
01151097	_synset_domain_topic_of	00294884
01150559	_synset_domain_topic_of	05981230
01149494	_synset_domain_topic_of	13988663
01149494	_synset_domain_topic_of	07532440
01149480	_synset_domain_topic_of	01583656
01149480	_synset_domain_topic_of	01583494
01148614	_synset_domain_topic_of	00233335
01148283	_synset_domain_topic_of	13987423
01146039	_synset_domain_topic_of	02510337
01146039	_synset_domain_topic_of	00236592
01133281	_synset_domain_topic_of	02443049
01130607	_synset_domain_topic_of	08567235
01128655	_synset_domain_topic_of	02539334
01128655	_synset_domain_topic_of	00579712
01128390	_synset_domain_topic_of	02646931
01128071	_synset_domain_topic_of	04051825
01128071	_synset_domain_topic_of	02894605
01104406	_synset_domain_topic_of	09779790
01093587	_synset_domain_topic_of	09952163
01089137	_synset_domain_topic_of	08398036
01089137	_synset_domain_topic_of	03420559
01087197	_synset_domain_topic_of	05635624
01087197	_synset_domain_topic_of	03420559
01079604	_synset_domain_topic_of	00462092
01070892	_synset_domain_topic_of	00462092
01069391	_synset_domain_topic_of	00145218
01059400	_synset_domain_topic_of	04777098
01052853	_synset_domain_topic_of	01711749
01051331	_synset_domain_topic_of	01575675
01051331	_synset_domain_topic_of	00413876
01039330	_synset_domain_topic_of	06791372
01029852	_synset_domain_topic_of	07202579
01027263	_synset_domain_topic_of	04659090
01026262	_synset_domain_topic_of	04659287
01021128	_synset_domain_topic_of	05937112
01021128	_synset_domain_topic_of	05925366
01015310	_synset_domain_topic_of	01320009
01004062	_synset_domain_topic_of	06817782
01004062	_synset_domain_topic_of	04681387
01004062	_synset_domain_topic_of	03722007
00981276	_synset_domain_topic_of	13913566
00981276	_synset_domain_topic_of	03391301
00981276	_synset_domain_topic_of	00931608
00938419	_synset_domain_topic_of	01582645
00935940	_synset_domain_topic_of	10029269
00931608	_synset_domain_topic_of	00981276
00928077	_synset_domain_topic_of	01640550
00922438	_synset_domain_topic_of	06791372
00921738	_synset_domain_topic_of	06798750
00921738	_synset_domain_topic_of	03722007
00921738	_synset_domain_topic_of	03721797
00920778	_synset_domain_topic_of	00791078
00918820	_synset_domain_topic_of	01740608
00915722	_synset_domain_topic_of	01742726
00909363	_synset_domain_topic_of	07532440
00908772	_synset_domain_topic_of	01693881
00898804	_synset_domain_topic_of	01697406
00898804	_synset_domain_topic_of	01697027
00893955	_synset_domain_topic_of	00833702
00883611	_synset_domain_topic_of	00240131
00867231	_synset_domain_topic_of	06791372
00859325	_synset_domain_topic_of	04630689
00847340	_synset_domain_topic_of	01428853
00833702	_synset_domain_topic_of	00893955
00830448	_synset_domain_topic_of	01224744
00828237	_synset_domain_topic_of	00046534
00815644	_synset_domain_topic_of	01151110
00815320	_synset_domain_topic_of	02439732
00809465	_synset_domain_topic_of	10388924
00809465	_synset_domain_topic_of	02204692
00808182	_synset_domain_topic_of	00235368
00808182	_synset_domain_topic_of	00233335
00796047	_synset_domain_topic_of	07006119
00791227	_synset_domain_topic_of	14441825
00791227	_synset_domain_topic_of	02539334
00791078	_synset_domain_topic_of	00920778
00791078	_synset_domain_topic_of	00539110
00770141	_synset_domain_topic_of	07254057
00765213	_synset_domain_topic_of	01151407
00764902	_synset_domain_topic_of	01205827
00760956	_synset_domain_topic_of	09803429
00760956	_synset_domain_topic_of	09624559
00760956	_synset_domain_topic_of	07150850
00760956	_synset_domain_topic_of	07150644
00760956	_synset_domain_topic_of	01240210
00760956	_synset_domain_topic_of	01190884
00759551	_synset_domain_topic_of	01765392
00752335	_synset_domain_topic_of	10371741
00752335	_synset_domain_topic_of	10317007
00751887	_synset_domain_topic_of	09941571
00751887	_synset_domain_topic_of	09941383
00751887	_synset_domain_topic_of	09780828
00751887	_synset_domain_topic_of	05197797
00737399	_synset_domain_topic_of	02661252
00715674	_synset_domain_topic_of	01329239
00709625	_synset_domain_topic_of	09442838
00709625	_synset_domain_topic_of	05728678
00671351	_synset_domain_topic_of	01169194
00651991	_synset_domain_topic_of	07366289
00651991	_synset_domain_topic_of	05748285
00650353	_synset_domain_topic_of	07366289
00650353	_synset_domain_topic_of	05748285
00650016	_synset_domain_topic_of	10012815
00619972	_synset_domain_topic_of	04906026
00619972	_synset_domain_topic_of	02416278
00612160	_synset_domain_topic_of	02760116
00597634	_synset_domain_topic_of	10280130
00597634	_synset_domain_topic_of	05641959
00597385	_synset_domain_topic_of	10280130
00597385	_synset_domain_topic_of	05641959
00595146	_synset_domain_topic_of	10298912
00595146	_synset_domain_topic_of	10298647
00595146	_synset_domain_topic_of	10280130
00595146	_synset_domain_topic_of	10164233
00590626	_synset_domain_topic_of	09941383
00589769	_synset_domain_topic_of	10298912
00579712	_synset_domain_topic_of	01128655
00552841	_synset_domain_topic_of	02700104
00539110	_synset_domain_topic_of	00791078
00527572	_synset_domain_topic_of	13491060
00521562	_synset_domain_topic_of	01688771
00508032	_synset_domain_topic_of	06798750
00483181	_synset_domain_topic_of	13969243
00483181	_synset_domain_topic_of	10160412
00482893	_synset_domain_topic_of	07177437
00482893	_synset_domain_topic_of	05755486
00482893	_synset_domain_topic_of	00185104
00482473	_synset_domain_topic_of	13969243
00476819	_synset_domain_topic_of	14445379
00462092	_synset_domain_topic_of	10668450
00462092	_synset_domain_topic_of	01079604
00462092	_synset_domain_topic_of	01070892
00462092	_synset_domain_topic_of	00201923
00456740	_synset_domain_topic_of	05696020
00456596	_synset_domain_topic_of	05696020
00445467	_synset_domain_topic_of	14480772
00445169	_synset_domain_topic_of	15046900
00445169	_synset_domain_topic_of	14480772
00445169	_synset_domain_topic_of	13491060
00444519	_synset_domain_topic_of	05085572
00443384	_synset_domain_topic_of	14110411
00443116	_synset_domain_topic_of	13491060
00442669	_synset_domain_topic_of	13491060
00442669	_synset_domain_topic_of	13451508
00441445	_synset_domain_topic_of	07355887
00432683	_synset_domain_topic_of	05111835
00431826	_synset_domain_topic_of	13470491
00431826	_synset_domain_topic_of	13457378
00429060	_synset_domain_topic_of	00353782
00429060	_synset_domain_topic_of	00351638
00413876	_synset_domain_topic_of	01051331
00411384	_synset_domain_topic_of	02416278
00410247	_synset_domain_topic_of	01834304
00409211	_synset_domain_topic_of	01224744
00364479	_synset_domain_topic_of	07537068
00359903	_synset_domain_topic_of	01321002
00355547	_synset_domain_topic_of	00064095
00355252	_synset_domain_topic_of	00290740
00354884	_synset_domain_topic_of	01815185
00354884	_synset_domain_topic_of	00082308
00354884	_synset_domain_topic_of	00064095
00353782	_synset_domain_topic_of	00429060
00351638	_synset_domain_topic_of	00429060
00351638	_synset_domain_topic_of	00151689
00327824	_synset_domain_topic_of	01876907
00321956	_synset_domain_topic_of	00187526
00320852	_synset_domain_topic_of	02502536
00320852	_synset_domain_topic_of	01421622
00320852	_synset_domain_topic_of	01389776
00320852	_synset_domain_topic_of	00187526
00299580	_synset_domain_topic_of	00046109
00294884	_synset_domain_topic_of	13970764
00294884	_synset_domain_topic_of	01151097
00290740	_synset_domain_topic_of	00355252
00267349	_synset_domain_topic_of	02357693
00267349	_synset_domain_topic_of	01590171
00267349	_synset_domain_topic_of	00262703
00266806	_synset_domain_topic_of	00260648
00263813	_synset_domain_topic_of	01582645
00262703	_synset_domain_topic_of	00267349
00261705	_synset_domain_topic_of	03932203
00260648	_synset_domain_topic_of	00266806
00245457	_synset_domain_topic_of	09779790
00240131	_synset_domain_topic_of	00883611
00236592	_synset_domain_topic_of	01146039
00236289	_synset_domain_topic_of	04181228
00235368	_synset_domain_topic_of	15224293
00235368	_synset_domain_topic_of	05162455
00235368	_synset_domain_topic_of	00808182
00233335	_synset_domain_topic_of	05162455
00233335	_synset_domain_topic_of	04181228
00233335	_synset_domain_topic_of	03669886
00233335	_synset_domain_topic_of	02003725
00233335	_synset_domain_topic_of	01148614
00233335	_synset_domain_topic_of	00808182
00231557	_synset_domain_topic_of	13489037
00201923	_synset_domain_topic_of	00462092
00194969	_synset_domain_topic_of	02661252
00187526	_synset_domain_topic_of	06473381
00187526	_synset_domain_topic_of	00321956
00187526	_synset_domain_topic_of	00320852
00185104	_synset_domain_topic_of	00482893
00155487	_synset_domain_topic_of	02695895
00155487	_synset_domain_topic_of	02694933
00155487	_synset_domain_topic_of	02509919
00155487	_synset_domain_topic_of	02286204
00155487	_synset_domain_topic_of	01711749
00152887	_synset_domain_topic_of	07355887
00151689	_synset_domain_topic_of	13457378
00151689	_synset_domain_topic_of	07355887
00151689	_synset_domain_topic_of	05109808
00151689	_synset_domain_topic_of	00351638
00150287	_synset_domain_topic_of	07369604
00149084	_synset_domain_topic_of	00083334
00148978	_synset_domain_topic_of	01354673
00147595	_synset_domain_topic_of	01296462
00145218	_synset_domain_topic_of	01295275
00145218	_synset_domain_topic_of	01069391
00140652	_synset_domain_topic_of	01211699
00119873	_synset_domain_topic_of	10341660
00119524	_synset_domain_topic_of	13559782
00119524	_synset_domain_topic_of	04748836
00119266	_synset_domain_topic_of	13559782
00119074	_synset_domain_topic_of	07366289
00089027	_synset_domain_topic_of	02272549
00088481	_synset_domain_topic_of	02272549
00083809	_synset_domain_topic_of	01169194
00083334	_synset_domain_topic_of	00149084
00082308	_synset_domain_topic_of	04033995
00082308	_synset_domain_topic_of	03075768
00082308	_synset_domain_topic_of	00354884
00064095	_synset_domain_topic_of	09784443
00064095	_synset_domain_topic_of	07493280
00064095	_synset_domain_topic_of	03879854
00064095	_synset_domain_topic_of	00355547
00064095	_synset_domain_topic_of	00354884
00052374	_synset_domain_topic_of	02539359
00052043	_synset_domain_topic_of	03051540
00050652	_synset_domain_topic_of	03051540
00047945	_synset_domain_topic_of	03051540
00047945	_synset_domain_topic_of	02728440
00046534	_synset_domain_topic_of	02728440
00046534	_synset_domain_topic_of	00828237
00046109	_synset_domain_topic_of	00299580
00040962	_synset_domain_topic_of	02458103
00017222	_synset_domain_topic_of	01567275
15236475	_also_see	00921790
15046900	_also_see	07555863
14479615	_also_see	14480772
14441825	_also_see	14442530
13998576	_also_see	13998781
13996300	_also_see	13998576
13970236	_also_see	13971561
13969243	_also_see	13969700
13937554	_also_see	14413644
13928668	_also_see	13996300
13927383	_also_see	13937554
13903079	_also_see	13903387
13863771	_also_see	13903079
13743269	_also_see	13743605
13741022	_also_see	13743269
13491060	_also_see	13451508
13489037	_also_see	13454318
13458571	_also_see	13457378
13427078	_also_see	13559782
13320168	_also_see	13321495
11414874	_also_see	11415084
10676877	_also_see	10388732
10582746	_also_see	09780828
10525134	_also_see	10678472
10522324	_also_see	10419047
10474645	_also_see	10164233
10389398	_also_see	10180178
10351874	_also_see	09624559
10351281	_also_see	10584318
10351281	_also_see	10120816
10317007	_also_see	09942970
10317007	_also_see	09941964
10294602	_also_see	10371741
10249459	_also_see	10448983
10245639	_also_see	09758781
10180178	_also_see	10245639
10120816	_also_see	10657306
10079399	_also_see	10161363
10079399	_also_see	10132641
10079399	_also_see	10079210
10078806	_also_see	09779790
10054657	_also_see	10298647
09974648	_also_see	10155849
09952163	_also_see	09800249
09943541	_also_see	09941571
09942970	_also_see	09943541
09882716	_also_see	09882007
09882007	_also_see	10388924
09816771	_also_see	09935434
09812338	_also_see	10566072
09812338	_also_see	10280130
09812338	_also_see	10029068
09626238	_also_see	09816771
09624559	_also_see	10160412
09624559	_also_see	09952163
09609232	_also_see	09882716
09366317	_also_see	09303008
09303008	_also_see	09326662
08664443	_also_see	08688247
08645963	_also_see	08677628
08630985	_also_see	08574314
08630985	_also_see	08552138
08630985	_also_see	08497294
08630039	_also_see	08568978
08620061	_also_see	08664443
08620061	_also_see	08620763
08592656	_also_see	03264542
08574314	_also_see	08567235
08568978	_also_see	08512259
08566028	_also_see	02845576
08552138	_also_see	08513163
08512259	_also_see	08612786
08512259	_also_see	08592656
08512259	_also_see	08565701
08512259	_also_see	08512736
08497294	_also_see	08645963
08436759	_also_see	08438067
07996689	_also_see	07985223
07975026	_also_see	07976936
07970406	_also_see	07988857
07555863	_also_see	07705711
07519253	_also_see	07520612
07515560	_also_see	07515790
07514968	_also_see	07515560
07355887	_also_see	07423001
07337390	_also_see	07366289
07253637	_also_see	07254057
07150644	_also_see	07151122
07150644	_also_see	07150850
07148192	_also_see	07150644
07006119	_also_see	07006712
06998748	_also_see	07003119
06891493	_also_see	06893885
06873252	_also_see	06998748
06806469	_also_see	07270179
06798750	_also_see	06799897
06791372	_also_see	06806469
06773434	_also_see	06773976
06709533	_also_see	07253637
06520944	_also_see	06526291
06153846	_also_see	06157326
06003682	_also_see	06004685
05980875	_also_see	05981230
05925366	_also_see	05938795
05849040	_also_see	05849789
05750163	_also_see	05750657
05749619	_also_see	05750163
05748285	_also_see	05748786
05748054	_also_see	05749619
05640433	_also_see	05641959
05196582	_also_see	05197797
05196375	_also_see	05196582
05161614	_also_see	05162455
05109808	_also_see	05111835
05107765	_also_see	05109808
05093890	_also_see	05117660
05090441	_also_see	05107765
05084201	_also_see	05085572
05074774	_also_see	05075602
04928903	_also_see	04930307
04916342	_also_see	05093890
04916342	_also_see	05090441
04916342	_also_see	04928903
04910135	_also_see	04910973
04905188	_also_see	04906026
04905188	_also_see	04905842
04802629	_also_see	04802776
04776699	_also_see	04777098
04750164	_also_see	04750764
04748836	_also_see	04750164
04731497	_also_see	04714440
04731497	_also_see	04712735
04712735	_also_see	04713428
04712735	_also_see	04713332
04712735	_also_see	04713118
04659090	_also_see	04659287
04640927	_also_see	04641153
04623612	_also_see	04644512
04623612	_also_see	04640927
04623612	_also_see	04639113
04608567	_also_see	03722007
04602044	_also_see	03322099
04596852	_also_see	03817647
04377057	_also_see	03533486
04295081	_also_see	04612840
04181228	_also_see	03330947
04179385	_also_see	04321238
04179385	_also_see	03745285
04157320	_also_see	03779621
03961939	_also_see	04296562
03958097	_also_see	04157320
03852280	_also_see	04272054
03792048	_also_see	03282060
03763403	_also_see	03420559
03738241	_also_see	03674440
03670849	_also_see	03106110
03605915	_also_see	03600977
03600977	_also_see	04160372
03574816	_also_see	04565375
03574816	_also_see	03852280
03563967	_also_see	04608567
03430959	_also_see	04295081
03385557	_also_see	03878963
03322940	_also_see	03496892
03322940	_also_see	03146846
03315644	_also_see	04085873
03309808	_also_see	03932670
03282060	_also_see	04051825
03264542	_also_see	03513627
03264542	_also_see	02875013
03257343	_also_see	03728811
03237639	_also_see	02785648
03234306	_also_see	03173524
03171356	_also_see	03386011
03171356	_also_see	03385557
03169390	_also_see	03178782
03106110	_also_see	04433185
03104594	_also_see	03257343
03104594	_also_see	02979662
03093574	_also_see	03051540
03091374	_also_see	04613158
03091374	_also_see	03605915
03051540	_also_see	04596852
03051540	_also_see	02728440
02820210	_also_see	04033995
02799897	_also_see	03792334
02785648	_also_see	04369025
02743547	_also_see	03958097
02711114	_also_see	02710673
02700104	_also_see	02700455
02667900	_also_see	02702830
02664769	_also_see	02657219
02659763	_also_see	02660147
02657219	_also_see	02700104
02657219	_also_see	02667900
02630189	_also_see	00047745
02612368	_also_see	01465365
02542795	_also_see	02542280
02513460	_also_see	01085474
02512305	_also_see	02513460
02510337	_also_see	02509287
02510337	_also_see	00462092
02510337	_also_see	00233335
02509287	_also_see	02509919
02458103	_also_see	02389592
02431971	_also_see	02443049
02374149	_also_see	02389346
02274482	_also_see	02272549
02023341	_also_see	02023992
01819554	_also_see	01785748
01819147	_also_see	01819554
01813884	_also_see	00859153
01780941	_also_see	01781983
01780202	_also_see	01782218
01779165	_also_see	01781180
01779165	_also_see	01780941
01742886	_also_see	01743784
01742726	_also_see	01739814
01736822	_also_see	01742886
01736822	_also_see	01735308
01711445	_also_see	01711749
01690294	_also_see	01689379
01666327	_also_see	01667304
01647672	_also_see	01647867
01640550	_also_see	01666717
01582645	_also_see	01583656
01582645	_also_see	01583494
01421622	_also_see	01421122
01354673	_also_see	01296462
01354673	_also_see	01295275
01340439	_also_see	01329239
01340439	_also_see	01285440
01301410	_also_see	01288052
01301410	_also_see	01286913
01296462	_also_see	01588493
01296462	_also_see	01492052
01296462	_also_see	01340439
01295275	_also_see	01656788
01295275	_also_see	01293389
01295275	_also_see	01292885
01295275	_also_see	01069391
01291069	_also_see	01667449
01291069	_also_see	01590171
01291069	_also_see	01428853
01275762	_also_see	01276361
01256157	_also_see	01551871
01240210	_also_see	01240432
01222477	_also_see	01222666
01221611	_also_see	01222477
01211699	_also_see	01224744
01202904	_also_see	01205827
01202904	_also_see	01205156
01181475	_also_see	01187810
01162754	_also_see	01203715
01159776	_also_see	01159964
01151110	_also_see	01150559
01150938	_also_see	01151407
01150938	_also_see	01151097
01148614	_also_see	01149480
01133281	_also_see	01135529
01128390	_also_see	01128655
01127623	_also_see	01148283
01088923	_also_see	02333689
01088923	_also_see	01155421
01051331	_also_see	01052853
01000214	_also_see	01004062
00935940	_also_see	00938419
00935005	_also_see	00714944
00921738	_also_see	00922438
00916464	_also_see	00919513
00916464	_also_see	00917211
00915722	_also_see	00918820
00915722	_also_see	00916464
00914632	_also_see	13085864
00913705	_also_see	00914632
00908909	_also_see	00909899
00898518	_also_see	00898804
00815320	_also_see	00815644
00791078	_also_see	00795008
00764902	_also_see	01093587
00764902	_also_see	00765213
00761713	_also_see	00760956
00737188	_also_see	00737399
00714944	_also_see	00715674
00709379	_also_see	00709625
00650353	_also_see	02512305
00650353	_also_see	00661213
00650353	_also_see	00650016
00610373	_also_see	00612160
00595935	_also_see	00597634
00595935	_also_see	00597385
00520257	_also_see	00521562
00512186	_also_see	01301410
00508032	_also_see	01582645
00483181	_also_see	00482893
00445169	_also_see	00442669
00441445	_also_see	00429968
00441445	_also_see	00290740
00441445	_also_see	00241038
00441445	_also_see	00235368
00431826	_also_see	00432683
00410247	_also_see	00411384
00406243	_also_see	01741446
00404403	_also_see	00406365
00354884	_also_see	00355547
00351638	_also_see	00362355
00351638	_also_see	00355252
00351638	_also_see	00354884
00351638	_also_see	00353782
00351485	_also_see	00351638
00320852	_also_see	00321956
00296178	_also_see	00456740
00260648	_also_see	00262703
00260648	_also_see	00261705
00253761	_also_see	02553697
00253761	_also_see	00245457
00252019	_also_see	00231557
00252019	_also_see	00119524
00241038	_also_see	00240131
00235368	_also_see	00730301
00235368	_also_see	00236592
00233335	_also_see	01301051
00233335	_also_see	00236289
00233335	_also_see	00234725
00230746	_also_see	00252019
00224901	_also_see	00294884
00212414	_also_see	00527572
00187526	_also_see	00188466
00170844	_also_see	00169651
00169651	_also_see	00151689
00151689	_also_see	00431826
00151689	_also_see	00152887
00150287	_also_see	02542795
00150287	_also_see	00456596
00147595	_also_see	00149084
00147595	_also_see	00148978
00145218	_also_see	00147595
00088481	_also_see	00089027
00083124	_also_see	00083334
00082714	_also_see	00083124
00064095	_also_see	00082308
00059552	_also_see	00170844
00050652	_also_see	00047317
00049003	_also_see	01248191
00047945	_also_see	00052043
00047945	_also_see	00049197
00046534	_also_see	00044797
00046534	_also_see	00044149
00044673	_also_see	00185104
00044149	_also_see	00043683
00041899	_also_see	00088481
00040804	_also_see	00040962
00040152	_also_see	00040804
00039021	_also_see	00040152
00032613	_also_see	13244109
00027807	_also_see	13863771
00027807	_also_see	13860793
05196582	_also_see	05198036
02700455	_hypernym	02659763
02671279	_hypernym	02502536
02659763	_hypernym	02700455
02630189	_hypernym	02204692
02630189	_hypernym	02203362
02502536	_hypernym	02671279
02204692	_hypernym	02630189
02203362	_hypernym	02630189
01753596	_hypernym	01640550
01684337	_hypernym	01551871
01647672	_hypernym	01629000
01640550	_hypernym	01753596
01629000	_hypernym	01647672
01583656	_hypernym	01583494
01583494	_hypernym	01583656
01551871	_hypernym	01684337
01465365	_hypernym	01465218
01465218	_hypernym	01465365
01293389	_hypernym	01292885
01292885	_hypernym	01293389
01069391	_hypernym	01069190
01069190	_hypernym	01069391
00833702	_hypernym	00100044
00456740	_hypernym	00456596
00456596	_hypernym	00456740
00429968	_hypernym	00429060
00429060	_hypernym	00429968
00245457	_hypernym	00231557
00231557	_hypernym	00245457
00100044	_hypernym	00833702
00046534	_hypernym	00043683
00043683	_hypernym	00046534
15224293	_also_see	00235368
15224293	_also_see	00233335
15046900	_also_see	00445169
14480772	_also_see	14479615
14480772	_also_see	00445467
14480772	_also_see	00445169
14479615	_also_see	06084469
14445379	_also_see	00476819
14445379	_also_see	00082308
14442530	_also_see	14441825
14442530	_also_see	10678662
14442530	_also_see	02646931
14442530	_also_see	02539334
14441825	_also_see	02646931
14441825	_also_see	00791227
14413644	_also_see	13937554
14413644	_also_see	02513460
14405931	_also_see	01785748
14405931	_also_see	01781983
14405774	_also_see	07519253
14110411	_also_see	00443384
14110411	_also_see	00443116
14008806	_also_see	01510827
13999663	_also_see	01301410
13998781	_also_see	13998576
13998781	_also_see	01301410
13998576	_also_see	13996300
13998576	_also_see	02711114
13996300	_also_see	13928668
13996300	_also_see	02496816
13988663	_also_see	01149494
13987423	_also_see	01148283
13971561	_also_see	13970236
13971561	_also_see	01765392
13971561	_also_see	00764902
13970764	_also_see	01765392
13970764	_also_see	00294884
13970236	_also_see	01647867
13969700	_also_see	13969243
13969700	_also_see	01765392
13969243	_also_see	02700104
13969243	_also_see	00483181
13969243	_also_see	00482473
13937554	_also_see	13927383
13928668	_also_see	00040962
13913566	_also_see	02144644
13913566	_also_see	01697027
13913566	_also_see	01662771
13913566	_also_see	01624568
13913566	_also_see	00981276
13905792	_also_see	01276361
13903387	_also_see	13903079
13903387	_also_see	02710673
13903079	_also_see	13863771
13903079	_also_see	02710673
13903079	_also_see	01466978
13903079	_also_see	00233335
13863771	_also_see	00027807
13860793	_also_see	00445169
13860793	_also_see	00027807
13792692	_also_see	01492052
13792692	_also_see	01354673
13743605	_also_see	13743269
13743605	_also_see	01465365
13743605	_also_see	01465218
13743605	_also_see	01292885
13743269	_also_see	13741022
13559782	_also_see	13427078
13559782	_also_see	00119524
13559782	_also_see	00119266
13491060	_also_see	00527572
13491060	_also_see	00445467
13491060	_also_see	00445169
13491060	_also_see	00443116
13491060	_also_see	00442669
13489037	_also_see	00252019
13489037	_also_see	00245457
13489037	_also_see	00231557
13470491	_also_see	00431826
13458571	_also_see	00151689
13457378	_also_see	13458571
13457378	_also_see	00431826
13457378	_also_see	00151689
13454318	_also_see	13489037
13454318	_also_see	01742726
13451508	_also_see	13491060
13451508	_also_see	00442669
13427078	_also_see	00150287
13321495	_also_see	13320168
13321495	_also_see	02502536
13244109	_also_see	02203362
13244109	_also_see	00032613
13240514	_also_see	10389398
13240514	_also_see	10388924
13085864	_also_see	01741446
13085864	_also_see	01321002
13085864	_also_see	01320009
13085864	_also_see	00914632
11415084	_also_see	11414874
11415084	_also_see	02661252
10689564	_also_see	04160372
10689564	_also_see	01666717
10689564	_also_see	01666327
10678662	_also_see	14442530
10678472	_also_see	10525134
10678472	_also_see	00462092
10676877	_also_see	02443049
10668450	_also_see	00462092
10657306	_also_see	10120816
10657306	_also_see	01329239
10645611	_also_see	01648126
10640620	_also_see	01428853
10595164	_also_see	07970406
10584318	_also_see	10351281
10584318	_also_see	01666327
10584318	_also_see	01329239
10566072	_also_see	09812338
10566072	_also_see	01684337
10566072	_also_see	01551871
10566072	_also_see	01256157
10529231	_also_see	02204692
10529231	_also_see	02203362
10525134	_also_see	02441022
10525134	_also_see	01819554
10525134	_also_see	01301051
10525134	_also_see	00233335
10470460	_also_see	01203715
10470460	_also_see	01150559
10448983	_also_see	10249459
10448983	_also_see	00752335
10419047	_also_see	10522324
10419047	_also_see	02661252
10419047	_also_see	02579447
10402417	_also_see	08060694
10402417	_also_see	06526291
10399491	_also_see	07970406
10389398	_also_see	13240514
10389398	_also_see	02204692
10389398	_also_see	00809465
10388924	_also_see	13240514
10388924	_also_see	09882007
10388924	_also_see	02204692
10388924	_also_see	00809465
10388732	_also_see	10676877
10388732	_also_see	02443049
10388440	_also_see	05198036
10388440	_also_see	02539334
10388440	_also_see	00595684
10388440	_also_see	00595146
10378780	_also_see	02443849
10378412	_also_see	01224744
10371741	_also_see	10294602
10371741	_also_see	00752335
10341660	_also_see	02987454
10341660	_also_see	02987177
10341660	_also_see	02661252
10341660	_also_see	00119873
10325774	_also_see	01743784
10325774	_also_see	01697406
10317007	_also_see	00752335
10308732	_also_see	00260648
10301261	_also_see	06000644
10300303	_also_see	01428853
10299875	_also_see	01293389
10298912	_also_see	02447001
10298912	_also_see	00595146
10298912	_also_see	00589769
10298647	_also_see	10054657
10298647	_also_see	00595146
10291110	_also_see	01211699
10280130	_also_see	09812338
10280130	_also_see	00597634
10280130	_also_see	00597385
10280130	_also_see	00595146
10245639	_also_see	10180178
10213034	_also_see	02538765
10210648	_also_see	01753596
10180178	_also_see	10389398
10164233	_also_see	10474645
10164233	_also_see	00595146
10161363	_also_see	10079399
10161363	_also_see	01320009
10160412	_also_see	09624559
10160412	_also_see	00483181
10160412	_also_see	00482473
10155849	_also_see	09974648
10155849	_also_see	07066659
10155849	_also_see	05750163
10155849	_also_see	05256862
10155849	_also_see	04928903
10155849	_also_see	01666894
10132641	_also_see	10079399
10120816	_also_see	10351281
10093908	_also_see	02702830
10093908	_also_see	00300537
10080337	_also_see	01340439
10079210	_also_see	10079399
10079210	_also_see	10078806
10078806	_also_see	10079210
10078806	_also_see	02420232
10078806	_also_see	01739814
10033082	_also_see	00047945
10033082	_also_see	00046534
10029269	_also_see	00935940
10029068	_also_see	09812338
10029068	_also_see	01690294
10029068	_also_see	01643464
10029068	_also_see	00935940
10012815	_also_see	02512305
10012815	_also_see	00650353
10012815	_also_see	00650016
09972157	_also_see	01753596
09972157	_also_see	01640550
09964805	_also_see	01693881
09964411	_also_see	01742886
09957614	_also_see	00150287
09956578	_also_see	01114303
09956578	_also_see	00462092
09953178	_also_see	02553697
09952163	_also_see	09624559
09952163	_also_see	01765392
09952163	_also_see	01647867
09952163	_also_see	01093587
09952163	_also_see	00482473
09943541	_also_see	09942970
09942970	_also_see	10317007
09941964	_also_see	10317007
09941964	_also_see	02441022
09941964	_also_see	00751887
09941964	_also_see	00590626
09941571	_also_see	09943541
09941571	_also_see	02441022
09941571	_also_see	00751887
09941571	_also_see	00590626
09941383	_also_see	02441022
09941383	_also_see	00751887
09941383	_also_see	00590626
09935434	_also_see	09816771
09935434	_also_see	08060694
09935434	_also_see	06526291
09935434	_also_see	02416278
09935434	_also_see	02371684
09931640	_also_see	02443049
09931640	_also_see	01804414
09931640	_also_see	00833702
09931640	_also_see	00594836
09918248	_also_see	07970406
09882716	_also_see	09609232
09882007	_also_see	09882716
09816771	_also_see	09626238
09816771	_also_see	02470175
09812338	_also_see	06998748
09812338	_also_see	05638987
09812338	_also_see	02991122
09812338	_also_see	02743547
09803429	_also_see	00760956
09802641	_also_see	02272549
09800249	_also_see	09952163
09800249	_also_see	00765213
09784443	_also_see	00064095
09780828	_also_see	10582746
09780828	_also_see	02441022
09780828	_also_see	00751887
09780828	_also_see	00590626
09779790	_also_see	10078806
09779790	_also_see	01742726
09779790	_also_see	01739814
09779790	_also_see	01104406
09779790	_also_see	00916464
09779790	_also_see	00245457
09769929	_also_see	00296178
09758781	_also_see	10245639
09758781	_also_see	01466978
09625401	_also_see	02496816
09624559	_also_see	10351874
09624559	_also_see	00760956
09476521	_also_see	00290740
09476521	_also_see	00224901
09442838	_also_see	00709625
09326662	_also_see	09303008
09326662	_also_see	01660386
09303008	_also_see	09366317
09303008	_also_see	01660640
09273291	_also_see	02711114
09260907	_also_see	01740608
08688247	_also_see	08664443
08688247	_also_see	02512150
08677628	_also_see	08645963
08677628	_also_see	02695895
08677628	_also_see	01711749
08664443	_also_see	08620061
08664443	_also_see	01711749
08664443	_also_see	01150559
08645963	_also_see	08497294
08622950	_also_see	02694933
08620763	_also_see	08620061
08620763	_also_see	01466978
08612786	_also_see	08512259
08612786	_also_see	01689379
08612786	_also_see	01582645
08612786	_also_see	01276361
08592656	_also_see	08512259
08592656	_also_see	00730301
08574314	_also_see	08630985
08568978	_also_see	08630039
08567235	_also_see	08574314
08567235	_also_see	01467370
08567235	_also_see	01130607
08565701	_also_see	08512259
08565701	_also_see	02710673
08565701	_also_see	01467370
08565701	_also_see	01466978
08552138	_also_see	08630985
08552138	_also_see	02812482
08552138	_also_see	02512150
08513163	_also_see	08552138
08513163	_also_see	01466978
08512736	_also_see	08512259
08512736	_also_see	02710673
08512736	_also_see	01467370
08512736	_also_see	01466978
08512736	_also_see	00730301
08512259	_also_see	08568978
08512259	_also_see	02710673
08512259	_also_see	00233335
08497294	_also_see	08630985
08493064	_also_see	02812482
08438067	_also_see	08436759
08438067	_also_see	01739814
08436759	_also_see	00017222
08398036	_also_see	01089137
08197742	_also_see	01087197
08060694	_also_see	10402417
08060694	_also_see	09935434
07988857	_also_see	07970406
07988857	_also_see	01428853
07988857	_also_see	01293389
07988857	_also_see	01292885
07985223	_also_see	07996689
07985223	_also_see	01465365
07985223	_also_see	01292885
07976936	_also_see	07975026
07976936	_also_see	01428853
07976936	_also_see	01292885
07970406	_also_see	10595164
07970406	_also_see	10399491
07970406	_also_see	09918248
07705711	_also_see	07555863
07705711	_also_see	01739814
07555863	_also_see	15046900
07537259	_also_see	01785748
07537068	_also_see	00364479
07532440	_also_see	01149494
07532440	_also_see	00909363
07529563	_also_see	01813884
07527352	_also_see	01366718
07527352	_also_see	01363613
07520612	_also_see	07519253
07520612	_also_see	02506361
07520612	_also_see	01782218
07520612	_also_see	01781983
07520612	_also_see	01780941
07520612	_also_see	01779165
07519253	_also_see	14405774
07519253	_also_see	01780202
07519253	_also_see	01779165
07515790	_also_see	07515560
07515790	_also_see	01765392
07515560	_also_see	07514968
07515560	_also_see	01922763
07493280	_also_see	00064095
07423001	_also_see	07355887
07423001	_also_see	00431826
07369604	_also_see	02702830
07369604	_also_see	00482893
07369604	_also_see	00456740
07369604	_also_see	00300537
07369604	_also_see	00299580
07369604	_also_see	00150287
07366627	_also_see	02661252
07366289	_also_see	07337390
07366289	_also_see	02661252
07366289	_also_see	00651991
07366289	_also_see	00650353
07366289	_also_see	00119074
07355887	_also_see	00441445
07355887	_also_see	00152887
07355887	_also_see	00151689
07346057	_also_see	01877204
07346057	_also_see	01876907
07338114	_also_see	01510827
07337390	_also_see	01876907
07273136	_also_see	01588493
07270179	_also_see	06806469
07270179	_also_see	01588493
07270179	_also_see	00651991
07270179	_also_see	00508032
07254057	_also_see	07253637
07254057	_also_see	01819554
07254057	_also_see	01781180
07254057	_also_see	00770141
07253637	_also_see	06709533
07202579	_also_see	01588493
07202579	_also_see	01029852
07177437	_also_see	00482893
07151122	_also_see	07150644
07151122	_also_see	00764902
07150850	_also_see	07150644
07150850	_also_see	00760956
07150644	_also_see	07148192
07150644	_also_see	00760956
07148192	_also_see	00761713
07066659	_also_see	10155849
07066659	_also_see	07020895
07066659	_also_see	01687569
07020895	_also_see	07066659
07006712	_also_see	07006119
07006712	_also_see	01711445
07006119	_also_see	00796047
07003119	_also_see	06998748
07003119	_also_see	01690294
07003119	_also_see	01643464
06998748	_also_see	09812338
06998748	_also_see	06873252
06893885	_also_see	06891493
06893885	_also_see	01719302
06893885	_also_see	01711445
06893885	_also_see	00796047
06817782	_also_see	01004062
06806469	_also_see	06791372
06806469	_also_see	02806907
06799897	_also_see	06798750
06799897	_also_see	01582645
06799897	_also_see	01276361
06798750	_also_see	01275762
06798750	_also_see	00921738
06798750	_also_see	00508032
06791372	_also_see	02296984
06791372	_also_see	01039330
06791372	_also_see	00924612
06791372	_also_see	00922438
06791372	_also_see	00867231
06773976	_also_see	06773434
06773976	_also_see	01647867
06661562	_also_see	02538765
06526291	_also_see	10402417
06526291	_also_see	09935434
06526291	_also_see	06520944
06473381	_also_see	00187526
06157326	_also_see	06153846
06157326	_also_see	01719302
06157326	_also_see	01711445
06149484	_also_see	00913705
06099269	_also_see	03669886
06084469	_also_see	14479615
06063588	_also_see	01169194
06063588	_also_see	00671351
06063588	_also_see	00083334
06043075	_also_see	03430091
06043075	_also_see	00612160
06043075	_also_see	00084230
06022291	_also_see	06018465
06022291	_also_see	02661252
06018465	_also_see	06022291
06004685	_also_see	06003682
06004685	_also_see	06000644
06004685	_also_see	01583656
06000644	_also_see	10301261
06000644	_also_see	06004685
05981230	_also_see	05980875
05981230	_also_see	01150559
05938795	_also_see	05925366
05938795	_also_see	01743784
05937112	_also_see	02723733
05937112	_also_see	01743784
05937112	_also_see	01021128
05925366	_also_see	01021128
05902327	_also_see	01683582
05890249	_also_see	01743784
05890249	_also_see	01722980
05849789	_also_see	05849040
05849789	_also_see	02630189
05846355	_also_see	00235368
05846355	_also_see	00233335
05844105	_also_see	01687569
05844105	_also_see	01666894
05765415	_also_see	02806907
05755486	_also_see	00482893
05755486	_also_see	00299580
05750657	_also_see	05750163
05750657	_also_see	01666894
05750657	_also_see	01666717
05750163	_also_see	10155849
05750163	_also_see	05749619
05750163	_also_see	01687569
05749619	_also_see	05748054
05749619	_also_see	02868326
05748786	_also_see	05748285
05748786	_also_see	00730499
05748786	_also_see	00661213
05748285	_also_see	00651991
05748285	_also_see	00650353
05748285	_also_see	00119074
05748054	_also_see	00650016
05728678	_also_see	00709625
05696020	_also_see	00456740
05696020	_also_see	00456596
05641959	_also_see	05640433
05641959	_also_see	02510337
05641959	_also_see	00597634
05641959	_also_see	00597385
05638987	_also_see	09812338
05635624	_also_see	01087197
05257737	_also_see	05256862
05256862	_also_see	10155849
05256862	_also_see	05257737
05256862	_also_see	04055030
05256862	_also_see	00038849
05198036	_also_see	10388440
05198036	_also_see	05196582
05197797	_also_see	05196582
05197797	_also_see	02441022
05197797	_also_see	00751887
05196582	_also_see	05196375
05196582	_also_see	02539334
05196375	_also_see	02441022
05162455	_also_see	05161614
05162455	_also_see	00235368
05162455	_also_see	00233335
05161614	_also_see	02513460
05117660	_also_see	05093890
05117660	_also_see	02510337
05117660	_also_see	01531375
05117660	_also_see	00933566
05111835	_also_see	05109808
05111835	_also_see	00432683
05111835	_also_see	00151689
05109808	_also_see	05107765
05109808	_also_see	00151689
05107765	_also_see	05090441
05093890	_also_see	04916342
05090441	_also_see	04916342
05085572	_also_see	05084201
05085572	_also_see	00444519
05075602	_also_see	05074774
05075602	_also_see	02695895
05075602	_also_see	02333689
05075602	_also_see	01711749
05074774	_also_see	01987160
04930307	_also_see	04928903
04930307	_also_see	02659763
04930307	_also_see	00300537
04928903	_also_see	10155849
04928903	_also_see	04916342
04928903	_also_see	01687569
04910973	_also_see	04910135
04910973	_also_see	01508719
04906273	_also_see	02542795
04906273	_also_see	01612053
04906026	_also_see	04905188
04906026	_also_see	00619972
04905842	_also_see	04905188
04905188	_also_see	02451113
04905188	_also_see	01026262
04802776	_also_see	04802629
04802776	_also_see	02661252
04777098	_also_see	04776699
04777098	_also_see	02095311
04777098	_also_see	01340439
04777098	_also_see	01059400
04770911	_also_see	01876907
04750764	_also_see	04750164
04750764	_also_see	01410363
04750164	_also_see	04748836
04750164	_also_see	01410905
04750164	_also_see	01410363
04748836	_also_see	02666239
04748836	_also_see	02064745
04748836	_also_see	01410363
04748836	_also_see	00651991
04748836	_also_see	00650353
04748836	_also_see	00119524
04748836	_also_see	00119074
04714440	_also_see	04731497
04714440	_also_see	00508192
04713428	_also_see	04712735
04713428	_also_see	02657219
04713332	_also_see	04712735
04713332	_also_see	02700104
04713118	_also_see	04712735
04713118	_also_see	02700104
04712735	_also_see	04731497
04681387	_also_see	01275762
04681387	_also_see	01004062
04659287	_also_see	04659090
04659287	_also_see	01026262
04659090	_also_see	01027263
04644512	_also_see	04623612
04644512	_also_see	02564986
04641153	_also_see	04640927
04641153	_also_see	02542280
04641153	_also_see	00696518
04640927	_also_see	04623612
04639113	_also_see	04623612
04639113	_also_see	02003725
04631298	_also_see	04623612
04631298	_also_see	00364479
04630689	_also_see	04623612
04630689	_also_see	00859325
04630689	_also_see	00859153
04630689	_also_see	00362467
04623612	_also_see	04631298
04623612	_also_see	04630689
04613158	_also_see	03091374
04613158	_also_see	01492052
04613158	_also_see	01292885
04612840	_also_see	04295081
04612840	_also_see	01492052
04608567	_also_see	03563967
04605726	_also_see	01580467
04605726	_also_see	01283208
04596852	_also_see	03051540
04565375	_also_see	03574816
04565375	_also_see	01087197
04550426	_also_see	03051540
04547592	_also_see	01130607
04463273	_also_see	01582645
04433185	_also_see	03106110
04433185	_also_see	01285440
04377057	_also_see	03778600
04369025	_also_see	02785648
04369025	_also_see	01283208
04361641	_also_see	00462092
04321238	_also_see	04179385
04321238	_also_see	01329239
04296562	_also_see	03961939
04296562	_also_see	01711445
04295081	_also_see	03430959
04272054	_also_see	03852280
04272054	_also_see	03391301
04272054	_also_see	02899439
04181228	_also_see	01288052
04181228	_also_see	01085474
04181228	_also_see	00236289
04181228	_also_see	00233335
04179385	_also_see	01666327
04179385	_also_see	01329239
04160372	_also_see	10689564
04160372	_also_see	03600977
04157320	_also_see	03958097
04157320	_also_see	01684337
04157320	_also_see	01551871
04143712	_also_see	01779165
04110439	_also_see	01987160
04085873	_also_see	03315644
04085873	_also_see	01271658
04055030	_also_see	05256862
04051825	_also_see	03385557
04051825	_also_see	03282060
04051825	_also_see	01130607
04051825	_also_see	01128071
04033995	_also_see	02820210
04033995	_also_see	01667449
04033995	_also_see	01667304
04033995	_also_see	00082308
03958097	_also_see	02743547
03932670	_also_see	03309808
03932203	_also_see	01656788
03932203	_also_see	01590171
03932203	_also_see	00261705
03879854	_also_see	00064095
03878963	_also_see	03385557
03878963	_also_see	01130607
03852280	_also_see	03574816
03817647	_also_see	04596852
03817647	_also_see	01283208
03792334	_also_see	02799897
03792334	_also_see	01660640
03792048	_also_see	01660386
03779621	_also_see	04157320
03779621	_also_see	01697027
03779621	_also_see	01662771
03779370	_also_see	01697027
03779370	_also_see	01662771
03778600	_also_see	04377057
03777283	_also_see	01743784
03777283	_also_see	01697406
03777283	_also_see	01697027
03763727	_also_see	03763403
03763403	_also_see	03763727
03745285	_also_see	04179385
03745285	_also_see	01590171
03745285	_also_see	00262703
03728811	_also_see	03257343
03728811	_also_see	02657219
03728811	_also_see	01292885
03722007	_also_see	04608567
03722007	_also_see	01004062
03722007	_also_see	00921738
03722007	_also_see	00508032
03721797	_also_see	00921738
03674440	_also_see	03738241
03674440	_also_see	02622234
03673971	_also_see	01354673
03673971	_also_see	01285440
03670849	_also_see	02845576
03669886	_also_see	06099269
03669886	_also_see	00233335
03605915	_also_see	03091374
03600977	_also_see	03605915
03600977	_also_see	02660147
03573282	_also_see	01421622
03573282	_also_see	00188466
03573282	_also_see	00187526
03533486	_also_see	04377057
03533486	_also_see	01656788
03525252	_also_see	01301410
03513627	_also_see	03309808
03513627	_also_see	03264542
03496892	_also_see	03322940
03496892	_also_see	01320009
03430091	_also_see	06043075
03430091	_also_see	02785648
03420559	_also_see	03763403
03420559	_also_see	02023992
03420559	_also_see	01606205
03420559	_also_see	01155421
03420559	_also_see	01089137
03420559	_also_see	01087197
03391301	_also_see	04272054
03391301	_also_see	01586850
03391301	_also_see	00981276
03390983	_also_see	01586850
03386011	_also_see	03171356
03386011	_also_see	02023992
03386011	_also_see	01606205
03386011	_also_see	01155421
03385557	_also_see	04051825
03385557	_also_see	03171356
03385557	_also_see	01606205
03354613	_also_see	01340439
03330947	_also_see	04181228
03330947	_also_see	01288052
03327234	_also_see	01588134
03327234	_also_see	01130607
03322099	_also_see	04602044
03322099	_also_see	02420232
03322099	_also_see	01739814
03315644	_also_see	01271189
03309808	_also_see	03513627
03309808	_also_see	03265479
03285912	_also_see	02711114
03285912	_also_see	01580467
03282060	_also_see	03792048
03265479	_also_see	03309808
03265479	_also_see	01466978
03264542	_also_see	08592656
03264136	_also_see	02361600
03257586	_also_see	01735308
03257586	_also_see	01693881
03257343	_also_see	03104594
03257343	_also_see	01735308
03237639	_also_see	00082714
03234306	_also_see	01690294
03234306	_also_see	01582645
03178782	_also_see	03169390
03178782	_also_see	01753596
03178782	_also_see	01640550
03173524	_also_see	03234306
03173524	_also_see	01689379
03173524	_also_see	01582645
03169390	_also_see	02748927
03169390	_also_see	01675963
03169390	_also_see	01466543
03146846	_also_see	03322940
03146846	_also_see	01741446
03146846	_also_see	01740608
03128583	_also_see	03051540
03106110	_also_see	03670849
03104594	_also_see	01742886
03096960	_also_see	01224744
03091374	_also_see	01421122
03091374	_also_see	01354673
03075768	_also_see	01765392
03075768	_also_see	00082308
03051540	_also_see	04550426
03051540	_also_see	03128583
03051540	_also_see	03093574
03051540	_also_see	00052374
03051540	_also_see	00052043
03051540	_also_see	00050652
03051540	_also_see	00049197
03051540	_also_see	00047945
03051540	_also_see	00047745
02991122	_also_see	09812338
02991122	_also_see	02743547
02987454	_also_see	10341660
02987454	_also_see	00119873
02987177	_also_see	10341660
02979662	_also_see	03104594
02979662	_also_see	01662771
02928413	_also_see	01498713
02928413	_also_see	01466978
02899439	_also_see	04272054
02894605	_also_see	01128071
02887741	_also_see	01428853
02887741	_also_see	00845523
02875013	_also_see	03264542
02875013	_also_see	01586850
02875013	_also_see	01467370
02868326	_also_see	05749619
02845576	_also_see	08566028
02845576	_also_see	03670849
02845576	_also_see	00314469
02840361	_also_see	01303242
02840361	_also_see	01285440
02812482	_also_see	08552138
02812482	_also_see	08493064
02806907	_also_see	06806469
02806907	_also_see	05765415
02785648	_also_see	03430091
02785648	_also_see	03237639
02785648	_also_see	00083124
02760116	_also_see	00612160
02748927	_also_see	03169390
02743547	_also_see	09812338
02743547	_also_see	02991122
02728440	_also_see	03051540
02728440	_also_see	00047945
02728440	_also_see	00046534
02728440	_also_see	00043683
02723733	_also_see	05937112
02711114	_also_see	13998576
02711114	_also_see	09273291
02711114	_also_see	03285912
02710673	_also_see	13903387
02710673	_also_see	13903079
02710673	_also_see	08565701
02710673	_also_see	08512736
02710673	_also_see	08512259
02710673	_also_see	02711114
02710673	_also_see	02703952
02702830	_also_see	10093908
02702830	_also_see	07369604
02702830	_also_see	02667900
02700455	_also_see	02700104
02700455	_also_see	02659763
02700104	_also_see	13969243
02700104	_also_see	04713332
02700104	_also_see	04713118
02700104	_also_see	02657219
02700104	_also_see	00552841
02695895	_also_see	08677628
02695895	_also_see	05075602
02695895	_also_see	00155487
02694933	_also_see	08622950
02694933	_also_see	00155487
02671279	_also_see	02502536
02667900	_also_see	02657219
02666239	_also_see	04748836
02666239	_also_see	02064745
02666239	_also_see	01410363
02661252	_also_see	11415084
02661252	_also_see	10419047
02661252	_also_see	10341660
02661252	_also_see	07366627
02661252	_also_see	07366289
02661252	_also_see	06022291
02661252	_also_see	04802776
02661252	_also_see	00737399
02661252	_also_see	00194969
02660147	_also_see	03600977
02660147	_also_see	02659763
02659763	_also_see	04930307
02659763	_also_see	02700455
02659763	_also_see	00795008
02657219	_also_see	04713428
02657219	_also_see	03728811
02657219	_also_see	02664769
02646931	_also_see	14442530
02646931	_also_see	14441825
02646931	_also_see	01128390
02646931	_also_see	00791227
02630189	_also_see	05849789
02630189	_also_see	02204692
02630189	_also_see	02203362
02622234	_also_see	03674440
02622234	_also_see	00145218
02579447	_also_see	10419047
02564986	_also_see	04644512
02561332	_also_see	00410247
02553697	_also_see	09953178
02553697	_also_see	01146039
02553697	_also_see	00253761
02542795	_also_see	04906273
02542795	_also_see	01612053
02542795	_also_see	01167146
02542795	_also_see	00150287
02542280	_also_see	04641153
02542280	_also_see	02542795
02542280	_also_see	00696518
02539359	_also_see	00052374
02539359	_also_see	00050652
02539359	_also_see	00047745
02539334	_also_see	14442530
02539334	_also_see	10388440
02539334	_also_see	05196582
02539334	_also_see	01128655
02539334	_also_see	00791227
02538765	_also_see	10213034
02538765	_also_see	06661562
02538765	_also_see	01240210
02513460	_also_see	14413644
02513460	_also_see	05161614
02513460	_also_see	02512305
02512305	_also_see	10012815
02512305	_also_see	01153548
02512305	_also_see	00650353
02512150	_also_see	08688247
02512150	_also_see	08552138
02510337	_also_see	05641959
02510337	_also_see	05117660
02510337	_also_see	01146039
02509919	_also_see	02509287
02509919	_also_see	00155487
02509287	_also_see	02510337
02509287	_also_see	00808182
02506361	_also_see	07520612
02502536	_also_see	13321495
02502536	_also_see	02671279
02502536	_also_see	01248191
02502536	_also_see	00320852
02501278	_also_see	01187810
02496816	_also_see	13996300
02496816	_also_see	09625401
02496816	_also_see	00089027
02470175	_also_see	09816771
02458103	_also_see	00040962
02451113	_also_see	04905188
02447001	_also_see	10298912
02443849	_also_see	10378780
02443849	_also_see	00409211
02443049	_also_see	10676877
02443049	_also_see	10388732
02443049	_also_see	09931640
02443049	_also_see	02431971
02443049	_also_see	01474513
02443049	_also_see	01135529
02443049	_also_see	01133281
02441022	_also_see	10525134
02441022	_also_see	09941964
02441022	_also_see	09941571
02441022	_also_see	09941383
02441022	_also_see	09780828
02441022	_also_see	05197797
02441022	_also_see	05196375
02439732	_also_see	00815320
02420232	_also_see	10078806
02420232	_also_see	03322099
02416751	_also_see	02416278
02416278	_also_see	09935434
02416278	_also_see	02416751
02416278	_also_see	01205156
02416278	_also_see	01202904
02416278	_also_see	00619972
02416278	_also_see	00411384
02389592	_also_see	02458103
02389592	_also_see	02389346
02389346	_also_see	02389592
02389346	_also_see	02374149
02389346	_also_see	00145218
02372326	_also_see	00040152
02371684	_also_see	09935434
02361600	_also_see	03264136
02357693	_also_see	00267349
02333689	_also_see	05075602
02333689	_also_see	01088923
02333689	_also_see	01051331
02296984	_also_see	06791372
02286204	_also_see	00155487
02272549	_also_see	09802641
02272549	_also_see	02274482
02272549	_also_see	00089027
02272549	_also_see	00088481
02257370	_also_see	00040152
02204692	_also_see	10529231
02204692	_also_see	10389398
02204692	_also_see	10388924
02204692	_also_see	02630189
02204692	_also_see	00809465
02203362	_also_see	13244109
02203362	_also_see	10529231
02203362	_also_see	02630189
02144644	_also_see	13913566
02095311	_also_see	04777098
02064745	_also_see	04748836
02064745	_also_see	02666239
02064745	_also_see	01410363
02023992	_also_see	03420559
02023992	_also_see	03386011
02023992	_also_see	02023341
02003725	_also_see	04639113
02003725	_also_see	00236592
02003725	_also_see	00233335
01987160	_also_see	05074774
01987160	_also_see	04110439
01987160	_also_see	01051331
01930512	_also_see	02564986
01922763	_also_see	07515560
01877204	_also_see	07346057
01877204	_also_see	01876907
01876907	_also_see	07346057
01876907	_also_see	07337390
01876907	_also_see	04770911
01876907	_also_see	01877204
01876907	_also_see	00348571
01876907	_also_see	00327824
01834304	_also_see	00410247
01819554	_also_see	10525134
01819554	_also_see	07254057
01819554	_also_see	01819147
01815185	_also_see	00354884
01813884	_also_see	07529563
01804414	_also_see	09931640
01785748	_also_see	14405931
01785748	_also_see	07537259
01785748	_also_see	01819554
01782218	_also_see	07520612
01782218	_also_see	01780202
01781983	_also_see	14405931
01781983	_also_see	07520612
01781983	_also_see	01780941
01781180	_also_see	07254057
01781180	_also_see	01779165
01781180	_also_see	01222477
01780941	_also_see	07520612
01780941	_also_see	01779165
01780941	_also_see	01222666
01780202	_also_see	07519253
01779165	_also_see	07520612
01779165	_also_see	07519253
01779165	_also_see	04143712
01779165	_also_see	01785748
01779165	_also_see	01222666
01765392	_also_see	13971561
01765392	_also_see	13970764
01765392	_also_see	13969700
01765392	_also_see	09952163
01765392	_also_see	07515790
01765392	_also_see	03075768
01765392	_also_see	01151407
01765392	_also_see	01151097
01765392	_also_see	00759551
01753596	_also_see	10210648
01753596	_also_see	09972157
01753596	_also_see	03178782
01753596	_also_see	01640550
01743784	_also_see	10325774
01743784	_also_see	05938795
01743784	_also_see	05937112
01743784	_also_see	05890249
01743784	_also_see	03777283
01743784	_also_see	01742886
01743784	_also_see	00898804
01742886	_also_see	09964411
01742886	_also_see	03104594
01742886	_also_see	01736822
01742886	_also_see	01020936
01742886	_also_see	01019524
01742726	_also_see	13454318
01742726	_also_see	09779790
01742726	_also_see	00916464
01742726	_also_see	00915722
01741446	_also_see	13085864
01741446	_also_see	03146846
01741446	_also_see	00916464
01741446	_also_see	00915722
01741446	_also_see	00406243
01740892	_also_see	01922763
01740608	_also_see	09260907
01740608	_also_see	03146846
01740608	_also_see	00918820
01740608	_also_see	00916464
01739814	_also_see	10078806
01739814	_also_see	09779790
01739814	_also_see	08438067
01739814	_also_see	07705711
01739814	_also_see	03322099
01739814	_also_see	01742726
01739814	_also_see	00916464
01735308	_also_see	03257586
01735308	_also_see	03257343
01735308	_also_see	01736822
01722980	_also_see	05890249
01719302	_also_see	06893885
01719302	_also_see	06157326
01711749	_also_see	08677628
01711749	_also_see	08664443
01711749	_also_see	05075602
01711749	_also_see	01711445
01711749	_also_see	01052853
01711749	_also_see	00155487
01711445	_also_see	07006712
01711445	_also_see	06893885
01711445	_also_see	06157326
01711445	_also_see	04296562
01711445	_also_see	00521562
01697406	_also_see	10325774
01697406	_also_see	03777283
01697406	_also_see	00898804
01697027	_also_see	13913566
01697027	_also_see	03779621
01697027	_also_see	03779370
01697027	_also_see	03777283
01697027	_also_see	00909899
01697027	_also_see	00898804
01693881	_also_see	09964805
01693881	_also_see	03257586
01693881	_also_see	01019524
01693881	_also_see	00908772
01690294	_also_see	10029068
01690294	_also_see	07003119
01690294	_also_see	03234306
01690294	_also_see	01582645
01689379	_also_see	08612786
01689379	_also_see	03173524
01689379	_also_see	01690294
01688771	_also_see	00521562
01687569	_also_see	07066659
01687569	_also_see	05844105
01687569	_also_see	05750163
01687569	_also_see	04928903
01687569	_also_see	01159964
01684337	_also_see	10566072
01684337	_also_see	04157320
01684337	_also_see	01551871
01683582	_also_see	05902327
01675963	_also_see	03169390
01667449	_also_see	04033995
01667449	_also_see	01291069
01667304	_also_see	04033995
01667304	_also_see	01666327
01666894	_also_see	10155849
01666894	_also_see	05844105
01666894	_also_see	05750657
01666717	_also_see	10689564
01666717	_also_see	05750657
01666717	_also_see	01640550
01666327	_also_see	10689564
01666327	_also_see	10584318
01666327	_also_see	04179385
01662771	_also_see	13913566
01662771	_also_see	03779621
01662771	_also_see	03779370
01662771	_also_see	02979662
01662771	_also_see	00909899
01660640	_also_see	09303008
01660640	_also_see	03792334
01660386	_also_see	09326662
01660386	_also_see	03792048
01656788	_also_see	03932203
01656788	_also_see	03533486
01656788	_also_see	01295275
01648126	_also_see	10645611
01647867	_also_see	13970236
01647867	_also_see	09952163
01647867	_also_see	06773976
01647867	_also_see	01647672
01647672	_also_see	01629000
01643464	_also_see	10029068
01643464	_also_see	07003119
01643464	_also_see	01582645
01643464	_also_see	00935940
01640550	_also_see	09972157
01640550	_also_see	03178782
01640550	_also_see	01753596
01640550	_also_see	00928077
01629000	_also_see	01647672
01629000	_also_see	00914632
01624568	_also_see	13913566
01613239	_also_see	01052853
01612053	_also_see	04906273
01612053	_also_see	02542795
01612053	_also_see	02451113
01612053	_also_see	01167146
01612053	_also_see	00696518
01606205	_also_see	03420559
01606205	_also_see	03386011
01606205	_also_see	03385557
01590171	_also_see	03932203
01590171	_also_see	03745285
01590171	_also_see	01291069
01590171	_also_see	00267349
01588493	_also_see	07273136
01588493	_also_see	07270179
01588493	_also_see	07202579
01588493	_also_see	01296462
01588493	_also_see	00508032
01588134	_also_see	03327234
01586850	_also_see	03391301
01586850	_also_see	03390983
01586850	_also_see	02875013
01583656	_also_see	06004685
01583656	_also_see	01583494
01583656	_also_see	01582645
01583656	_also_see	01149480
01583494	_also_see	01583656
01583494	_also_see	01582645
01583494	_also_see	01149480
01582645	_also_see	08612786
01582645	_also_see	06799897
01582645	_also_see	04463273
01582645	_also_see	03234306
01582645	_also_see	03173524
01582645	_also_see	01690294
01582645	_also_see	01643464
01582645	_also_see	00938419
01582645	_also_see	00508032
01582645	_also_see	00263813
01580467	_also_see	04605726
01580467	_also_see	03285912
01580467	_also_see	00406365
01580467	_also_see	00321956
01575675	_also_see	01051331
01567275	_also_see	01052853
01567275	_also_see	00919513
01567275	_also_see	00017222
01551871	_also_see	10566072
01551871	_also_see	04157320
01551871	_also_see	01684337
01551871	_also_see	01256157
01531375	_also_see	05117660
01510827	_also_see	14008806
01510827	_also_see	07338114
01510827	_also_see	00409211
01510827	_also_see	00140393
01508719	_also_see	04910973
01498713	_also_see	02928413
01496630	_also_see	01051331
01492052	_also_see	13792692
01492052	_also_see	04613158
01492052	_also_see	04612840
01492052	_also_see	01296462
01492052	_also_see	00917211
01474513	_also_see	02443049
01474513	_also_see	01612053
01467370	_also_see	08567235
01467370	_also_see	08565701
01467370	_also_see	08512736
01467370	_also_see	02875013
01466978	_also_see	13903079
01466978	_also_see	09758781
01466978	_also_see	08620763
01466978	_also_see	08565701
01466978	_also_see	08513163
01466978	_also_see	08512736
01466978	_also_see	03265479
01466978	_also_see	02928413
01466543	_also_see	03169390
01465365	_also_see	13743605
01465365	_also_see	07985223
01465365	_also_see	02612368
01465365	_also_see	01465218
01465218	_also_see	13743605
01465218	_also_see	01465365
01428853	_also_see	10640620
01428853	_also_see	10300303
01428853	_also_see	07988857
01428853	_also_see	07976936
01428853	_also_see	02887741
01428853	_also_see	01291069
01428853	_also_see	00847340
01428853	_also_see	00845523
01421622	_also_see	03573282
01421622	_also_see	00320852
01421122	_also_see	03091374
01421122	_also_see	01421622
01410905	_also_see	04750164
01410363	_also_see	04750764
01410363	_also_see	04750164
01410363	_also_see	04748836
01410363	_also_see	02666239
01389776	_also_see	00320852
01368192	_also_see	01149494
01368192	_also_see	00364479
01366718	_also_see	07527352
01366718	_also_see	01363613
01363613	_also_see	07527352
01354673	_also_see	13792692
01354673	_also_see	03673971
01354673	_also_see	03091374
01354673	_also_see	00148978
01340439	_also_see	10080337
01340439	_also_see	04777098
01340439	_also_see	03354613
01340439	_also_see	01296462
01340439	_also_see	00147595
01329239	_also_see	10657306
01329239	_also_see	10584318
01329239	_also_see	04321238
01329239	_also_see	04179385
01329239	_also_see	01340439
01329239	_also_see	00715674
01321002	_also_see	13085864
01321002	_also_see	00359903
01320009	_also_see	13085864
01320009	_also_see	10161363
01320009	_also_see	03496892
01320009	_also_see	01015310
01320009	_also_see	00921790
01303242	_also_see	02840361
01301410	_also_see	13999663
01301410	_also_see	13998781
01301410	_also_see	03525252
01301410	_also_see	00512186
01301051	_also_see	10525134
01301051	_also_see	00233335
01296462	_also_see	01354673
01296462	_also_see	00147595
01295275	_also_see	01354673
01295275	_also_see	00145218
01293389	_also_see	10299875
01293389	_also_see	07988857
01293389	_also_see	01295275
01293389	_also_see	01292885
01292885	_also_see	13743605
01292885	_also_see	07988857
01292885	_also_see	07985223
01292885	_also_see	07976936
01292885	_also_see	04613158
01292885	_also_see	03728811
01292885	_also_see	01295275
01292885	_also_see	01293389
01291069	_also_see	00145218
01288052	_also_see	04181228
01288052	_also_see	03330947
01288052	_also_see	01301410
01286913	_also_see	01301410
01285440	_also_see	04433185
01285440	_also_see	03673971
01285440	_also_see	02840361
01285440	_also_see	01340439
01285440	_also_see	01286913
01285440	_also_see	00149084
01283208	_also_see	04605726
01283208	_also_see	04369025
01283208	_also_see	03817647
01276361	_also_see	13905792
01276361	_also_see	08612786
01276361	_also_see	06799897
01276361	_also_see	01275762
01276361	_also_see	00263813
01275762	_also_see	06798750
01275762	_also_see	04681387
01271658	_also_see	04085873
01271189	_also_see	03315644
01271189	_also_see	00827379
01256157	_also_see	10566072
01248191	_also_see	02502536
01248191	_also_see	00049003
01240432	_also_see	01240210
01240432	_also_see	00760956
01240210	_also_see	02538765
01240210	_also_see	00760956
01224744	_also_see	10378412
01224744	_also_see	03096960
01224744	_also_see	01211699
01224744	_also_see	00830448
01224744	_also_see	00597385
01224744	_also_see	00409211
01222666	_also_see	01780941
01222666	_also_see	01779165
01222666	_also_see	01222477
01222666	_also_see	00759694
01222477	_also_see	01781180
01222477	_also_see	01221611
01211699	_also_see	10291110
01211699	_also_see	00140652
01205827	_also_see	01202904
01205827	_also_see	00764902
01205156	_also_see	02416278
01205156	_also_see	01202904
01203715	_also_see	10470460
01203715	_also_see	01162754
01202904	_also_see	02416278
01190884	_also_see	00760956
01187810	_also_see	02501278
01187810	_also_see	01181475
01169194	_also_see	06063588
01169194	_also_see	00671351
01169194	_also_see	00083809
01167146	_also_see	02542795
01167146	_also_see	01612053
01159964	_also_see	01687569
01159964	_also_see	01159776
01159964	_also_see	00527367
01156899	_also_see	01087197
01155421	_also_see	03420559
01155421	_also_see	03386011
01155421	_also_see	01088923
01153548	_also_see	02512305
01151407	_also_see	01765392
01151407	_also_see	01150938
01151407	_also_see	00765213
01151110	_also_see	00815644
01151097	_also_see	01765392
01151097	_also_see	01150938
01151097	_also_see	00294884
01150559	_also_see	10470460
01150559	_also_see	08664443
01150559	_also_see	05981230
01150559	_also_see	01151110
01150559	_also_see	00815644
01149494	_also_see	13988663
01149494	_also_see	07532440
01149494	_also_see	00909363
01149494	_also_see	00589624
01149480	_also_see	01583656
01149480	_also_see	01583494
01149480	_also_see	01148614
01149480	_also_see	00235368
01148614	_also_see	00233335
01148283	_also_see	13987423
01148283	_also_see	01363613
01148283	_also_see	01127623
01146039	_also_see	02553697
01146039	_also_see	02510337
01146039	_also_see	00236592
01135529	_also_see	02443049
01135529	_also_see	01133281
01133281	_also_see	02443049
01130607	_also_see	08567235
01130607	_also_see	04547592
01130607	_also_see	04051825
01130607	_also_see	03878963
01130607	_also_see	03327234
01130607	_also_see	01389942
01128655	_also_see	02539334
01128655	_also_see	01128390
01128655	_also_see	00579712
01128390	_also_see	02646931
01128071	_also_see	04051825
01128071	_also_see	02894605
01114303	_also_see	09956578
01114303	_also_see	00089027
01104406	_also_see	09779790
01093587	_also_see	09952163
01093587	_also_see	00764902
01089137	_also_see	08398036
01089137	_also_see	03420559
01087197	_also_see	08197742
01087197	_also_see	05635624
01087197	_also_see	04565375
01087197	_also_see	03420559
01087197	_also_see	01156899
01085474	_also_see	04181228
01085474	_also_see	02513460
01079604	_also_see	00462092
01070892	_also_see	00462092
01069391	_also_see	01295275
01069391	_also_see	01069190
01069391	_also_see	00145218
01069190	_also_see	01069391
01069190	_also_see	00145218
01059400	_also_see	04777098
01059400	_also_see	02095311
01052853	_also_see	01711749
01052853	_also_see	01613239
01052853	_also_see	01567275
01052853	_also_see	01051331
01051331	_also_see	02333689
01051331	_also_see	01987160
01051331	_also_see	01575675
01051331	_also_see	01496630
01051331	_also_see	00413876
01039330	_also_see	06791372
01029852	_also_see	07202579
01027263	_also_see	04659090
01027263	_also_see	00299580
01027263	_also_see	00150287
01026262	_also_see	04905188
01026262	_also_see	04659287
01021128	_also_see	05937112
01021128	_also_see	05925366
01020936	_also_see	01742886
01019524	_also_see	01742886
01019524	_also_see	01693881
01015310	_also_see	01320009
01004062	_also_see	06817782
01004062	_also_see	04681387
01004062	_also_see	03722007
01004062	_also_see	01000214
00999817	_also_see	01148283
00981276	_also_see	13913566
00981276	_also_see	03391301
00981276	_also_see	00931608
00938419	_also_see	01582645
00938419	_also_see	00935940
00935940	_also_see	10029269
00935940	_also_see	10029068
00935940	_also_see	01643464
00933566	_also_see	05117660
00931608	_also_see	00981276
00928077	_also_see	01640550
00924612	_also_see	06791372
00922438	_also_see	06791372
00922438	_also_see	00921738
00921790	_also_see	15236475
00921790	_also_see	01320009
00921738	_also_see	06798750
00921738	_also_see	03722007
00921738	_also_see	03721797
00921738	_also_see	00651991
00920778	_also_see	00791078
00919513	_also_see	01567275
00919513	_also_see	00916464
00918820	_also_see	01740608
00918820	_also_see	00916464
00918820	_also_see	00915722
00917211	_also_see	01492052
00917211	_also_see	00916464
00916464	_also_see	09779790
00916464	_also_see	01742726
00916464	_also_see	01741446
00916464	_also_see	01740608
00916464	_also_see	01739814
00916464	_also_see	00918820
00916464	_also_see	00915722
00915722	_also_see	01742726
00915722	_also_see	01741446
00914632	_also_see	01629000
00914632	_also_see	00913705
00913705	_also_see	06149484
00909899	_also_see	01697027
00909899	_also_see	01662771
00909899	_also_see	00908909
00909363	_also_see	07532440
00908772	_also_see	01693881
00898804	_also_see	01743784
00898804	_also_see	01697406
00898804	_also_see	01697027
00898804	_also_see	00898518
00893955	_also_see	00833702
00893955	_also_see	00100044
00883611	_also_see	00240131
00867231	_also_see	06791372
00859325	_also_see	04630689
00859153	_also_see	04630689
00859153	_also_see	01813884
00847340	_also_see	01428853
00845523	_also_see	02887741
00845523	_also_see	01428853
00833702	_also_see	09931640
00833702	_also_see	00893955
00833702	_also_see	00100044
00830448	_also_see	01224744
00828237	_also_see	00047945
00828237	_also_see	00046534
00827379	_also_see	01271189
00815644	_also_see	01151110
00815644	_also_see	01150559
00815644	_also_see	00815320
00815320	_also_see	02439732
00809465	_also_see	10389398
00809465	_also_see	10388924
00809465	_also_see	02204692
00808182	_also_see	02509287
00808182	_also_see	00236592
00808182	_also_see	00235368
00808182	_also_see	00233335
00796047	_also_see	07006119
00796047	_also_see	06893885
00795008	_also_see	02659763
00795008	_also_see	00791078
00795008	_also_see	00047317
00791227	_also_see	14441825
00791227	_also_see	02646931
00791227	_also_see	02539334
00791078	_also_see	00920778
00791078	_also_see	00539110
00770141	_also_see	07254057
00765213	_also_see	09800249
00765213	_also_see	01151407
00765213	_also_see	00764902
00764902	_also_see	13971561
00764902	_also_see	07151122
00764902	_also_see	01205827
00764902	_also_see	00759551
00761713	_also_see	07148192
00760956	_also_see	09803429
00760956	_also_see	09624559
00760956	_also_see	07150850
00760956	_also_see	07150644
00760956	_also_see	01240432
00760956	_also_see	01240210
00760956	_also_see	01190884
00760956	_also_see	00761713
00759694	_also_see	01222666
00759551	_also_see	01765392
00759551	_also_see	00764902
00752335	_also_see	10448983
00752335	_also_see	10371741
00752335	_also_see	10317007
00751887	_also_see	09941964
00751887	_also_see	09941571
00751887	_also_see	09941383
00751887	_also_see	09780828
00751887	_also_see	05197797
00737399	_also_see	02661252
00737399	_also_see	00737188
00730499	_also_see	05748786
00730301	_also_see	08592656
00730301	_also_see	08512736
00730301	_also_see	00235368
00715674	_also_see	01329239
00715674	_also_see	00714944
00714944	_also_see	00935005
00709625	_also_see	09442838
00709625	_also_see	05728678
00709625	_also_see	00709379
00709625	_also_see	00708017
00708017	_also_see	00709625
00696882	_also_see	00082714
00696518	_also_see	04641153
00696518	_also_see	02542280
00671351	_also_see	06063588
00671351	_also_see	01169194
00671351	_also_see	00083809
00661213	_also_see	05748786
00661213	_also_see	00650353
00651991	_also_see	07366289
00651991	_also_see	07270179
00651991	_also_see	05748285
00651991	_also_see	04748836
00651991	_also_see	00921738
00650353	_also_see	10012815
00650353	_also_see	07366289
00650353	_also_see	05748285
00650353	_also_see	04748836
00650016	_also_see	10012815
00650016	_also_see	05748054
00650016	_also_see	00650353
00619972	_also_see	04906026
00619972	_also_see	02416278
00612160	_also_see	06043075
00612160	_also_see	02760116
00612160	_also_see	00610373
00612160	_also_see	00084230
00612160	_also_see	00083124
00612160	_also_see	00082714
00597634	_also_see	10280130
00597634	_also_see	05641959
00597634	_also_see	00595935
00597385	_also_see	10280130
00597385	_also_see	05641959
00597385	_also_see	01224744
00597385	_also_see	00595935
00595684	_also_see	10388440
00595146	_also_see	10388440
00595146	_also_see	10298912
00595146	_also_see	10298647
00595146	_also_see	10280130
00595146	_also_see	10164233
00594836	_also_see	09931640
00590626	_also_see	09941964
00590626	_also_see	09941571
00590626	_also_see	09941383
00590626	_also_see	09780828
00589769	_also_see	10298912
00579712	_also_see	01128655
00552841	_also_see	02700104
00539110	_also_see	00791078
00527572	_also_see	13491060
00527572	_also_see	00212414
00527367	_also_see	01159964
00521562	_also_see	01711445
00521562	_also_see	01688771
00521562	_also_see	00520257
00508192	_also_see	04714440
00508032	_also_see	07270179
00508032	_also_see	06798750
00508032	_also_see	03722007
00508032	_also_see	01588493
00508032	_also_see	00234725
00483181	_also_see	13969243
00483181	_also_see	10160412
00482893	_also_see	07369604
00482893	_also_see	07177437
00482893	_also_see	05755486
00482893	_also_see	00483181
00482893	_also_see	00185104
00482473	_also_see	13969243
00482473	_also_see	10160412
00482473	_also_see	09952163
00482473	_also_see	00185104
00476819	_also_see	14445379
00462092	_also_see	10678472
00462092	_also_see	10668450
00462092	_also_see	09956578
00462092	_also_see	04361641
00462092	_also_see	02510337
00462092	_also_see	01079604
00462092	_also_see	01070892
00462092	_also_see	00201923
00462092	_also_see	00089027
00456740	_also_see	07369604
00456740	_also_see	05696020
00456740	_also_see	00456596
00456740	_also_see	00296178
00456596	_also_see	05696020
00456596	_also_see	00456740
00456596	_also_see	00150287
00445467	_also_see	14480772
00445467	_also_see	13491060
00445169	_also_see	15046900
00445169	_also_see	14480772
00445169	_also_see	13860793
00445169	_also_see	13491060
00445169	_also_see	00444519
00444519	_also_see	05085572
00444519	_also_see	00445169
00443384	_also_see	14110411
00443384	_also_see	00443116
00443116	_also_see	14110411
00443116	_also_see	13491060
00443116	_also_see	00443384
00442669	_also_see	13491060
00442669	_also_see	13451508
00442669	_also_see	00445169
00441445	_also_see	07355887
00432683	_also_see	05111835
00432683	_also_see	00431826
00431826	_also_see	13470491
00431826	_also_see	13457378
00431826	_also_see	07423001
00431826	_also_see	00151689
00429968	_also_see	00441445
00429968	_also_see	00429060
00429060	_also_see	00429968
00429060	_also_see	00359903
00429060	_also_see	00353782
00429060	_also_see	00351638
00413876	_also_see	01051331
00411384	_also_see	02416278
00411384	_also_see	00410247
00410247	_also_see	02561332
00410247	_also_see	01834304
00409211	_also_see	02443849
00409211	_also_see	01510827
00409211	_also_see	01224744
00406365	_also_see	01580467
00406365	_also_see	00404403
00364479	_also_see	07537068
00364479	_also_see	04631298
00362467	_also_see	04630689
00362467	_also_see	01148283
00362355	_also_see	00351638
00362355	_also_see	00224901
00359903	_also_see	01321002
00359903	_also_see	00429060
00355547	_also_see	00354884
00355547	_also_see	00064095
00355252	_also_see	00351638
00355252	_also_see	00290740
00354884	_also_see	01815185
00354884	_also_see	00351638
00354884	_also_see	00082308
00354884	_also_see	00064095
00353782	_also_see	00429060
00353782	_also_see	00351638
00351638	_also_see	00429060
00351638	_also_see	00351485
00351638	_also_see	00290740
00351638	_also_see	00241038
00351638	_also_see	00240131
00351638	_also_see	00151689
00348571	_also_see	01876907
00327824	_also_see	01876907
00321956	_also_see	01580467
00321956	_also_see	00320852
00321956	_also_see	00187526
00320852	_also_see	02502536
00320852	_also_see	01421622
00320852	_also_see	01389776
00320852	_also_see	00187526
00314469	_also_see	02845576
00300537	_also_see	10093908
00300537	_also_see	07369604
00300537	_also_see	04930307
00299580	_also_see	07369604
00299580	_also_see	05755486
00299580	_also_see	01027263
00299580	_also_see	00046109
00296178	_also_see	09769929
00294884	_also_see	13970764
00294884	_also_see	01151097
00294884	_also_see	00224901
00290740	_also_see	09476521
00290740	_also_see	00441445
00290740	_also_see	00355252
00290740	_also_see	00351638
00267349	_also_see	02357693
00267349	_also_see	01590171
00267349	_also_see	00262703
00266806	_also_see	00260648
00263813	_also_see	01582645
00263813	_also_see	01276361
00262703	_also_see	03745285
00262703	_also_see	00764902
00262703	_also_see	00267349
00262703	_also_see	00260648
00261705	_also_see	03932203
00261705	_also_see	00260648
00260648	_also_see	10308732
00260648	_also_see	00266806
00252019	_also_see	13489037
00252019	_also_see	00230746
00245457	_also_see	13489037
00245457	_also_see	09779790
00245457	_also_see	00253761
00245457	_also_see	00231557
00241038	_also_see	00441445
00241038	_also_see	00351638
00240131	_also_see	00883611
00240131	_also_see	00351638
00240131	_also_see	00241038
00236592	_also_see	02003725
00236592	_also_see	01146039
00236592	_also_see	00808182
00236592	_also_see	00235368
00236289	_also_see	04181228
00236289	_also_see	00233335
00235368	_also_see	15224293
00235368	_also_see	05846355
00235368	_also_see	05162455
00235368	_also_see	01149480
00235368	_also_see	00808182
00235368	_also_see	00441445
00234725	_also_see	00233335
00233335	_also_see	15224293
00233335	_also_see	13903079
00233335	_also_see	10525134
00233335	_also_see	08512259
00233335	_also_see	05846355
00233335	_also_see	05162455
00233335	_also_see	04181228
00233335	_also_see	03669886
00233335	_also_see	02510337
00233335	_also_see	02003725
00233335	_also_see	01148614
00233335	_also_see	00808182
00231557	_also_see	13489037
00231557	_also_see	00252019
00231557	_also_see	00245457
00224901	_also_see	09476521
00224901	_also_see	00362355
00201923	_also_see	00462092
00194969	_also_see	02661252
00188466	_also_see	03573282
00188466	_also_see	00187526
00187526	_also_see	06473381
00187526	_also_see	03573282
00187526	_also_see	00321956
00187526	_also_see	00320852
00185104	_also_see	00482893
00185104	_also_see	00482473
00185104	_also_see	00044673
00170844	_also_see	00059552
00169651	_also_see	00170844
00155487	_also_see	02695895
00155487	_also_see	02694933
00155487	_also_see	02509919
00155487	_also_see	02286204
00155487	_also_see	01711749
00152887	_also_see	07355887
00152887	_also_see	00151689
00151689	_also_see	13458571
00151689	_also_see	13457378
00151689	_also_see	07355887
00151689	_also_see	05111835
00151689	_also_see	05109808
00151689	_also_see	00351638
00151689	_also_see	00169651
00150287	_also_see	13427078
00150287	_also_see	09957614
00150287	_also_see	07369604
00150287	_also_see	01027263
00150287	_also_see	00046109
00149084	_also_see	01285440
00149084	_also_see	00147595
00149084	_also_see	00083334
00148978	_also_see	01354673
00148978	_also_see	00147595
00147595	_also_see	01340439
00147595	_also_see	01296462
00147595	_also_see	00145218
00145218	_also_see	02622234
00145218	_also_see	02389346
00145218	_also_see	01295275
00145218	_also_see	01291069
00145218	_also_see	01069391
00145218	_also_see	01069190
00140652	_also_see	01211699
00140393	_also_see	01510827
00119873	_also_see	10341660
00119873	_also_see	02987454
00119524	_also_see	13559782
00119524	_also_see	04748836
00119524	_also_see	00252019
00119266	_also_see	13559782
00119074	_also_see	07366289
00119074	_also_see	05748285
00119074	_also_see	04748836
00100044	_also_see	00893955
00100044	_also_see	00833702
00089027	_also_see	02496816
00089027	_also_see	02272549
00089027	_also_see	01114303
00089027	_also_see	00462092
00089027	_also_see	00088481
00088481	_also_see	02272549
00088481	_also_see	00041899
00084230	_also_see	06043075
00084230	_also_see	00612160
00083809	_also_see	01169194
00083809	_also_see	00671351
00083334	_also_see	06063588
00083334	_also_see	00149084
00083334	_also_see	00083124
00083124	_also_see	02785648
00083124	_also_see	00612160
00083124	_also_see	00082714
00082714	_also_see	03237639
00082714	_also_see	00696882
00082714	_also_see	00612160
00082308	_also_see	14445379
00082308	_also_see	04033995
00082308	_also_see	03075768
00082308	_also_see	00354884
00082308	_also_see	00064095
00064095	_also_see	09784443
00064095	_also_see	07493280
00064095	_also_see	03879854
00064095	_also_see	00355547
00064095	_also_see	00354884
00052374	_also_see	03051540
00052374	_also_see	02539359
00052043	_also_see	03051540
00052043	_also_see	00047945
00050652	_also_see	03051540
00050652	_also_see	02539359
00049197	_also_see	03051540
00049197	_also_see	00047945
00047945	_also_see	10033082
00047945	_also_see	03051540
00047945	_also_see	02728440
00047945	_also_see	00828237
00047945	_also_see	00046534
00047745	_also_see	03051540
00047745	_also_see	02630189
00047745	_also_see	02539359
00047317	_also_see	00795008
00047317	_also_see	00050652
00046534	_also_see	10033082
00046534	_also_see	02728440
00046534	_also_see	00828237
00046534	_also_see	00047945
00046534	_also_see	00043683
00046109	_also_see	00299580
00046109	_also_see	00150287
00044797	_also_see	00046534
00044797	_also_see	00044149
00044149	_also_see	00044797
00043683	_also_see	02728440
00043683	_also_see	00046534
00043683	_also_see	00044149
00040962	_also_see	13928668
00040962	_also_see	02458103
00040962	_also_see	00040804
00040804	_also_see	00040152
00040152	_also_see	02372326
00040152	_also_see	02257370
00040152	_also_see	00039021
00038849	_also_see	05256862
00017222	_also_see	08436759
00017222	_also_see	01567275
14479615	_derivationally_related_form	06084469
08436759	_derivationally_related_form	00017222
07066659	_derivationally_related_form	07020895
06022291	_derivationally_related_form	06018465
06004685	_derivationally_related_form	06000644
03669886	_derivationally_related_form	06099269
03430091	_derivationally_related_form	06043075
02845576	_derivationally_related_form	00314469
01742726	_derivationally_related_form	00916464
01741446	_derivationally_related_form	00916464
01740608	_derivationally_related_form	00916464
01719302	_derivationally_related_form	06157326
01711445	_derivationally_related_form	06157326
01666894	_derivationally_related_form	05750657
01666717	_derivationally_related_form	05750657
01583656	_derivationally_related_form	06004685
01492052	_derivationally_related_form	00917211
01222666	_derivationally_related_form	00759694
00913705	_derivationally_related_form	06149484
00671351	_derivationally_related_form	06063588
00612160	_derivationally_related_form	06043075
00083334	_derivationally_related_form	06063588
00083124	_derivationally_related_form	00612160
00082714	_derivationally_related_form	00612160
14445379	_synset_domain_topic_of	00082308
14110411	_synset_domain_topic_of	00443116
13971561	_synset_domain_topic_of	00764902
13970236	_synset_domain_topic_of	01647867
13928668	_synset_domain_topic_of	00040962
13913566	_synset_domain_topic_of	01624568
13903079	_synset_domain_topic_of	00233335
13489037	_synset_domain_topic_of	00252019
13458571	_synset_domain_topic_of	00151689
13244109	_synset_domain_topic_of	02203362
13240514	_synset_domain_topic_of	10388924
10657306	_synset_domain_topic_of	01329239
10566072	_synset_domain_topic_of	01684337
10566072	_synset_domain_topic_of	01551871
10566072	_synset_domain_topic_of	01256157
10525134	_synset_domain_topic_of	01301051
10419047	_synset_domain_topic_of	02579447
10389398	_synset_domain_topic_of	00809465
10388440	_synset_domain_topic_of	05198036
10378412	_synset_domain_topic_of	01224744
10325774	_synset_domain_topic_of	01743784
10300303	_synset_domain_topic_of	01428853
10155849	_synset_domain_topic_of	07066659
10093908	_synset_domain_topic_of	02702830
10078806	_synset_domain_topic_of	02420232
10012815	_synset_domain_topic_of	02512305
10012815	_synset_domain_topic_of	00650353
09972157	_synset_domain_topic_of	01640550
09964411	_synset_domain_topic_of	01742886
09957614	_synset_domain_topic_of	00150287
09956578	_synset_domain_topic_of	01114303
09941964	_synset_domain_topic_of	00590626
09941571	_synset_domain_topic_of	00590626
09935434	_synset_domain_topic_of	02371684
09931640	_synset_domain_topic_of	00594836
09812338	_synset_domain_topic_of	06998748
09812338	_synset_domain_topic_of	05638987
09812338	_synset_domain_topic_of	02991122
09800249	_synset_domain_topic_of	00765213
09780828	_synset_domain_topic_of	02441022
09780828	_synset_domain_topic_of	00590626
09476521	_synset_domain_topic_of	00224901
08677628	_synset_domain_topic_of	01711749
08664443	_synset_domain_topic_of	01711749
08664443	_synset_domain_topic_of	01150559
08592656	_synset_domain_topic_of	00730301
08565701	_synset_domain_topic_of	01467370
08552138	_synset_domain_topic_of	02512150
08512736	_synset_domain_topic_of	00730301
08512259	_synset_domain_topic_of	00233335
07988857	_synset_domain_topic_of	01428853
07527352	_synset_domain_topic_of	01366718
07519253	_synset_domain_topic_of	01780202
07515790	_synset_domain_topic_of	01765392
07515560	_synset_domain_topic_of	01922763
07366289	_synset_domain_topic_of	02661252
07337390	_synset_domain_topic_of	01876907
07270179	_synset_domain_topic_of	00651991
07151122	_synset_domain_topic_of	00764902
07148192	_synset_domain_topic_of	00761713
06893885	_synset_domain_topic_of	00796047
06791372	_synset_domain_topic_of	00924612
06043075	_synset_domain_topic_of	00084230
06000644	_synset_domain_topic_of	10301261
05890249	_synset_domain_topic_of	01722980
05846355	_synset_domain_topic_of	00233335
05844105	_synset_domain_topic_of	01687569
05755486	_synset_domain_topic_of	00299580
05748786	_synset_domain_topic_of	00661213
05748054	_synset_domain_topic_of	00650016
05641959	_synset_domain_topic_of	02510337
05117660	_synset_domain_topic_of	00933566
05111835	_synset_domain_topic_of	00151689
05075602	_synset_domain_topic_of	01711749
04930307	_synset_domain_topic_of	00300537
04905188	_synset_domain_topic_of	01026262
04777098	_synset_domain_topic_of	02095311
04750164	_synset_domain_topic_of	01410905
04748836	_synset_domain_topic_of	00650353
04748836	_synset_domain_topic_of	00119074
04714440	_synset_domain_topic_of	00508192
04630689	_synset_domain_topic_of	00362467
04613158	_synset_domain_topic_of	01292885
04612840	_synset_domain_topic_of	01492052
04565375	_synset_domain_topic_of	01087197
04547592	_synset_domain_topic_of	01130607
04361641	_synset_domain_topic_of	00462092
04181228	_synset_domain_topic_of	01288052
04181228	_synset_domain_topic_of	01085474
04160372	_synset_domain_topic_of	10689564
04143712	_synset_domain_topic_of	01779165
04033995	_synset_domain_topic_of	01667304
03817647	_synset_domain_topic_of	01283208
03779621	_synset_domain_topic_of	01662771
03779370	_synset_domain_topic_of	01662771
03777283	_synset_domain_topic_of	01697027
03745285	_synset_domain_topic_of	01590171
03745285	_synset_domain_topic_of	00262703
03728811	_synset_domain_topic_of	02657219
03573282	_synset_domain_topic_of	00188466
03573282	_synset_domain_topic_of	00187526
03391301	_synset_domain_topic_of	01586850
03386011	_synset_domain_topic_of	02023992
03315644	_synset_domain_topic_of	01271189
03285912	_synset_domain_topic_of	01580467
03264136	_synset_domain_topic_of	02361600
03169390	_synset_domain_topic_of	02748927
03169390	_synset_domain_topic_of	01675963
03146846	_synset_domain_topic_of	01740608
03091374	_synset_domain_topic_of	01421122
03051540	_synset_domain_topic_of	03128583
03051540	_synset_domain_topic_of	00049197
02887741	_synset_domain_topic_of	00845523
02840361	_synset_domain_topic_of	01285440
02806907	_synset_domain_topic_of	05765415
02785648	_synset_domain_topic_of	00083124
02743547	_synset_domain_topic_of	09812338
02743547	_synset_domain_topic_of	02991122
02728440	_synset_domain_topic_of	00043683
02723733	_synset_domain_topic_of	05937112
02711114	_synset_domain_topic_of	13998576
02711114	_synset_domain_topic_of	09273291
02711114	_synset_domain_topic_of	03285912
02710673	_synset_domain_topic_of	13903387
02710673	_synset_domain_topic_of	13903079
02661252	_synset_domain_topic_of	10341660
02661252	_synset_domain_topic_of	04802776
02659763	_synset_domain_topic_of	04930307
02659763	_synset_domain_topic_of	00795008
02646931	_synset_domain_topic_of	14442530
02646931	_synset_domain_topic_of	14441825
02630189	_synset_domain_topic_of	05849789
02622234	_synset_domain_topic_of	00145218
02564986	_synset_domain_topic_of	04644512
02542795	_synset_domain_topic_of	01612053
02542795	_synset_domain_topic_of	01167146
02542280	_synset_domain_topic_of	00696518
02539334	_synset_domain_topic_of	10388440
02539334	_synset_domain_topic_of	05196582
02502536	_synset_domain_topic_of	01248191
02496816	_synset_domain_topic_of	00089027
02443849	_synset_domain_topic_of	00409211
02443049	_synset_domain_topic_of	10676877
02443049	_synset_domain_topic_of	10388732
02443049	_synset_domain_topic_of	01474513
02443049	_synset_domain_topic_of	01135529
02441022	_synset_domain_topic_of	09941383
02441022	_synset_domain_topic_of	05197797
02420232	_synset_domain_topic_of	03322099
02333689	_synset_domain_topic_of	05075602
02333689	_synset_domain_topic_of	01051331
02296984	_synset_domain_topic_of	06791372
02272549	_synset_domain_topic_of	09802641
02204692	_synset_domain_topic_of	10529231
02203362	_synset_domain_topic_of	10529231
02064745	_synset_domain_topic_of	02666239
01987160	_synset_domain_topic_of	04110439
01987160	_synset_domain_topic_of	01051331
01876907	_synset_domain_topic_of	07346057
01876907	_synset_domain_topic_of	04770911
01819554	_synset_domain_topic_of	10525134
01785748	_synset_domain_topic_of	14405931
01781983	_synset_domain_topic_of	14405931
01779165	_synset_domain_topic_of	07520612
01765392	_synset_domain_topic_of	13970764
01765392	_synset_domain_topic_of	13969700
01753596	_synset_domain_topic_of	10210648
01753596	_synset_domain_topic_of	03178782
01743784	_synset_domain_topic_of	00898804
01742886	_synset_domain_topic_of	01020936
01742886	_synset_domain_topic_of	01019524
01742726	_synset_domain_topic_of	13454318
01742726	_synset_domain_topic_of	09779790
01741446	_synset_domain_topic_of	13085864
01741446	_synset_domain_topic_of	03146846
01741446	_synset_domain_topic_of	00915722
01735308	_synset_domain_topic_of	03257586
01735308	_synset_domain_topic_of	03257343
01711445	_synset_domain_topic_of	00521562
01697406	_synset_domain_topic_of	10325774
01697406	_synset_domain_topic_of	03777283
01697027	_synset_domain_topic_of	03779621
01697027	_synset_domain_topic_of	03779370
01697027	_synset_domain_topic_of	00909899
01693881	_synset_domain_topic_of	01019524
01687569	_synset_domain_topic_of	07066659
01687569	_synset_domain_topic_of	04928903
01687569	_synset_domain_topic_of	01159964
01683582	_synset_domain_topic_of	05902327
01666894	_synset_domain_topic_of	05844105
01660640	_synset_domain_topic_of	03792334
01660386	_synset_domain_topic_of	03792048
01656788	_synset_domain_topic_of	03932203
01656788	_synset_domain_topic_of	03533486
01643464	_synset_domain_topic_of	00935940
01613239	_synset_domain_topic_of	01052853
01606205	_synset_domain_topic_of	03420559
01606205	_synset_domain_topic_of	03386011
01588493	_synset_domain_topic_of	07273136
01588134	_synset_domain_topic_of	03327234
01582645	_synset_domain_topic_of	08612786
01580467	_synset_domain_topic_of	00321956
01567275	_synset_domain_topic_of	00919513
01510827	_synset_domain_topic_of	14008806
01510827	_synset_domain_topic_of	00409211
01508719	_synset_domain_topic_of	04910973
01498713	_synset_domain_topic_of	02928413
01496630	_synset_domain_topic_of	01051331
01492052	_synset_domain_topic_of	04613158
01467370	_synset_domain_topic_of	08567235
01467370	_synset_domain_topic_of	02875013
01466978	_synset_domain_topic_of	13903079
01466978	_synset_domain_topic_of	09758781
01465365	_synset_domain_topic_of	07985223
01465218	_synset_domain_topic_of	13743605
01428853	_synset_domain_topic_of	02887741
01428853	_synset_domain_topic_of	00845523
01363613	_synset_domain_topic_of	07527352
01354673	_synset_domain_topic_of	03091374
01329239	_synset_domain_topic_of	10584318
01320009	_synset_domain_topic_of	10161363
01320009	_synset_domain_topic_of	00921790
01301410	_synset_domain_topic_of	13998781
01292885	_synset_domain_topic_of	07988857
01292885	_synset_domain_topic_of	07985223
01292885	_synset_domain_topic_of	03728811
01285440	_synset_domain_topic_of	04433185
01285440	_synset_domain_topic_of	03673971
01283208	_synset_domain_topic_of	04605726
01276361	_synset_domain_topic_of	13905792
01275762	_synset_domain_topic_of	06798750
01271189	_synset_domain_topic_of	00827379
01222666	_synset_domain_topic_of	01780941
01202904	_synset_domain_topic_of	02416278
01159964	_synset_domain_topic_of	00527367
01151407	_synset_domain_topic_of	01765392
01150559	_synset_domain_topic_of	10470460
01150559	_synset_domain_topic_of	00815644
01146039	_synset_domain_topic_of	02553697
01130607	_synset_domain_topic_of	04051825
01130607	_synset_domain_topic_of	03878963
01130607	_synset_domain_topic_of	03327234
01114303	_synset_domain_topic_of	00089027
01087197	_synset_domain_topic_of	08197742
01087197	_synset_domain_topic_of	01156899
01052853	_synset_domain_topic_of	01567275
01027263	_synset_domain_topic_of	00150287
00935940	_synset_domain_topic_of	10029068
00916464	_synset_domain_topic_of	09779790
00916464	_synset_domain_topic_of	01739814
00914632	_synset_domain_topic_of	01629000
00909899	_synset_domain_topic_of	01662771
00859153	_synset_domain_topic_of	04630689
00833702	_synset_domain_topic_of	09931640
00828237	_synset_domain_topic_of	00047945
00808182	_synset_domain_topic_of	02509287
00808182	_synset_domain_topic_of	00236592
00795008	_synset_domain_topic_of	00047317
00791227	_synset_domain_topic_of	02646931
00764902	_synset_domain_topic_of	00759551
00760956	_synset_domain_topic_of	01240432
00752335	_synset_domain_topic_of	10448983
00751887	_synset_domain_topic_of	09941964
00730499	_synset_domain_topic_of	05748786
00696518	_synset_domain_topic_of	04641153
00671351	_synset_domain_topic_of	00083809
00651991	_synset_domain_topic_of	04748836
00612160	_synset_domain_topic_of	00084230
00595684	_synset_domain_topic_of	10388440
00595146	_synset_domain_topic_of	10388440
00508032	_synset_domain_topic_of	07270179
00508032	_synset_domain_topic_of	03722007
00482893	_synset_domain_topic_of	07369604
00482473	_synset_domain_topic_of	10160412
00482473	_synset_domain_topic_of	09952163
00482473	_synset_domain_topic_of	00185104
00462092	_synset_domain_topic_of	10678472
00462092	_synset_domain_topic_of	09956578
00456740	_synset_domain_topic_of	07369604
00445467	_synset_domain_topic_of	13491060
00445169	_synset_domain_topic_of	13860793
00431826	_synset_domain_topic_of	07423001
00429060	_synset_domain_topic_of	00359903
00410247	_synset_domain_topic_of	02561332
00406365	_synset_domain_topic_of	01580467
00364479	_synset_domain_topic_of	04631298
00362355	_synset_domain_topic_of	00224901
00351638	_synset_domain_topic_of	00290740
00351638	_synset_domain_topic_of	00241038
00348571	_synset_domain_topic_of	01876907
00300537	_synset_domain_topic_of	10093908
00300537	_synset_domain_topic_of	07369604
00299580	_synset_domain_topic_of	07369604
00299580	_synset_domain_topic_of	01027263
00296178	_synset_domain_topic_of	09769929
00290740	_synset_domain_topic_of	09476521
00263813	_synset_domain_topic_of	01276361
00260648	_synset_domain_topic_of	10308732
00245457	_synset_domain_topic_of	13489037
00240131	_synset_domain_topic_of	00351638
00236592	_synset_domain_topic_of	02003725
00235368	_synset_domain_topic_of	05846355
00235368	_synset_domain_topic_of	01149480
00233335	_synset_domain_topic_of	15224293
00233335	_synset_domain_topic_of	10525134
00150287	_synset_domain_topic_of	13427078
00150287	_synset_domain_topic_of	00046109
00149084	_synset_domain_topic_of	01285440
00147595	_synset_domain_topic_of	01340439
00145218	_synset_domain_topic_of	02389346
00145218	_synset_domain_topic_of	01291069
00145218	_synset_domain_topic_of	01069190
00140393	_synset_domain_topic_of	01510827
00119873	_synset_domain_topic_of	02987454
00119074	_synset_domain_topic_of	05748285
00100044	_synset_domain_topic_of	00893955
00089027	_synset_domain_topic_of	00462092
00082714	_synset_domain_topic_of	03237639
00082714	_synset_domain_topic_of	00696882
00052374	_synset_domain_topic_of	03051540
00050652	_synset_domain_topic_of	02539359
00047945	_synset_domain_topic_of	10033082
00047745	_synset_domain_topic_of	03051540
00047745	_synset_domain_topic_of	02539359
00046534	_synset_domain_topic_of	10033082
00040152	_synset_domain_topic_of	02372326
00040152	_synset_domain_topic_of	02257370
00038849	_synset_domain_topic_of	05256862
15224293	_synset_domain_topic_of	00233335
14442530	_synset_domain_topic_of	02646931
14441825	_synset_domain_topic_of	02646931
14405931	_synset_domain_topic_of	01785748
14405931	_synset_domain_topic_of	01781983
14008806	_synset_domain_topic_of	01510827
13998781	_synset_domain_topic_of	01301410
13998576	_synset_domain_topic_of	02711114
13970764	_synset_domain_topic_of	01765392
13969700	_synset_domain_topic_of	01765392
13905792	_synset_domain_topic_of	01276361
13903387	_synset_domain_topic_of	02710673
13903079	_synset_domain_topic_of	02710673
13903079	_synset_domain_topic_of	01466978
13860793	_synset_domain_topic_of	00445169
13743605	_synset_domain_topic_of	01465218
13491060	_synset_domain_topic_of	00445467
13489037	_synset_domain_topic_of	00245457
13454318	_synset_domain_topic_of	01742726
13427078	_synset_domain_topic_of	00150287
13085864	_synset_domain_topic_of	01741446
10689564	_synset_domain_topic_of	04160372
10678472	_synset_domain_topic_of	00462092
10676877	_synset_domain_topic_of	02443049
10584318	_synset_domain_topic_of	01329239
10529231	_synset_domain_topic_of	02204692
10529231	_synset_domain_topic_of	02203362
10525134	_synset_domain_topic_of	01819554
10525134	_synset_domain_topic_of	00233335
10470460	_synset_domain_topic_of	01150559
10448983	_synset_domain_topic_of	00752335
10388924	_synset_domain_topic_of	13240514
10388732	_synset_domain_topic_of	02443049
10388440	_synset_domain_topic_of	02539334
10388440	_synset_domain_topic_of	00595684
10388440	_synset_domain_topic_of	00595146
10341660	_synset_domain_topic_of	02661252
10325774	_synset_domain_topic_of	01697406
10308732	_synset_domain_topic_of	00260648
10301261	_synset_domain_topic_of	06000644
10210648	_synset_domain_topic_of	01753596
10161363	_synset_domain_topic_of	01320009
10160412	_synset_domain_topic_of	00482473
10093908	_synset_domain_topic_of	00300537
10033082	_synset_domain_topic_of	00047945
10033082	_synset_domain_topic_of	00046534
10029068	_synset_domain_topic_of	00935940
09956578	_synset_domain_topic_of	00462092
09952163	_synset_domain_topic_of	00482473
09941964	_synset_domain_topic_of	00751887
09941383	_synset_domain_topic_of	02441022
09931640	_synset_domain_topic_of	00833702
09812338	_synset_domain_topic_of	02743547
09802641	_synset_domain_topic_of	02272549
09779790	_synset_domain_topic_of	01742726
09779790	_synset_domain_topic_of	00916464
09769929	_synset_domain_topic_of	00296178
09758781	_synset_domain_topic_of	01466978
09476521	_synset_domain_topic_of	00290740
09273291	_synset_domain_topic_of	02711114
08612786	_synset_domain_topic_of	01582645
08567235	_synset_domain_topic_of	01467370
08197742	_synset_domain_topic_of	01087197
07988857	_synset_domain_topic_of	01292885
07985223	_synset_domain_topic_of	01465365
07985223	_synset_domain_topic_of	01292885
07527352	_synset_domain_topic_of	01363613
07520612	_synset_domain_topic_of	01779165
07423001	_synset_domain_topic_of	00431826
07369604	_synset_domain_topic_of	00482893
07369604	_synset_domain_topic_of	00456740
07369604	_synset_domain_topic_of	00300537
07369604	_synset_domain_topic_of	00299580
07346057	_synset_domain_topic_of	01876907
07273136	_synset_domain_topic_of	01588493
07270179	_synset_domain_topic_of	00508032
07066659	_synset_domain_topic_of	10155849
07066659	_synset_domain_topic_of	01687569
06998748	_synset_domain_topic_of	09812338
06798750	_synset_domain_topic_of	01275762
06791372	_synset_domain_topic_of	02296984
05937112	_synset_domain_topic_of	02723733
05902327	_synset_domain_topic_of	01683582
05849789	_synset_domain_topic_of	02630189
05846355	_synset_domain_topic_of	00235368
05844105	_synset_domain_topic_of	01666894
05765415	_synset_domain_topic_of	02806907
05748786	_synset_domain_topic_of	00730499
05748285	_synset_domain_topic_of	00119074
05638987	_synset_domain_topic_of	09812338
05256862	_synset_domain_topic_of	00038849
05198036	_synset_domain_topic_of	10388440
05197797	_synset_domain_topic_of	02441022
05196582	_synset_domain_topic_of	02539334
05075602	_synset_domain_topic_of	02333689
04930307	_synset_domain_topic_of	02659763
04928903	_synset_domain_topic_of	01687569
04910973	_synset_domain_topic_of	01508719
04802776	_synset_domain_topic_of	02661252
04770911	_synset_domain_topic_of	01876907
04748836	_synset_domain_topic_of	00651991
04644512	_synset_domain_topic_of	02564986
04641153	_synset_domain_topic_of	00696518
04631298	_synset_domain_topic_of	00364479
04630689	_synset_domain_topic_of	00859153
04613158	_synset_domain_topic_of	01492052
04605726	_synset_domain_topic_of	01283208
04433185	_synset_domain_topic_of	01285440
04110439	_synset_domain_topic_of	01987160
04051825	_synset_domain_topic_of	01130607
03932203	_synset_domain_topic_of	01656788
03878963	_synset_domain_topic_of	01130607
03792334	_synset_domain_topic_of	01660640
03792048	_synset_domain_topic_of	01660386
03779621	_synset_domain_topic_of	01697027
03779370	_synset_domain_topic_of	01697027
03777283	_synset_domain_topic_of	01697406
03728811	_synset_domain_topic_of	01292885
03722007	_synset_domain_topic_of	00508032
03673971	_synset_domain_topic_of	01285440
03533486	_synset_domain_topic_of	01656788
03420559	_synset_domain_topic_of	01606205
03386011	_synset_domain_topic_of	01606205
03327234	_synset_domain_topic_of	01588134
03327234	_synset_domain_topic_of	01130607
03322099	_synset_domain_topic_of	02420232
03285912	_synset_domain_topic_of	02711114
03257586	_synset_domain_topic_of	01735308
03257343	_synset_domain_topic_of	01735308
03237639	_synset_domain_topic_of	00082714
03178782	_synset_domain_topic_of	01753596
03146846	_synset_domain_topic_of	01741446
03128583	_synset_domain_topic_of	03051540
03091374	_synset_domain_topic_of	01354673
03051540	_synset_domain_topic_of	00052374
03051540	_synset_domain_topic_of	00047745
02991122	_synset_domain_topic_of	09812338
02991122	_synset_domain_topic_of	02743547
02987454	_synset_domain_topic_of	00119873
02928413	_synset_domain_topic_of	01498713
02887741	_synset_domain_topic_of	01428853
02875013	_synset_domain_topic_of	01467370
02748927	_synset_domain_topic_of	03169390
02702830	_synset_domain_topic_of	10093908
02666239	_synset_domain_topic_of	02064745
02661252	_synset_domain_topic_of	07366289
02657219	_synset_domain_topic_of	03728811
02646931	_synset_domain_topic_of	00791227
02579447	_synset_domain_topic_of	10419047
02561332	_synset_domain_topic_of	00410247
02553697	_synset_domain_topic_of	01146039
02539359	_synset_domain_topic_of	00050652
02539359	_synset_domain_topic_of	00047745
02512305	_synset_domain_topic_of	10012815
02512150	_synset_domain_topic_of	08552138
02510337	_synset_domain_topic_of	05641959
02509287	_synset_domain_topic_of	00808182
02441022	_synset_domain_topic_of	09780828
02420232	_synset_domain_topic_of	10078806
02416278	_synset_domain_topic_of	01202904
02389346	_synset_domain_topic_of	00145218
02372326	_synset_domain_topic_of	00040152
02371684	_synset_domain_topic_of	09935434
02361600	_synset_domain_topic_of	03264136
02257370	_synset_domain_topic_of	00040152
02203362	_synset_domain_topic_of	13244109
02095311	_synset_domain_topic_of	04777098
02023992	_synset_domain_topic_of	03386011
02003725	_synset_domain_topic_of	00236592
01922763	_synset_domain_topic_of	07515560
01876907	_synset_domain_topic_of	07337390
01876907	_synset_domain_topic_of	00348571
01780941	_synset_domain_topic_of	01222666
01780202	_synset_domain_topic_of	07519253
01779165	_synset_domain_topic_of	04143712
01765392	_synset_domain_topic_of	07515790
01765392	_synset_domain_topic_of	01151407
01743784	_synset_domain_topic_of	10325774
01742886	_synset_domain_topic_of	09964411
01740608	_synset_domain_topic_of	03146846
01739814	_synset_domain_topic_of	00916464
01722980	_synset_domain_topic_of	05890249
01711749	_synset_domain_topic_of	08677628
01711749	_synset_domain_topic_of	08664443
01711749	_synset_domain_topic_of	05075602
01697027	_synset_domain_topic_of	03777283
01687569	_synset_domain_topic_of	05844105
01684337	_synset_domain_topic_of	10566072
01675963	_synset_domain_topic_of	03169390
01667304	_synset_domain_topic_of	04033995
01662771	_synset_domain_topic_of	03779621
01662771	_synset_domain_topic_of	03779370
01662771	_synset_domain_topic_of	00909899
01647867	_synset_domain_topic_of	13970236
01640550	_synset_domain_topic_of	09972157
01629000	_synset_domain_topic_of	00914632
01624568	_synset_domain_topic_of	13913566
01612053	_synset_domain_topic_of	02542795
01590171	_synset_domain_topic_of	03745285
01586850	_synset_domain_topic_of	03391301
01580467	_synset_domain_topic_of	03285912
01580467	_synset_domain_topic_of	00406365
01567275	_synset_domain_topic_of	01052853
01551871	_synset_domain_topic_of	10566072
01510827	_synset_domain_topic_of	00140393
01492052	_synset_domain_topic_of	04612840
01474513	_synset_domain_topic_of	02443049
01467370	_synset_domain_topic_of	08565701
01428853	_synset_domain_topic_of	10300303
01428853	_synset_domain_topic_of	07988857
01421122	_synset_domain_topic_of	03091374
01410905	_synset_domain_topic_of	04750164
01366718	_synset_domain_topic_of	07527352
01340439	_synset_domain_topic_of	00147595
01329239	_synset_domain_topic_of	10657306
01301051	_synset_domain_topic_of	10525134
01292885	_synset_domain_topic_of	04613158
01291069	_synset_domain_topic_of	00145218
01288052	_synset_domain_topic_of	04181228
01285440	_synset_domain_topic_of	02840361
01285440	_synset_domain_topic_of	00149084
01283208	_synset_domain_topic_of	03817647
01276361	_synset_domain_topic_of	00263813
01271189	_synset_domain_topic_of	03315644
01256157	_synset_domain_topic_of	10566072
01248191	_synset_domain_topic_of	02502536
01240432	_synset_domain_topic_of	00760956
01224744	_synset_domain_topic_of	10378412
01167146	_synset_domain_topic_of	02542795
01159964	_synset_domain_topic_of	01687569
01156899	_synset_domain_topic_of	01087197
01150559	_synset_domain_topic_of	08664443
01149480	_synset_domain_topic_of	00235368
01135529	_synset_domain_topic_of	02443049
01130607	_synset_domain_topic_of	04547592
01114303	_synset_domain_topic_of	09956578
01087197	_synset_domain_topic_of	04565375
01085474	_synset_domain_topic_of	04181228
01069190	_synset_domain_topic_of	00145218
01052853	_synset_domain_topic_of	01613239
01051331	_synset_domain_topic_of	02333689
01051331	_synset_domain_topic_of	01987160
01051331	_synset_domain_topic_of	01496630
01027263	_synset_domain_topic_of	00299580
01026262	_synset_domain_topic_of	04905188
01020936	_synset_domain_topic_of	01742886
01019524	_synset_domain_topic_of	01742886
01019524	_synset_domain_topic_of	01693881
00935940	_synset_domain_topic_of	01643464
00933566	_synset_domain_topic_of	05117660
00924612	_synset_domain_topic_of	06791372
00921790	_synset_domain_topic_of	01320009
00919513	_synset_domain_topic_of	01567275
00915722	_synset_domain_topic_of	01741446
00909899	_synset_domain_topic_of	01697027
00898804	_synset_domain_topic_of	01743784
00893955	_synset_domain_topic_of	00100044
00845523	_synset_domain_topic_of	02887741
00845523	_synset_domain_topic_of	01428853
00827379	_synset_domain_topic_of	01271189
00815644	_synset_domain_topic_of	01150559
00809465	_synset_domain_topic_of	10389398
00796047	_synset_domain_topic_of	06893885
00795008	_synset_domain_topic_of	02659763
00765213	_synset_domain_topic_of	09800249
00764902	_synset_domain_topic_of	13971561
00764902	_synset_domain_topic_of	07151122
00761713	_synset_domain_topic_of	07148192
00759551	_synset_domain_topic_of	00764902
00730301	_synset_domain_topic_of	08592656
00730301	_synset_domain_topic_of	08512736
00696882	_synset_domain_topic_of	00082714
00696518	_synset_domain_topic_of	02542280
00661213	_synset_domain_topic_of	05748786
00651991	_synset_domain_topic_of	07270179
00650353	_synset_domain_topic_of	10012815
00650353	_synset_domain_topic_of	04748836
00650016	_synset_domain_topic_of	05748054
00594836	_synset_domain_topic_of	09931640
00590626	_synset_domain_topic_of	09941964
00590626	_synset_domain_topic_of	09941571
00590626	_synset_domain_topic_of	09780828
00527367	_synset_domain_topic_of	01159964
00521562	_synset_domain_topic_of	01711445
00508192	_synset_domain_topic_of	04714440
00462092	_synset_domain_topic_of	04361641
00462092	_synset_domain_topic_of	00089027
00443116	_synset_domain_topic_of	14110411
00409211	_synset_domain_topic_of	02443849
00409211	_synset_domain_topic_of	01510827
00362467	_synset_domain_topic_of	04630689
00359903	_synset_domain_topic_of	00429060
00351638	_synset_domain_topic_of	00240131
00321956	_synset_domain_topic_of	01580467
00300537	_synset_domain_topic_of	04930307
00299580	_synset_domain_topic_of	05755486
00290740	_synset_domain_topic_of	00351638
00262703	_synset_domain_topic_of	03745285
00252019	_synset_domain_topic_of	13489037
00241038	_synset_domain_topic_of	00351638
00236592	_synset_domain_topic_of	00808182
00233335	_synset_domain_topic_of	13903079
00233335	_synset_domain_topic_of	08512259
00233335	_synset_domain_topic_of	05846355
00224901	_synset_domain_topic_of	09476521
00224901	_synset_domain_topic_of	00362355
00188466	_synset_domain_topic_of	03573282
00187526	_synset_domain_topic_of	03573282
00185104	_synset_domain_topic_of	00482473
00151689	_synset_domain_topic_of	13458571
00151689	_synset_domain_topic_of	05111835
00150287	_synset_domain_topic_of	09957614
00150287	_synset_domain_topic_of	01027263
00145218	_synset_domain_topic_of	02622234
00119074	_synset_domain_topic_of	04748836
00089027	_synset_domain_topic_of	02496816
00089027	_synset_domain_topic_of	01114303
00084230	_synset_domain_topic_of	06043075
00084230	_synset_domain_topic_of	00612160
00083809	_synset_domain_topic_of	00671351
00083124	_synset_domain_topic_of	02785648
00082308	_synset_domain_topic_of	14445379
00049197	_synset_domain_topic_of	03051540
00047945	_synset_domain_topic_of	00828237
00047317	_synset_domain_topic_of	00795008
00046109	_synset_domain_topic_of	00150287
00043683	_synset_domain_topic_of	02728440
00040962	_synset_domain_topic_of	13928668
14480772	_derivationally_related_form	14479615
14445379	_derivationally_related_form	00082308
14442530	_derivationally_related_form	14441825
14413644	_derivationally_related_form	13937554
14405774	_derivationally_related_form	07519253
14110411	_derivationally_related_form	00443116
13998781	_derivationally_related_form	13998576
13998576	_derivationally_related_form	13996300
13996300	_derivationally_related_form	13928668
13971561	_derivationally_related_form	13970236
13971561	_derivationally_related_form	00764902
13970236	_derivationally_related_form	01647867
13969700	_derivationally_related_form	13969243
13937554	_derivationally_related_form	13927383
13928668	_derivationally_related_form	00040962
13913566	_derivationally_related_form	01624568
13903387	_derivationally_related_form	13903079
13903079	_derivationally_related_form	13863771
13903079	_derivationally_related_form	00233335
13863771	_derivationally_related_form	00027807
13860793	_derivationally_related_form	00027807
13743605	_derivationally_related_form	13743269
13743269	_derivationally_related_form	13741022
13559782	_derivationally_related_form	13427078
13489037	_derivationally_related_form	00252019
13458571	_derivationally_related_form	00151689
13457378	_derivationally_related_form	13458571
13454318	_derivationally_related_form	13489037
13451508	_derivationally_related_form	13491060
13321495	_derivationally_related_form	13320168
13244109	_derivationally_related_form	02203362
13244109	_derivationally_related_form	00032613
13240514	_derivationally_related_form	10388924
13085864	_derivationally_related_form	00914632
11415084	_derivationally_related_form	11414874
10678472	_derivationally_related_form	10525134
10657306	_derivationally_related_form	10120816
10657306	_derivationally_related_form	01329239
10595164	_derivationally_related_form	07970406
10584318	_derivationally_related_form	10351281
10566072	_derivationally_related_form	09812338
10566072	_derivationally_related_form	01684337
10566072	_derivationally_related_form	01551871
10566072	_derivationally_related_form	01256157
10525134	_derivationally_related_form	01301051
10448983	_derivationally_related_form	10249459
10419047	_derivationally_related_form	10522324
10419047	_derivationally_related_form	02579447
10399491	_derivationally_related_form	07970406
10389398	_derivationally_related_form	00809465
10388924	_derivationally_related_form	09882007
10388732	_derivationally_related_form	10676877
10388440	_derivationally_related_form	05198036
10378412	_derivationally_related_form	01224744
10371741	_derivationally_related_form	10294602
10325774	_derivationally_related_form	01743784
10300303	_derivationally_related_form	01428853
10298647	_derivationally_related_form	10054657
10280130	_derivationally_related_form	09812338
10245639	_derivationally_related_form	10180178
10180178	_derivationally_related_form	10389398
10164233	_derivationally_related_form	10474645
10161363	_derivationally_related_form	10079399
10160412	_derivationally_related_form	09624559
10155849	_derivationally_related_form	09974648
10155849	_derivationally_related_form	07066659
10132641	_derivationally_related_form	10079399
10120816	_derivationally_related_form	10351281
10093908	_derivationally_related_form	02702830
10079210	_derivationally_related_form	10079399
10078806	_derivationally_related_form	02420232
10029068	_derivationally_related_form	09812338
10012815	_derivationally_related_form	02512305
10012815	_derivationally_related_form	00650353
09972157	_derivationally_related_form	01640550
09964411	_derivationally_related_form	01742886
09957614	_derivationally_related_form	00150287
09956578	_derivationally_related_form	01114303
09952163	_derivationally_related_form	09624559
09943541	_derivationally_related_form	09942970
09942970	_derivationally_related_form	10317007
09941964	_derivationally_related_form	10317007
09941964	_derivationally_related_form	00590626
09941571	_derivationally_related_form	09943541
09941571	_derivationally_related_form	00590626
09935434	_derivationally_related_form	09816771
09935434	_derivationally_related_form	02371684
09931640	_derivationally_related_form	00594836
09918248	_derivationally_related_form	07970406
09882716	_derivationally_related_form	09609232
09882007	_derivationally_related_form	09882716
09816771	_derivationally_related_form	09626238
09812338	_derivationally_related_form	06998748
09812338	_derivationally_related_form	05638987
09812338	_derivationally_related_form	02991122
09800249	_derivationally_related_form	09952163
09800249	_derivationally_related_form	00765213
09780828	_derivationally_related_form	10582746
09780828	_derivationally_related_form	02441022
09780828	_derivationally_related_form	00590626
09779790	_derivationally_related_form	10078806
09758781	_derivationally_related_form	10245639
09624559	_derivationally_related_form	10351874
09476521	_derivationally_related_form	00224901
09326662	_derivationally_related_form	09303008
09303008	_derivationally_related_form	09366317
08688247	_derivationally_related_form	08664443
08677628	_derivationally_related_form	08645963
08677628	_derivationally_related_form	01711749
08664443	_derivationally_related_form	08620061
08664443	_derivationally_related_form	01711749
08664443	_derivationally_related_form	01150559
08645963	_derivationally_related_form	08497294
08620763	_derivationally_related_form	08620061
08612786	_derivationally_related_form	08512259
08592656	_derivationally_related_form	08512259
08592656	_derivationally_related_form	00730301
08574314	_derivationally_related_form	08630985
08568978	_derivationally_related_form	08630039
08567235	_derivationally_related_form	08574314
08565701	_derivationally_related_form	08512259
08565701	_derivationally_related_form	01467370
08552138	_derivationally_related_form	08630985
08552138	_derivationally_related_form	02512150
08513163	_derivationally_related_form	08552138
08512736	_derivationally_related_form	08512259
08512736	_derivationally_related_form	00730301
08512259	_derivationally_related_form	08568978
08512259	_derivationally_related_form	00233335
08497294	_derivationally_related_form	08630985
08438067	_derivationally_related_form	08436759
07988857	_derivationally_related_form	07970406
07988857	_derivationally_related_form	01428853
07985223	_derivationally_related_form	07996689
07976936	_derivationally_related_form	07975026
07970406	_derivationally_related_form	10595164
07970406	_derivationally_related_form	10399491
07970406	_derivationally_related_form	09918248
07705711	_derivationally_related_form	07555863
07555863	_derivationally_related_form	15046900
07527352	_derivationally_related_form	01366718
07520612	_derivationally_related_form	07519253
07519253	_derivationally_related_form	14405774
07519253	_derivationally_related_form	01780202
07515790	_derivationally_related_form	07515560
07515790	_derivationally_related_form	01765392
07515560	_derivationally_related_form	07514968
07515560	_derivationally_related_form	01922763
07423001	_derivationally_related_form	07355887
07366289	_derivationally_related_form	07337390
07366289	_derivationally_related_form	02661252
07337390	_derivationally_related_form	01876907
07270179	_derivationally_related_form	06806469
07270179	_derivationally_related_form	00651991
07254057	_derivationally_related_form	07253637
07253637	_derivationally_related_form	06709533
07151122	_derivationally_related_form	07150644
07151122	_derivationally_related_form	00764902
07150850	_derivationally_related_form	07150644
07150644	_derivationally_related_form	07148192
07148192	_derivationally_related_form	00761713
07020895	_derivationally_related_form	07066659
07006712	_derivationally_related_form	07006119
07003119	_derivationally_related_form	06998748
06998748	_derivationally_related_form	06873252
06893885	_derivationally_related_form	06891493
06893885	_derivationally_related_form	00796047
06806469	_derivationally_related_form	06791372
06799897	_derivationally_related_form	06798750
06791372	_derivationally_related_form	00924612
06773976	_derivationally_related_form	06773434
06526291	_derivationally_related_form	06520944
06157326	_derivationally_related_form	06153846
06157326	_derivationally_related_form	01719302
06157326	_derivationally_related_form	01711445
06149484	_derivationally_related_form	00913705
06099269	_derivationally_related_form	03669886
06084469	_derivationally_related_form	14479615
06063588	_derivationally_related_form	00671351
06063588	_derivationally_related_form	00083334
06043075	_derivationally_related_form	03430091
06043075	_derivationally_related_form	00612160
06043075	_derivationally_related_form	00084230
06018465	_derivationally_related_form	06022291
06004685	_derivationally_related_form	06003682
06004685	_derivationally_related_form	01583656
06000644	_derivationally_related_form	10301261
06000644	_derivationally_related_form	06004685
05981230	_derivationally_related_form	05980875
05938795	_derivationally_related_form	05925366
05890249	_derivationally_related_form	01722980
05849789	_derivationally_related_form	05849040
05846355	_derivationally_related_form	00233335
05844105	_derivationally_related_form	01687569
05755486	_derivationally_related_form	00299580
05750657	_derivationally_related_form	05750163
05750657	_derivationally_related_form	01666894
05750657	_derivationally_related_form	01666717
05750163	_derivationally_related_form	05749619
05749619	_derivationally_related_form	05748054
05748786	_derivationally_related_form	05748285
05748786	_derivationally_related_form	00661213
05748054	_derivationally_related_form	00650016
05641959	_derivationally_related_form	05640433
05641959	_derivationally_related_form	02510337
05257737	_derivationally_related_form	05256862
05256862	_derivationally_related_form	05257737
05256862	_derivationally_related_form	04055030
05198036	_derivationally_related_form	05196582
05197797	_derivationally_related_form	05196582
05196582	_derivationally_related_form	05196375
05162455	_derivationally_related_form	05161614
05117660	_derivationally_related_form	05093890
05117660	_derivationally_related_form	00933566
05111835	_derivationally_related_form	05109808
05111835	_derivationally_related_form	00151689
05109808	_derivationally_related_form	05107765
05107765	_derivationally_related_form	05090441
05093890	_derivationally_related_form	04916342
05090441	_derivationally_related_form	04916342
05085572	_derivationally_related_form	05084201
05075602	_derivationally_related_form	05074774
05075602	_derivationally_related_form	01711749
04930307	_derivationally_related_form	04928903
04930307	_derivationally_related_form	00300537
04928903	_derivationally_related_form	04916342
04910973	_derivationally_related_form	04910135
04906026	_derivationally_related_form	04905188
04905842	_derivationally_related_form	04905188
04905188	_derivationally_related_form	01026262
04802776	_derivationally_related_form	04802629
04777098	_derivationally_related_form	04776699
04777098	_derivationally_related_form	02095311
04750764	_derivationally_related_form	04750164
04750164	_derivationally_related_form	04748836
04750164	_derivationally_related_form	01410905
04748836	_derivationally_related_form	00650353
04748836	_derivationally_related_form	00119074
04714440	_derivationally_related_form	04731497
04714440	_derivationally_related_form	00508192
04713428	_derivationally_related_form	04712735
04713332	_derivationally_related_form	04712735
04713118	_derivationally_related_form	04712735
04712735	_derivationally_related_form	04731497
04659287	_derivationally_related_form	04659090
04644512	_derivationally_related_form	04623612
04641153	_derivationally_related_form	04640927
04640927	_derivationally_related_form	04623612
04639113	_derivationally_related_form	04623612
04631298	_derivationally_related_form	04623612
04630689	_derivationally_related_form	04623612
04630689	_derivationally_related_form	00362467
04623612	_derivationally_related_form	04631298
04623612	_derivationally_related_form	04630689
04613158	_derivationally_related_form	03091374
04613158	_derivationally_related_form	01292885
04612840	_derivationally_related_form	04295081
04612840	_derivationally_related_form	01492052
04608567	_derivationally_related_form	03563967
04596852	_derivationally_related_form	03051540
04565375	_derivationally_related_form	03574816
04565375	_derivationally_related_form	01087197
04550426	_derivationally_related_form	03051540
04547592	_derivationally_related_form	01130607
04433185	_derivationally_related_form	03106110
04377057	_derivationally_related_form	03778600
04369025	_derivationally_related_form	02785648
04361641	_derivationally_related_form	00462092
04321238	_derivationally_related_form	04179385
04296562	_derivationally_related_form	03961939
04295081	_derivationally_related_form	03430959
04272054	_derivationally_related_form	03852280
04272054	_derivationally_related_form	03391301
04272054	_derivationally_related_form	02899439
04181228	_derivationally_related_form	01288052
04181228	_derivationally_related_form	01085474
04160372	_derivationally_related_form	10689564
04160372	_derivationally_related_form	03600977
04157320	_derivationally_related_form	03958097
04143712	_derivationally_related_form	01779165
04085873	_derivationally_related_form	03315644
04055030	_derivationally_related_form	05256862
04051825	_derivationally_related_form	03385557
04051825	_derivationally_related_form	03282060
04033995	_derivationally_related_form	02820210
04033995	_derivationally_related_form	01667304
03958097	_derivationally_related_form	02743547
03932670	_derivationally_related_form	03309808
03878963	_derivationally_related_form	03385557
03852280	_derivationally_related_form	03574816
03817647	_derivationally_related_form	04596852
03817647	_derivationally_related_form	01283208
03792334	_derivationally_related_form	02799897
03779621	_derivationally_related_form	04157320
03779621	_derivationally_related_form	01662771
03779370	_derivationally_related_form	01662771
03778600	_derivationally_related_form	04377057
03777283	_derivationally_related_form	01697027
03763727	_derivationally_related_form	03763403
03763403	_derivationally_related_form	03763727
03745285	_derivationally_related_form	04179385
03745285	_derivationally_related_form	01590171
03745285	_derivationally_related_form	00262703
03728811	_derivationally_related_form	03257343
03728811	_derivationally_related_form	02657219
03722007	_derivationally_related_form	04608567
03674440	_derivationally_related_form	03738241
03670849	_derivationally_related_form	02845576
03605915	_derivationally_related_form	03091374
03600977	_derivationally_related_form	03605915
03573282	_derivationally_related_form	00188466
03573282	_derivationally_related_form	00187526
03533486	_derivationally_related_form	04377057
03513627	_derivationally_related_form	03309808
03513627	_derivationally_related_form	03264542
03496892	_derivationally_related_form	03322940
03430091	_derivationally_related_form	02785648
03420559	_derivationally_related_form	03763403
03391301	_derivationally_related_form	04272054
03391301	_derivationally_related_form	01586850
03386011	_derivationally_related_form	03171356
03386011	_derivationally_related_form	02023992
03385557	_derivationally_related_form	04051825
03385557	_derivationally_related_form	03171356
03330947	_derivationally_related_form	04181228
03322099	_derivationally_related_form	04602044
03315644	_derivationally_related_form	01271189
03309808	_derivationally_related_form	03513627
03309808	_derivationally_related_form	03265479
03285912	_derivationally_related_form	01580467
03282060	_derivationally_related_form	03792048
03265479	_derivationally_related_form	03309808
03264542	_derivationally_related_form	08592656
03264136	_derivationally_related_form	02361600
03257343	_derivationally_related_form	03104594
03178782	_derivationally_related_form	03169390
03173524	_derivationally_related_form	03234306
03169390	_derivationally_related_form	02748927
03169390	_derivationally_related_form	01675963
03146846	_derivationally_related_form	03322940
03146846	_derivationally_related_form	01740608
03106110	_derivationally_related_form	03670849
03091374	_derivationally_related_form	01421122
03051540	_derivationally_related_form	04550426
03051540	_derivationally_related_form	03128583
03051540	_derivationally_related_form	03093574
03051540	_derivationally_related_form	00049197
02979662	_derivationally_related_form	03104594
02899439	_derivationally_related_form	04272054
02887741	_derivationally_related_form	00845523
02875013	_derivationally_related_form	03264542
02845576	_derivationally_related_form	08566028
02845576	_derivationally_related_form	03670849
02840361	_derivationally_related_form	01285440
02806907	_derivationally_related_form	05765415
02785648	_derivationally_related_form	03430091
02785648	_derivationally_related_form	03237639
02785648	_derivationally_related_form	00083124
02743547	_derivationally_related_form	09812338
02743547	_derivationally_related_form	02991122
02728440	_derivationally_related_form	03051540
02728440	_derivationally_related_form	00043683
02723733	_derivationally_related_form	05937112
02711114	_derivationally_related_form	13998576
02711114	_derivationally_related_form	09273291
02711114	_derivationally_related_form	03285912
02710673	_derivationally_related_form	13903387
02710673	_derivationally_related_form	13903079
02710673	_derivationally_related_form	02711114
02710673	_derivationally_related_form	02703952
02703952	_derivationally_related_form	02710673
02702830	_derivationally_related_form	02667900
02700455	_derivationally_related_form	02700104
02700455	_derivationally_related_form	02659763
02700104	_derivationally_related_form	02657219
02671279	_derivationally_related_form	02502536
02667900	_derivationally_related_form	02657219
02661252	_derivationally_related_form	10341660
02661252	_derivationally_related_form	04802776
02660147	_derivationally_related_form	02659763
02659763	_derivationally_related_form	04930307
02659763	_derivationally_related_form	02700455
02659763	_derivationally_related_form	00795008
02657219	_derivationally_related_form	02664769
02646931	_derivationally_related_form	14442530
02646931	_derivationally_related_form	14441825
02630189	_derivationally_related_form	05849789
02630189	_derivationally_related_form	02204692
02630189	_derivationally_related_form	02203362
02622234	_derivationally_related_form	00145218
02564986	_derivationally_related_form	04644512
02564986	_derivationally_related_form	01930512
02553697	_derivationally_related_form	00253761
02542795	_derivationally_related_form	01612053
02542795	_derivationally_related_form	01167146
02542795	_derivationally_related_form	00150287
02542280	_derivationally_related_form	02542795
02542280	_derivationally_related_form	00696518
02539334	_derivationally_related_form	10388440
02539334	_derivationally_related_form	05196582
02513460	_derivationally_related_form	02512305
02512305	_derivationally_related_form	00650353
02509919	_derivationally_related_form	02509287
02509287	_derivationally_related_form	02510337
02506555	_derivationally_related_form	02064745
02502536	_derivationally_related_form	02671279
02502536	_derivationally_related_form	01248191
02496816	_derivationally_related_form	00089027
02451113	_derivationally_related_form	02388145
02451113	_derivationally_related_form	01612053
02451113	_derivationally_related_form	01474513
02451113	_derivationally_related_form	00696518
02443849	_derivationally_related_form	00409211
02443049	_derivationally_related_form	10676877
02443049	_derivationally_related_form	10388732
02443049	_derivationally_related_form	02431971
02443049	_derivationally_related_form	01474513
02443049	_derivationally_related_form	01135529
02441022	_derivationally_related_form	09941383
02441022	_derivationally_related_form	05197797
02420232	_derivationally_related_form	03322099
02416751	_derivationally_related_form	02416278
02416278	_derivationally_related_form	02416751
02389592	_derivationally_related_form	02458103
02389592	_derivationally_related_form	02389346
02389346	_derivationally_related_form	02389592
02389346	_derivationally_related_form	02374149
02388145	_derivationally_related_form	02451113
02333689	_derivationally_related_form	05075602
02333689	_derivationally_related_form	01088923
02333689	_derivationally_related_form	01051331
02296984	_derivationally_related_form	06791372
02272549	_derivationally_related_form	09802641
02272549	_derivationally_related_form	02274482
02204692	_derivationally_related_form	10529231
02204692	_derivationally_related_form	02630189
02203362	_derivationally_related_form	10529231
02203362	_derivationally_related_form	02630189
02095311	_derivationally_related_form	01059400
02064745	_derivationally_related_form	02666239
02064745	_derivationally_related_form	02506555
02064745	_derivationally_related_form	01410363
02064745	_derivationally_related_form	00508192
02023992	_derivationally_related_form	02023341
01987160	_derivationally_related_form	04110439
01987160	_derivationally_related_form	01051331
01930512	_derivationally_related_form	02564986
01922763	_derivationally_related_form	01740892
01922763	_derivationally_related_form	00087152
01877204	_derivationally_related_form	01876907
01876907	_derivationally_related_form	07346057
01876907	_derivationally_related_form	04770911
01876907	_derivationally_related_form	01877204
01819554	_derivationally_related_form	10525134
01819554	_derivationally_related_form	01819147
01785748	_derivationally_related_form	14405931
01785748	_derivationally_related_form	01819554
01785748	_derivationally_related_form	01779165
01782218	_derivationally_related_form	01780202
01781983	_derivationally_related_form	14405931
01781983	_derivationally_related_form	01780941
01781180	_derivationally_related_form	01779165
01780941	_derivationally_related_form	01779165
01779165	_derivationally_related_form	07520612
01779165	_derivationally_related_form	01785748
01765392	_derivationally_related_form	13970764
01765392	_derivationally_related_form	13969700
01753596	_derivationally_related_form	10210648
01753596	_derivationally_related_form	03178782
01753596	_derivationally_related_form	01640550
01743784	_derivationally_related_form	01742886
01743784	_derivationally_related_form	00898804
01742886	_derivationally_related_form	01736822
01742886	_derivationally_related_form	01020936
01742886	_derivationally_related_form	01019524
01742726	_derivationally_related_form	13454318
01742726	_derivationally_related_form	09779790
01741446	_derivationally_related_form	13085864
01741446	_derivationally_related_form	03146846
01741446	_derivationally_related_form	00915722
01741446	_derivationally_related_form	00406243
01740892	_derivationally_related_form	01922763
01739814	_derivationally_related_form	01742726
01735308	_derivationally_related_form	03257586
01735308	_derivationally_related_form	03257343
01735308	_derivationally_related_form	01736822
01711749	_derivationally_related_form	01711445
01711445	_derivationally_related_form	00521562
01697406	_derivationally_related_form	10325774
01697406	_derivationally_related_form	03777283
01697027	_derivationally_related_form	03779621
01697027	_derivationally_related_form	03779370
01697027	_derivationally_related_form	00909899
01693881	_derivationally_related_form	01019524
01690294	_derivationally_related_form	01582645
01689379	_derivationally_related_form	01690294
01687569	_derivationally_related_form	07066659
01687569	_derivationally_related_form	04928903
01687569	_derivationally_related_form	01159964
01684337	_derivationally_related_form	01551871
01683582	_derivationally_related_form	05902327
01667449	_derivationally_related_form	01291069
01667304	_derivationally_related_form	01666327
01666894	_derivationally_related_form	05844105
01666717	_derivationally_related_form	01640550
01660640	_derivationally_related_form	03792334
01660386	_derivationally_related_form	03792048
01656788	_derivationally_related_form	03932203
01656788	_derivationally_related_form	03533486
01656788	_derivationally_related_form	01295275
01647867	_derivationally_related_form	01647672
01647672	_derivationally_related_form	01629000
01643464	_derivationally_related_form	01582645
01643464	_derivationally_related_form	00935940
01640550	_derivationally_related_form	01753596
01629000	_derivationally_related_form	01647672
01613239	_derivationally_related_form	01052853
01612053	_derivationally_related_form	02451113
01612053	_derivationally_related_form	01474513
01612053	_derivationally_related_form	01123148
01612053	_derivationally_related_form	00788821
01612053	_derivationally_related_form	00696518
01606205	_derivationally_related_form	03420559
01606205	_derivationally_related_form	03386011
01590171	_derivationally_related_form	01291069
01588493	_derivationally_related_form	07273136
01588493	_derivationally_related_form	01296462
01588493	_derivationally_related_form	00508032
01588134	_derivationally_related_form	03327234
01583656	_derivationally_related_form	01583494
01583656	_derivationally_related_form	01582645
01583494	_derivationally_related_form	01583656
01583494	_derivationally_related_form	01582645
01582645	_derivationally_related_form	08612786
01582645	_derivationally_related_form	01690294
01582645	_derivationally_related_form	01643464
01582645	_derivationally_related_form	00508032
01580467	_derivationally_related_form	00321956
01567275	_derivationally_related_form	00919513
01551871	_derivationally_related_form	01684337
01551871	_derivationally_related_form	01256157
01531375	_derivationally_related_form	01508719
01510827	_derivationally_related_form	14008806
01510827	_derivationally_related_form	00409211
01508719	_derivationally_related_form	04910973
01508719	_derivationally_related_form	01531375
01498713	_derivationally_related_form	02928413
01496630	_derivationally_related_form	01051331
01492052	_derivationally_related_form	04613158
01492052	_derivationally_related_form	01296462
01474513	_derivationally_related_form	02451113
01474513	_derivationally_related_form	01612053
01474513	_derivationally_related_form	00696518
01467370	_derivationally_related_form	08567235
01467370	_derivationally_related_form	02875013
01466978	_derivationally_related_form	13903079
01466978	_derivationally_related_form	09758781
01465365	_derivationally_related_form	07985223
01465365	_derivationally_related_form	02612368
01465365	_derivationally_related_form	01465218
01465218	_derivationally_related_form	13743605
01465218	_derivationally_related_form	01465365
01428853	_derivationally_related_form	02887741
01428853	_derivationally_related_form	01291069
01428853	_derivationally_related_form	00845523
01421122	_derivationally_related_form	01421622
01410363	_derivationally_related_form	02064745
01389942	_derivationally_related_form	01130607
01368192	_derivationally_related_form	01364008
01368192	_derivationally_related_form	01149494
01368192	_derivationally_related_form	00364479
01366718	_derivationally_related_form	01363613
01366718	_derivationally_related_form	01148283
01364008	_derivationally_related_form	01368192
01364008	_derivationally_related_form	01149494
01363613	_derivationally_related_form	07527352
01363613	_derivationally_related_form	01366718
01363613	_derivationally_related_form	01148283
01354673	_derivationally_related_form	03091374
01340439	_derivationally_related_form	01296462
01329239	_derivationally_related_form	10584318
01329239	_derivationally_related_form	01340439
01320009	_derivationally_related_form	10161363
01320009	_derivationally_related_form	00921790
01301410	_derivationally_related_form	13998781
01301410	_derivationally_related_form	00512186
01301051	_derivationally_related_form	00233335
01296462	_derivationally_related_form	01354673
01295275	_derivationally_related_form	01354673
01293389	_derivationally_related_form	01295275
01293389	_derivationally_related_form	01292885
01292885	_derivationally_related_form	07988857
01292885	_derivationally_related_form	07985223
01292885	_derivationally_related_form	03728811
01292885	_derivationally_related_form	01295275
01292885	_derivationally_related_form	01293389
01288052	_derivationally_related_form	01301410
01286913	_derivationally_related_form	01301410
01286913	_derivationally_related_form	01285440
01285440	_derivationally_related_form	04433185
01285440	_derivationally_related_form	03673971
01285440	_derivationally_related_form	01340439
01285440	_derivationally_related_form	01286913
01283208	_derivationally_related_form	04605726
01276361	_derivationally_related_form	13905792
01276361	_derivationally_related_form	01275762
01275762	_derivationally_related_form	06798750
01271189	_derivationally_related_form	00827379
01248191	_derivationally_related_form	00049003
01240432	_derivationally_related_form	01240210
01224744	_derivationally_related_form	01211699
01224744	_derivationally_related_form	00597385
01222666	_derivationally_related_form	01780941
01222666	_derivationally_related_form	01222477
01222477	_derivationally_related_form	01221611
01205827	_derivationally_related_form	01202904
01205156	_derivationally_related_form	01202904
01203715	_derivationally_related_form	01162754
01202904	_derivationally_related_form	02416278
01195536	_derivationally_related_form	00619972
01187810	_derivationally_related_form	01181475
01159964	_derivationally_related_form	01159776
01159964	_derivationally_related_form	00527367
01155421	_derivationally_related_form	01088923
01151407	_derivationally_related_form	01765392
01151407	_derivationally_related_form	01150938
01151097	_derivationally_related_form	01150938
01150559	_derivationally_related_form	10470460
01150559	_derivationally_related_form	01151110
01150559	_derivationally_related_form	00815644
01149494	_derivationally_related_form	01368192
01149494	_derivationally_related_form	01364008
01149494	_derivationally_related_form	00909363
01149494	_derivationally_related_form	00589624
01149494	_derivationally_related_form	00364479
01149480	_derivationally_related_form	01148614
01148283	_derivationally_related_form	01366718
01148283	_derivationally_related_form	01363613
01148283	_derivationally_related_form	01127623
01148283	_derivationally_related_form	00999817
01148283	_derivationally_related_form	00588797
01148283	_derivationally_related_form	00362467
01146039	_derivationally_related_form	02553697
01135529	_derivationally_related_form	01133281
01130607	_derivationally_related_form	04051825
01130607	_derivationally_related_form	03878963
01130607	_derivationally_related_form	03327234
01130607	_derivationally_related_form	01389942
01128655	_derivationally_related_form	01128390
01123148	_derivationally_related_form	01612053
01114303	_derivationally_related_form	00089027
01093587	_derivationally_related_form	00764902
01087197	_derivationally_related_form	08197742
01087197	_derivationally_related_form	01156899
01085474	_derivationally_related_form	02513460
01069391	_derivationally_related_form	01295275
01069391	_derivationally_related_form	01069190
01069190	_derivationally_related_form	01069391
01059400	_derivationally_related_form	02095311
01052853	_derivationally_related_form	01567275
01052853	_derivationally_related_form	01051331
01027263	_derivationally_related_form	00150287
01004062	_derivationally_related_form	01000214
00999817	_derivationally_related_form	01148283
00938419	_derivationally_related_form	00935940
00935940	_derivationally_related_form	10029068
00922438	_derivationally_related_form	00921738
00921790	_derivationally_related_form	15236475
00921738	_derivationally_related_form	00651991
00919513	_derivationally_related_form	00916464
00918820	_derivationally_related_form	00916464
00918820	_derivationally_related_form	00915722
00917211	_derivationally_related_form	01492052
00917211	_derivationally_related_form	00916464
00916464	_derivationally_related_form	09779790
00916464	_derivationally_related_form	01742726
00916464	_derivationally_related_form	01741446
00916464	_derivationally_related_form	01740608
00916464	_derivationally_related_form	01739814
00916464	_derivationally_related_form	00918820
00916464	_derivationally_related_form	00915722
00914632	_derivationally_related_form	01629000
00914632	_derivationally_related_form	00913705
00909899	_derivationally_related_form	01662771
00909899	_derivationally_related_form	00908909
00909363	_derivationally_related_form	01149494
00898804	_derivationally_related_form	00898518
00859153	_derivationally_related_form	04630689
00859153	_derivationally_related_form	01813884
00833702	_derivationally_related_form	09931640
00833702	_derivationally_related_form	00100044
00828237	_derivationally_related_form	00047945
00815644	_derivationally_related_form	00815320
00808182	_derivationally_related_form	02509287
00808182	_derivationally_related_form	00236592
00795008	_derivationally_related_form	00791078
00795008	_derivationally_related_form	00047317
00791227	_derivationally_related_form	02646931
00788821	_derivationally_related_form	01612053
00765213	_derivationally_related_form	00764902
00764902	_derivationally_related_form	00759551
00764902	_derivationally_related_form	00262703
00760956	_derivationally_related_form	01240432
00760956	_derivationally_related_form	00761713
00759694	_derivationally_related_form	01222666
00752335	_derivationally_related_form	10448983
00751887	_derivationally_related_form	09941964
00737399	_derivationally_related_form	00737188
00730499	_derivationally_related_form	05748786
00730301	_derivationally_related_form	00235368
00715674	_derivationally_related_form	00714944
00714944	_derivationally_related_form	00935005
00709625	_derivationally_related_form	00709379
00709625	_derivationally_related_form	00708017
00708017	_derivationally_related_form	00709625
00696518	_derivationally_related_form	04641153
00696518	_derivationally_related_form	02451113
00696518	_derivationally_related_form	01612053
00696518	_derivationally_related_form	01474513
00671351	_derivationally_related_form	00083809
00661213	_derivationally_related_form	00650353
00651991	_derivationally_related_form	04748836
00651991	_derivationally_related_form	00921738
00650016	_derivationally_related_form	00650353
00619972	_derivationally_related_form	01195536
00612160	_derivationally_related_form	00610373
00612160	_derivationally_related_form	00084230
00612160	_derivationally_related_form	00083124
00612160	_derivationally_related_form	00082714
00597634	_derivationally_related_form	00595935
00597385	_derivationally_related_form	01224744
00597385	_derivationally_related_form	00595935
00595684	_derivationally_related_form	10388440
00595146	_derivationally_related_form	10388440
00589624	_derivationally_related_form	01149494
00588797	_derivationally_related_form	01148283
00527572	_derivationally_related_form	00212414
00521562	_derivationally_related_form	00520257
00508192	_derivationally_related_form	02064745
00508032	_derivationally_related_form	07270179
00508032	_derivationally_related_form	03722007
00508032	_derivationally_related_form	01588493
00508032	_derivationally_related_form	00234725
00482893	_derivationally_related_form	07369604
00482893	_derivationally_related_form	00483181
00482473	_derivationally_related_form	10160412
00482473	_derivationally_related_form	09952163
00482473	_derivationally_related_form	00185104
00462092	_derivationally_related_form	10678472
00462092	_derivationally_related_form	09956578
00462092	_derivationally_related_form	02510337
00456740	_derivationally_related_form	07369604
00456740	_derivationally_related_form	00456596
00456740	_derivationally_related_form	00296178
00456596	_derivationally_related_form	00456740
00456596	_derivationally_related_form	00150287
00445467	_derivationally_related_form	13491060
00445169	_derivationally_related_form	13860793
00445169	_derivationally_related_form	00444519
00444519	_derivationally_related_form	00445169
00443384	_derivationally_related_form	00443116
00443116	_derivationally_related_form	00443384
00442669	_derivationally_related_form	00445169
00432683	_derivationally_related_form	00431826
00431826	_derivationally_related_form	07423001
00431826	_derivationally_related_form	00151689
00429968	_derivationally_related_form	00441445
00429968	_derivationally_related_form	00429060
00429060	_derivationally_related_form	00429968
00429060	_derivationally_related_form	00359903
00411384	_derivationally_related_form	00410247
00410247	_derivationally_related_form	02561332
00406365	_derivationally_related_form	01580467
00406365	_derivationally_related_form	00404403
00364479	_derivationally_related_form	04631298
00364479	_derivationally_related_form	01368192
00364479	_derivationally_related_form	01149494
00362467	_derivationally_related_form	01148283
00362355	_derivationally_related_form	00351638
00362355	_derivationally_related_form	00224901
00355547	_derivationally_related_form	00354884
00355252	_derivationally_related_form	00351638
00354884	_derivationally_related_form	00351638
00353782	_derivationally_related_form	00351638
00351638	_derivationally_related_form	00351485
00351638	_derivationally_related_form	00290740
00351638	_derivationally_related_form	00241038
00348571	_derivationally_related_form	01876907
00321956	_derivationally_related_form	00320852
00314469	_derivationally_related_form	02845576
00300537	_derivationally_related_form	10093908
00300537	_derivationally_related_form	07369604
00299580	_derivationally_related_form	07369604
00299580	_derivationally_related_form	01027263
00296178	_derivationally_related_form	09769929
00294884	_derivationally_related_form	00224901
00290740	_derivationally_related_form	09476521
00290740	_derivationally_related_form	00441445
00263813	_derivationally_related_form	01276361
00262703	_derivationally_related_form	00764902
00262703	_derivationally_related_form	00260648
00261705	_derivationally_related_form	00260648
00260648	_derivationally_related_form	10308732
00252019	_derivationally_related_form	00230746
00245457	_derivationally_related_form	13489037
00245457	_derivationally_related_form	00253761
00245457	_derivationally_related_form	00231557
00241038	_derivationally_related_form	00441445
00240131	_derivationally_related_form	00351638
00240131	_derivationally_related_form	00241038
00236592	_derivationally_related_form	02003725
00236592	_derivationally_related_form	00235368
00236289	_derivationally_related_form	00233335
00235368	_derivationally_related_form	05846355
00235368	_derivationally_related_form	01149480
00235368	_derivationally_related_form	00441445
00234725	_derivationally_related_form	00508032
00234725	_derivationally_related_form	00233335
00233335	_derivationally_related_form	15224293
00233335	_derivationally_related_form	10525134
00233335	_derivationally_related_form	02510337
00231557	_derivationally_related_form	00252019
00231557	_derivationally_related_form	00245457
00188466	_derivationally_related_form	00187526
00185104	_derivationally_related_form	00044673
00170844	_derivationally_related_form	00059552
00169651	_derivationally_related_form	00170844
00152887	_derivationally_related_form	00151689
00151689	_derivationally_related_form	00169651
00150287	_derivationally_related_form	13427078
00150287	_derivationally_related_form	00046109
00149084	_derivationally_related_form	01285440
00149084	_derivationally_related_form	00147595
00148978	_derivationally_related_form	00147595
00147595	_derivationally_related_form	01340439
00147595	_derivationally_related_form	00145218
00145218	_derivationally_related_form	02389346
00145218	_derivationally_related_form	01291069
00145218	_derivationally_related_form	01069190
00140393	_derivationally_related_form	01510827
00119873	_derivationally_related_form	02987454
00119524	_derivationally_related_form	00252019
00119074	_derivationally_related_form	05748285
00100044	_derivationally_related_form	00893955
00100044	_derivationally_related_form	00833702
00089027	_derivationally_related_form	00462092
00089027	_derivationally_related_form	00088481
00088481	_derivationally_related_form	00041899
00087152	_derivationally_related_form	01922763
00083334	_derivationally_related_form	00083124
00083124	_derivationally_related_form	00082714
00082714	_derivationally_related_form	03237639
00082714	_derivationally_related_form	00696882
00082308	_derivationally_related_form	00064095
00052374	_derivationally_related_form	03051540
00052043	_derivationally_related_form	00047945
00050652	_derivationally_related_form	02539359
00049197	_derivationally_related_form	00047945
00047945	_derivationally_related_form	10033082
00047945	_derivationally_related_form	00046534
00047745	_derivationally_related_form	03051540
00047745	_derivationally_related_form	02630189
00047745	_derivationally_related_form	02539359
00047317	_derivationally_related_form	00050652
00046534	_derivationally_related_form	10033082
00046534	_derivationally_related_form	00047945
00046534	_derivationally_related_form	00043683
00044797	_derivationally_related_form	00046534
00044797	_derivationally_related_form	00044149
00044149	_derivationally_related_form	00046534
00044149	_derivationally_related_form	00044797
00043683	_derivationally_related_form	00046534
00043683	_derivationally_related_form	00044149
00040962	_derivationally_related_form	00040804
00040804	_derivationally_related_form	00040152
00040152	_derivationally_related_form	02372326
00040152	_derivationally_related_form	02257370
00040152	_derivationally_related_form	00039021
00038849	_derivationally_related_form	05256862
00017222	_derivationally_related_form	08436759
15236475	_verb_group	00921790
15224293	_verb_group	00235368
15224293	_verb_group	00233335
15046900	_verb_group	07555863
15046900	_verb_group	00445169
14480772	_verb_group	14479615
14480772	_verb_group	00445467
14480772	_verb_group	00445169
14479615	_verb_group	14480772
14479615	_verb_group	06084469
14445379	_verb_group	00476819
14445379	_verb_group	00082308
14442530	_verb_group	14441825
14442530	_verb_group	10678662
14442530	_verb_group	02646931
14442530	_verb_group	02539334
14441825	_verb_group	14442530
14441825	_verb_group	02646931
14441825	_verb_group	00791227
14413644	_verb_group	13937554
14413644	_verb_group	02513460
14405931	_verb_group	01785748
14405931	_verb_group	01781983
14405774	_verb_group	07519253
14110411	_verb_group	00443384
14110411	_verb_group	00443116
14008806	_verb_group	01510827
13999663	_verb_group	01301410
13998781	_verb_group	13998576
13998781	_verb_group	01301410
13998576	_verb_group	13998781
13998576	_verb_group	13996300
13998576	_verb_group	02711114
13996300	_verb_group	13998576
13996300	_verb_group	13928668
13996300	_verb_group	02496816
13988663	_verb_group	01149494
13987423	_verb_group	01148283
13971561	_verb_group	13970236
13971561	_verb_group	01765392
13971561	_verb_group	00764902
13970764	_verb_group	01765392
13970764	_verb_group	00294884
13970236	_verb_group	13971561
13970236	_verb_group	01647867
13969700	_verb_group	13969243
13969700	_verb_group	01765392
13969243	_verb_group	13969700
13969243	_verb_group	02700104
13969243	_verb_group	00483181
13969243	_verb_group	00482473
13937554	_verb_group	14413644
13937554	_verb_group	13927383
13928668	_verb_group	13996300
13928668	_verb_group	00040962
13927383	_verb_group	13937554
13913566	_verb_group	02144644
13913566	_verb_group	01697027
13913566	_verb_group	01662771
13913566	_verb_group	01624568
13913566	_verb_group	00981276
13905792	_verb_group	01276361
13903387	_verb_group	13903079
13903387	_verb_group	02710673
13903079	_verb_group	13903387
13903079	_verb_group	13863771
13903079	_verb_group	02710673
13903079	_verb_group	01466978
13903079	_verb_group	00233335
13863771	_verb_group	13903079
13863771	_verb_group	00027807
13860793	_verb_group	00445169
13860793	_verb_group	00027807
13792692	_verb_group	01492052
13792692	_verb_group	01354673
13743605	_verb_group	13743269
13743605	_verb_group	01465365
13743605	_verb_group	01465218
13743605	_verb_group	01292885
13743269	_verb_group	13743605
13743269	_verb_group	13741022
13741022	_verb_group	13743269
13559782	_verb_group	13427078
13559782	_verb_group	00119524
13559782	_verb_group	00119266
13491060	_verb_group	13451508
13491060	_verb_group	00527572
13491060	_verb_group	00445467
13491060	_verb_group	00445169
13491060	_verb_group	00443116
13491060	_verb_group	00442669
13489037	_verb_group	13454318
13489037	_verb_group	00252019
13489037	_verb_group	00245457
13489037	_verb_group	00231557
13470491	_verb_group	00431826
13458571	_verb_group	13457378
13458571	_verb_group	00151689
13457378	_verb_group	13458571
13457378	_verb_group	00431826
13457378	_verb_group	00151689
13454318	_verb_group	13489037
13454318	_verb_group	01742726
13451508	_verb_group	13491060
13451508	_verb_group	00442669
13427078	_verb_group	13559782
13427078	_verb_group	00150287
13321495	_verb_group	13320168
13321495	_verb_group	02502536
13320168	_verb_group	13321495
13244109	_verb_group	02203362
13244109	_verb_group	00032613
13240514	_verb_group	10389398
13240514	_verb_group	10388924
13085864	_verb_group	01741446
13085864	_verb_group	01321002
13085864	_verb_group	01320009
13085864	_verb_group	00914632
11415084	_verb_group	11414874
11415084	_verb_group	02661252
11414874	_verb_group	11415084
10689564	_verb_group	04160372
10689564	_verb_group	01666717
10689564	_verb_group	01666327
10678662	_verb_group	14442530
10678472	_verb_group	10525134
10678472	_verb_group	00462092
10676877	_verb_group	10388732
10676877	_verb_group	02443049
10668450	_verb_group	00462092
10657306	_verb_group	10120816
10657306	_verb_group	01329239
10645611	_verb_group	01648126
10640620	_verb_group	01428853
10595164	_verb_group	07970406
10584318	_verb_group	10351281
10584318	_verb_group	01666327
10584318	_verb_group	01329239
10582746	_verb_group	09780828
10566072	_verb_group	09812338
10566072	_verb_group	01684337
10566072	_verb_group	01551871
10566072	_verb_group	01256157
10529231	_verb_group	02204692
10529231	_verb_group	02203362
10525134	_verb_group	10678472
10525134	_verb_group	02441022
10525134	_verb_group	01819554
10525134	_verb_group	01301051
10525134	_verb_group	00233335
10522324	_verb_group	10419047
10474645	_verb_group	10164233
10470460	_verb_group	01203715
10470460	_verb_group	01150559
10448983	_verb_group	10249459
10448983	_verb_group	00752335
10419047	_verb_group	10522324
10419047	_verb_group	02661252
10419047	_verb_group	02579447
10402417	_verb_group	08060694
10402417	_verb_group	06526291
10399491	_verb_group	07970406
10389398	_verb_group	13240514
10389398	_verb_group	10180178
10389398	_verb_group	02204692
10389398	_verb_group	00809465
10388924	_verb_group	13240514
10388924	_verb_group	09882007
10388924	_verb_group	02204692
10388924	_verb_group	00809465
10388732	_verb_group	10676877
10388732	_verb_group	02443049
10388440	_verb_group	05198036
10388440	_verb_group	02539334
10388440	_verb_group	00595684
10388440	_verb_group	00595146
10378780	_verb_group	02443849
10378412	_verb_group	01224744
10371741	_verb_group	10294602
10371741	_verb_group	00752335
10351874	_verb_group	09624559
10351281	_verb_group	10584318
10351281	_verb_group	10120816
10341660	_verb_group	02987454
10341660	_verb_group	02987177
10341660	_verb_group	02661252
10341660	_verb_group	00119873
10325774	_verb_group	01743784
10325774	_verb_group	01697406
10317007	_verb_group	09942970
10317007	_verb_group	09941964
10317007	_verb_group	00752335
10308732	_verb_group	00260648
10301261	_verb_group	06000644
10300303	_verb_group	01428853
10299875	_verb_group	01293389
10298912	_verb_group	02447001
10298912	_verb_group	00595146
10298912	_verb_group	00589769
10298647	_verb_group	10054657
10298647	_verb_group	00595146
10294602	_verb_group	10371741
10291110	_verb_group	01211699
10280130	_verb_group	09812338
10280130	_verb_group	00597634
10280130	_verb_group	00597385
10280130	_verb_group	00595146
10249459	_verb_group	10448983
10245639	_verb_group	10180178
10245639	_verb_group	09758781
10213034	_verb_group	02538765
10210648	_verb_group	01753596
10180178	_verb_group	10389398
10180178	_verb_group	10245639
10164233	_verb_group	10474645
10164233	_verb_group	00595146
10161363	_verb_group	10079399
10161363	_verb_group	01320009
10160412	_verb_group	09624559
10160412	_verb_group	00483181
10160412	_verb_group	00482473
10155849	_verb_group	09974648
10155849	_verb_group	07066659
10155849	_verb_group	05750163
10155849	_verb_group	05256862
10155849	_verb_group	04928903
10155849	_verb_group	01666894
10132641	_verb_group	10079399
10120816	_verb_group	10657306
10120816	_verb_group	10351281
10093908	_verb_group	02702830
10093908	_verb_group	00300537
10080337	_verb_group	01340439
10079399	_verb_group	10161363
10079399	_verb_group	10132641
10079399	_verb_group	10079210
10079210	_verb_group	10079399
10079210	_verb_group	10078806
10078806	_verb_group	10079210
10078806	_verb_group	09779790
10078806	_verb_group	02420232
10078806	_verb_group	01739814
10054657	_verb_group	10298647
10033082	_verb_group	00047945
10033082	_verb_group	00046534
10029269	_verb_group	00935940
10029068	_verb_group	09812338
10029068	_verb_group	01690294
10029068	_verb_group	01643464
10029068	_verb_group	00935940
10012815	_verb_group	02512305
10012815	_verb_group	00650353
10012815	_verb_group	00650016
09974648	_verb_group	10155849
09972157	_verb_group	01753596
09972157	_verb_group	01640550
09964805	_verb_group	01693881
09964411	_verb_group	01742886
09957614	_verb_group	00150287
09956578	_verb_group	01114303
09956578	_verb_group	00462092
09953178	_verb_group	02553697
09952163	_verb_group	09800249
09952163	_verb_group	09624559
09952163	_verb_group	01765392
09952163	_verb_group	01647867
09952163	_verb_group	01093587
09952163	_verb_group	00482473
09943541	_verb_group	09942970
09943541	_verb_group	09941571
09942970	_verb_group	10317007
09942970	_verb_group	09943541
09941964	_verb_group	10317007
09941964	_verb_group	02441022
09941964	_verb_group	00751887
09941964	_verb_group	00590626
09941571	_verb_group	09943541
09941571	_verb_group	02441022
09941571	_verb_group	00751887
09941571	_verb_group	00590626
09941383	_verb_group	02441022
09941383	_verb_group	00751887
09941383	_verb_group	00590626
09935434	_verb_group	09816771
09935434	_verb_group	08060694
09935434	_verb_group	06526291
09935434	_verb_group	02416278
09935434	_verb_group	02371684
09931640	_verb_group	02443049
09931640	_verb_group	01804414
09931640	_verb_group	00833702
09931640	_verb_group	00594836
09918248	_verb_group	07970406
09882716	_verb_group	09882007
09882716	_verb_group	09609232
09882007	_verb_group	10388924
09882007	_verb_group	09882716
09816771	_verb_group	09935434
09816771	_verb_group	09626238
09816771	_verb_group	02470175
09812338	_verb_group	10566072
09812338	_verb_group	10280130
09812338	_verb_group	10029068
09812338	_verb_group	06998748
09812338	_verb_group	05638987
09812338	_verb_group	02991122
09812338	_verb_group	02743547
09803429	_verb_group	00760956
09802641	_verb_group	02272549
09800249	_verb_group	09952163
09800249	_verb_group	00765213
09784443	_verb_group	00064095
09780828	_verb_group	10582746
09780828	_verb_group	02441022
09780828	_verb_group	00751887
09780828	_verb_group	00590626
09779790	_verb_group	10078806
09779790	_verb_group	01742726
09779790	_verb_group	01739814
09779790	_verb_group	01104406
09779790	_verb_group	00916464
09779790	_verb_group	00245457
09769929	_verb_group	00296178
09758781	_verb_group	10245639
09758781	_verb_group	01466978
09626238	_verb_group	09816771
09625401	_verb_group	02496816
09624559	_verb_group	10351874
09624559	_verb_group	10160412
09624559	_verb_group	09952163
09624559	_verb_group	00760956
09609232	_verb_group	09882716
09476521	_verb_group	00290740
09476521	_verb_group	00224901
09442838	_verb_group	00709625
09366317	_verb_group	09303008
09326662	_verb_group	09303008
09326662	_verb_group	01660386
09303008	_verb_group	09366317
09303008	_verb_group	09326662
09303008	_verb_group	01660640
09273291	_verb_group	02711114
09260907	_verb_group	01740608
08688247	_verb_group	08664443
08688247	_verb_group	02512150
08677628	_verb_group	08645963
08677628	_verb_group	02695895
08677628	_verb_group	01711749
08664443	_verb_group	08688247
08664443	_verb_group	08620061
08664443	_verb_group	01711749
08664443	_verb_group	01150559
08645963	_verb_group	08677628
08645963	_verb_group	08497294
08630985	_verb_group	08574314
08630985	_verb_group	08552138
08630985	_verb_group	08497294
08630039	_verb_group	08568978
08622950	_verb_group	02694933
08620763	_verb_group	08620061
08620763	_verb_group	01466978
08620061	_verb_group	08664443
08620061	_verb_group	08620763
08612786	_verb_group	08512259
08612786	_verb_group	01689379
08612786	_verb_group	01582645
08612786	_verb_group	01276361
08592656	_verb_group	08512259
08592656	_verb_group	03264542
08592656	_verb_group	00730301
08574314	_verb_group	08630985
08574314	_verb_group	08567235
08568978	_verb_group	08630039
08568978	_verb_group	08512259
08567235	_verb_group	08574314
08567235	_verb_group	01467370
08567235	_verb_group	01130607
08566028	_verb_group	02845576
08565701	_verb_group	08512259
08565701	_verb_group	02710673
08565701	_verb_group	01467370
08565701	_verb_group	01466978
08552138	_verb_group	08630985
08552138	_verb_group	08513163
08552138	_verb_group	02812482
08552138	_verb_group	02512150
08513163	_verb_group	08552138
08513163	_verb_group	01466978
08512736	_verb_group	08512259
08512736	_verb_group	02710673
08512736	_verb_group	01467370
08512736	_verb_group	01466978
08512736	_verb_group	00730301
08512259	_verb_group	08612786
08512259	_verb_group	08592656
08512259	_verb_group	08568978
08512259	_verb_group	08565701
08512259	_verb_group	08512736
08512259	_verb_group	02710673
08512259	_verb_group	00233335
08497294	_verb_group	08645963
08497294	_verb_group	08630985
08493064	_verb_group	02812482
08438067	_verb_group	08436759
08438067	_verb_group	01739814
08436759	_verb_group	08438067
08436759	_verb_group	00017222
08398036	_verb_group	01089137
08197742	_verb_group	01087197
08060694	_verb_group	10402417
08060694	_verb_group	09935434
07996689	_verb_group	07985223
07988857	_verb_group	07970406
07988857	_verb_group	01428853
07988857	_verb_group	01293389
07988857	_verb_group	01292885
07985223	_verb_group	07996689
07985223	_verb_group	01465365
07985223	_verb_group	01292885
07976936	_verb_group	07975026
07976936	_verb_group	01428853
07976936	_verb_group	01292885
07975026	_verb_group	07976936
07970406	_verb_group	10595164
07970406	_verb_group	10399491
07970406	_verb_group	09918248
07970406	_verb_group	07988857
07705711	_verb_group	07555863
07705711	_verb_group	01739814
07555863	_verb_group	15046900
07555863	_verb_group	07705711
07537259	_verb_group	01785748
07537068	_verb_group	00364479
07532440	_verb_group	01149494
07532440	_verb_group	00909363
07529563	_verb_group	01813884
07527352	_verb_group	01366718
07527352	_verb_group	01363613
07520612	_verb_group	07519253
07520612	_verb_group	02506361
07520612	_verb_group	01782218
07520612	_verb_group	01781983
07520612	_verb_group	01780941
07520612	_verb_group	01779165
07519253	_verb_group	14405774
07519253	_verb_group	07520612
07519253	_verb_group	01780202
07519253	_verb_group	01779165
07515790	_verb_group	07515560
07515790	_verb_group	01765392
07515560	_verb_group	07515790
07515560	_verb_group	07514968
07515560	_verb_group	01922763
07514968	_verb_group	07515560
07493280	_verb_group	00064095
07423001	_verb_group	07355887
07423001	_verb_group	00431826
07369604	_verb_group	02702830
07369604	_verb_group	00482893
07369604	_verb_group	00456740
07369604	_verb_group	00300537
07369604	_verb_group	00299580
07369604	_verb_group	00150287
07366627	_verb_group	02661252
07366289	_verb_group	07337390
07366289	_verb_group	02661252
07366289	_verb_group	00651991
07366289	_verb_group	00650353
07366289	_verb_group	00119074
07355887	_verb_group	07423001
07355887	_verb_group	00441445
07355887	_verb_group	00152887
07355887	_verb_group	00151689
07346057	_verb_group	01877204
07346057	_verb_group	01876907
07338114	_verb_group	01510827
07337390	_verb_group	07366289
07337390	_verb_group	01876907
07273136	_verb_group	01588493
07270179	_verb_group	06806469
07270179	_verb_group	01588493
07270179	_verb_group	00651991
07270179	_verb_group	00508032
07254057	_verb_group	07253637
07254057	_verb_group	01819554
07254057	_verb_group	01781180
07254057	_verb_group	00770141
07253637	_verb_group	07254057
07253637	_verb_group	06709533
07202579	_verb_group	01588493
07202579	_verb_group	01029852
07177437	_verb_group	00482893
07151122	_verb_group	07150644
07151122	_verb_group	00764902
07150850	_verb_group	07150644
07150850	_verb_group	00760956
07150644	_verb_group	07151122
07150644	_verb_group	07150850
07150644	_verb_group	07148192
07150644	_verb_group	00760956
07148192	_verb_group	07150644
07148192	_verb_group	00761713
07066659	_verb_group	10155849
07066659	_verb_group	07020895
07066659	_verb_group	01687569
07020895	_verb_group	07066659
07006712	_verb_group	07006119
07006712	_verb_group	01711445
07006119	_verb_group	07006712
07006119	_verb_group	00796047
07003119	_verb_group	06998748
07003119	_verb_group	01690294
07003119	_verb_group	01643464
06998748	_verb_group	09812338
06998748	_verb_group	07003119
06998748	_verb_group	06873252
06893885	_verb_group	06891493
06893885	_verb_group	01719302
06893885	_verb_group	01711445
06893885	_verb_group	00796047
06891493	_verb_group	06893885
06873252	_verb_group	06998748
06817782	_verb_group	01004062
06806469	_verb_group	07270179
06806469	_verb_group	06791372
06806469	_verb_group	02806907
06799897	_verb_group	06798750
06799897	_verb_group	01582645
06799897	_verb_group	01276361
06798750	_verb_group	06799897
06798750	_verb_group	01275762
06798750	_verb_group	00921738
06798750	_verb_group	00508032
06791372	_verb_group	06806469
06791372	_verb_group	02296984
06791372	_verb_group	01039330
06791372	_verb_group	00924612
06791372	_verb_group	00922438
06791372	_verb_group	00867231
06773976	_verb_group	06773434
06773976	_verb_group	01647867
06773434	_verb_group	06773976
06709533	_verb_group	07253637
06661562	_verb_group	02538765
06526291	_verb_group	10402417
06526291	_verb_group	09935434
06526291	_verb_group	06520944
06520944	_verb_group	06526291
06473381	_verb_group	00187526
06157326	_verb_group	06153846
06157326	_verb_group	01719302
06157326	_verb_group	01711445
06153846	_verb_group	06157326
06149484	_verb_group	00913705
06099269	_verb_group	03669886
06084469	_verb_group	14479615
06063588	_verb_group	01169194
06063588	_verb_group	00671351
06063588	_verb_group	00083334
06043075	_verb_group	03430091
06043075	_verb_group	00612160
06043075	_verb_group	00084230
06022291	_verb_group	06018465
06022291	_verb_group	02661252
06018465	_verb_group	06022291
06004685	_verb_group	06003682
06004685	_verb_group	06000644
06004685	_verb_group	01583656
06003682	_verb_group	06004685
06000644	_verb_group	10301261
06000644	_verb_group	06004685
05981230	_verb_group	05980875
05981230	_verb_group	01150559
05980875	_verb_group	05981230
05938795	_verb_group	05925366
05938795	_verb_group	01743784
05937112	_verb_group	02723733
05937112	_verb_group	01743784
05937112	_verb_group	01021128
05925366	_verb_group	05938795
05925366	_verb_group	01021128
05902327	_verb_group	01683582
05890249	_verb_group	01743784
05890249	_verb_group	01722980
05849789	_verb_group	05849040
05849789	_verb_group	02630189
05849040	_verb_group	05849789
05846355	_verb_group	00235368
05846355	_verb_group	00233335
05844105	_verb_group	01687569
05844105	_verb_group	01666894
05765415	_verb_group	02806907
05755486	_verb_group	00482893
05755486	_verb_group	00299580
05750657	_verb_group	05750163
05750657	_verb_group	01666894
05750657	_verb_group	01666717
05750163	_verb_group	10155849
05750163	_verb_group	05750657
05750163	_verb_group	05749619
05750163	_verb_group	01687569
05749619	_verb_group	05750163
05749619	_verb_group	05748054
05749619	_verb_group	02868326
05748786	_verb_group	05748285
05748786	_verb_group	00730499
05748786	_verb_group	00661213
05748285	_verb_group	05748786
05748285	_verb_group	00651991
05748285	_verb_group	00650353
05748285	_verb_group	00119074
05748054	_verb_group	05749619
05748054	_verb_group	00650016
05728678	_verb_group	00709625
05696020	_verb_group	00456740
05696020	_verb_group	00456596
05641959	_verb_group	05640433
05641959	_verb_group	02510337
05641959	_verb_group	00597634
05641959	_verb_group	00597385
05640433	_verb_group	05641959
05638987	_verb_group	09812338
05635624	_verb_group	01087197
05257737	_verb_group	05256862
05256862	_verb_group	10155849
05256862	_verb_group	05257737
05256862	_verb_group	04055030
05256862	_verb_group	00038849
05198036	_verb_group	10388440
05198036	_verb_group	05196582
05197797	_verb_group	05196582
05197797	_verb_group	02441022
05197797	_verb_group	00751887
05196582	_verb_group	05198036
05196582	_verb_group	05197797
05196582	_verb_group	05196375
05196582	_verb_group	02539334
05196375	_verb_group	05196582
05196375	_verb_group	02441022
05162455	_verb_group	05161614
05162455	_verb_group	00235368
05162455	_verb_group	00233335
05161614	_verb_group	05162455
05161614	_verb_group	02513460
05117660	_verb_group	05093890
05117660	_verb_group	02510337
05117660	_verb_group	01531375
05117660	_verb_group	00933566
05111835	_verb_group	05109808
05111835	_verb_group	00432683
05111835	_verb_group	00151689
05109808	_verb_group	05111835
05109808	_verb_group	05107765
05109808	_verb_group	00151689
05107765	_verb_group	05109808
05107765	_verb_group	05090441
05093890	_verb_group	05117660
05093890	_verb_group	04916342
05090441	_verb_group	05107765
05090441	_verb_group	04916342
05085572	_verb_group	05084201
05085572	_verb_group	00444519
05084201	_verb_group	05085572
05075602	_verb_group	05074774
05075602	_verb_group	02695895
05075602	_verb_group	02333689
05075602	_verb_group	01711749
05074774	_verb_group	05075602
05074774	_verb_group	01987160
04930307	_verb_group	04928903
04930307	_verb_group	02659763
04930307	_verb_group	00300537
04928903	_verb_group	10155849
04928903	_verb_group	04930307
04928903	_verb_group	04916342
04928903	_verb_group	01687569
04916342	_verb_group	05093890
04916342	_verb_group	05090441
04916342	_verb_group	04928903
04910973	_verb_group	04910135
04910973	_verb_group	01508719
04910135	_verb_group	04910973
04906273	_verb_group	02542795
04906273	_verb_group	01612053
04906026	_verb_group	04905188
04906026	_verb_group	00619972
04905842	_verb_group	04905188
04905188	_verb_group	04906026
04905188	_verb_group	04905842
04905188	_verb_group	02451113
04905188	_verb_group	01026262
04802776	_verb_group	04802629
04802776	_verb_group	02661252
04802629	_verb_group	04802776
04777098	_verb_group	04776699
04777098	_verb_group	02095311
04777098	_verb_group	01340439
04777098	_verb_group	01059400
04776699	_verb_group	04777098
04770911	_verb_group	01876907
04750764	_verb_group	04750164
04750764	_verb_group	01410363
04750164	_verb_group	04750764
04750164	_verb_group	04748836
04750164	_verb_group	01410905
04750164	_verb_group	01410363
04748836	_verb_group	04750164
04748836	_verb_group	02666239
04748836	_verb_group	02064745
04748836	_verb_group	01410363
04748836	_verb_group	00651991
04748836	_verb_group	00650353
04748836	_verb_group	00119524
04748836	_verb_group	00119074
04731497	_verb_group	04714440
04731497	_verb_group	04712735
04714440	_verb_group	04731497
04714440	_verb_group	00508192
04713428	_verb_group	04712735
04713428	_verb_group	02657219
04713332	_verb_group	04712735
04713332	_verb_group	02700104
04713118	_verb_group	04712735
04713118	_verb_group	02700104
04712735	_verb_group	04731497
04712735	_verb_group	04713428
04712735	_verb_group	04713332
04712735	_verb_group	04713118
04681387	_verb_group	01275762
04681387	_verb_group	01004062
04659287	_verb_group	04659090
04659287	_verb_group	01026262
04659090	_verb_group	04659287
04659090	_verb_group	01027263
04644512	_verb_group	04623612
04644512	_verb_group	02564986
04641153	_verb_group	04640927
04641153	_verb_group	02542280
04641153	_verb_group	00696518
04640927	_verb_group	04641153
04640927	_verb_group	04623612
04639113	_verb_group	04623612
04639113	_verb_group	02003725
04631298	_verb_group	04623612
04631298	_verb_group	00364479
04630689	_verb_group	04623612
04630689	_verb_group	00859325
04630689	_verb_group	00859153
04630689	_verb_group	00362467
04623612	_verb_group	04644512
04623612	_verb_group	04640927
04623612	_verb_group	04639113
04623612	_verb_group	04631298
04623612	_verb_group	04630689
04613158	_verb_group	03091374
04613158	_verb_group	01492052
04613158	_verb_group	01292885
04612840	_verb_group	04295081
04612840	_verb_group	01492052
04608567	_verb_group	03722007
04608567	_verb_group	03563967
04605726	_verb_group	01580467
04605726	_verb_group	01283208
04602044	_verb_group	03322099
04596852	_verb_group	03817647
04596852	_verb_group	03051540
04565375	_verb_group	03574816
04565375	_verb_group	01087197
04550426	_verb_group	03051540
04547592	_verb_group	01130607
04463273	_verb_group	01582645
04433185	_verb_group	03106110
04433185	_verb_group	01285440
04377057	_verb_group	03778600
04377057	_verb_group	03533486
04369025	_verb_group	02785648
04369025	_verb_group	01283208
04361641	_verb_group	00462092
04321238	_verb_group	04179385
04321238	_verb_group	01329239
04296562	_verb_group	03961939
04296562	_verb_group	01711445
04295081	_verb_group	04612840
04295081	_verb_group	03430959
04272054	_verb_group	03852280
04272054	_verb_group	03391301
04272054	_verb_group	02899439
04181228	_verb_group	03330947
04181228	_verb_group	01288052
04181228	_verb_group	01085474
04181228	_verb_group	00236289
04181228	_verb_group	00233335
04179385	_verb_group	04321238
04179385	_verb_group	03745285
04179385	_verb_group	01666327
04179385	_verb_group	01329239
04160372	_verb_group	10689564
04160372	_verb_group	03600977
04157320	_verb_group	03958097
04157320	_verb_group	03779621
04157320	_verb_group	01684337
04157320	_verb_group	01551871
04143712	_verb_group	01779165
04110439	_verb_group	01987160
04085873	_verb_group	03315644
04085873	_verb_group	01271658
04055030	_verb_group	05256862
04051825	_verb_group	03385557
04051825	_verb_group	03282060
04051825	_verb_group	01130607
04051825	_verb_group	01128071
04033995	_verb_group	02820210
04033995	_verb_group	01667449
04033995	_verb_group	01667304
04033995	_verb_group	00082308
03961939	_verb_group	04296562
03958097	_verb_group	04157320
03958097	_verb_group	02743547
03932670	_verb_group	03309808
03932203	_verb_group	01656788
03932203	_verb_group	01590171
03932203	_verb_group	00261705
03879854	_verb_group	00064095
03878963	_verb_group	03385557
03878963	_verb_group	01130607
03852280	_verb_group	04272054
03852280	_verb_group	03574816
03817647	_verb_group	04596852
03817647	_verb_group	01283208
03792334	_verb_group	02799897
03792334	_verb_group	01660640
03792048	_verb_group	03282060
03792048	_verb_group	01660386
03779621	_verb_group	04157320
03779621	_verb_group	01697027
03779621	_verb_group	01662771
03779370	_verb_group	01697027
03779370	_verb_group	01662771
03778600	_verb_group	04377057
03777283	_verb_group	01743784
03777283	_verb_group	01697406
03777283	_verb_group	01697027
03763727	_verb_group	03763403
03763403	_verb_group	03763727
03763403	_verb_group	03420559
03745285	_verb_group	04179385
03745285	_verb_group	01590171
03745285	_verb_group	00262703
03738241	_verb_group	03674440
03728811	_verb_group	03257343
03728811	_verb_group	02657219
03728811	_verb_group	01292885
03722007	_verb_group	04608567
03722007	_verb_group	01004062
03722007	_verb_group	00921738
03722007	_verb_group	00508032
03721797	_verb_group	00921738
03674440	_verb_group	03738241
03674440	_verb_group	02622234
03673971	_verb_group	01354673
03673971	_verb_group	01285440
03670849	_verb_group	03106110
03670849	_verb_group	02845576
03669886	_verb_group	06099269
03669886	_verb_group	00233335
03605915	_verb_group	03600977
03605915	_verb_group	03091374
03600977	_verb_group	04160372
03600977	_verb_group	03605915
03600977	_verb_group	02660147
03574816	_verb_group	04565375
03574816	_verb_group	03852280
03573282	_verb_group	01421622
03573282	_verb_group	00188466
03573282	_verb_group	00187526
03563967	_verb_group	04608567
03533486	_verb_group	04377057
03533486	_verb_group	01656788
03525252	_verb_group	01301410
03513627	_verb_group	03309808
03513627	_verb_group	03264542
03496892	_verb_group	03322940
03496892	_verb_group	01320009
03430959	_verb_group	04295081
03430091	_verb_group	06043075
03430091	_verb_group	02785648
03420559	_verb_group	03763403
03420559	_verb_group	02023992
03420559	_verb_group	01606205
03420559	_verb_group	01155421
03420559	_verb_group	01089137
03420559	_verb_group	01087197
03391301	_verb_group	04272054
03391301	_verb_group	01586850
03391301	_verb_group	00981276
03390983	_verb_group	01586850
03386011	_verb_group	03171356
03386011	_verb_group	02023992
03386011	_verb_group	01606205
03386011	_verb_group	01155421
03385557	_verb_group	04051825
03385557	_verb_group	03878963
03385557	_verb_group	03171356
03385557	_verb_group	01606205
03354613	_verb_group	01340439
03330947	_verb_group	04181228
03330947	_verb_group	01288052
03327234	_verb_group	01588134
03327234	_verb_group	01130607
03322940	_verb_group	03496892
03322940	_verb_group	03146846
03322099	_verb_group	04602044
03322099	_verb_group	02420232
03322099	_verb_group	01739814
03315644	_verb_group	04085873
03315644	_verb_group	01271189
03309808	_verb_group	03932670
03309808	_verb_group	03513627
03309808	_verb_group	03265479
03285912	_verb_group	02711114
03285912	_verb_group	01580467
03282060	_verb_group	04051825
03282060	_verb_group	03792048
03265479	_verb_group	03309808
03265479	_verb_group	01466978
03264542	_verb_group	08592656
03264542	_verb_group	03513627
03264542	_verb_group	02875013
03264136	_verb_group	02361600
03257586	_verb_group	01735308
03257586	_verb_group	01693881
03257343	_verb_group	03728811
03257343	_verb_group	03104594
03257343	_verb_group	01735308
03237639	_verb_group	02785648
03237639	_verb_group	00082714
03234306	_verb_group	03173524
03234306	_verb_group	01690294
03234306	_verb_group	01582645
03178782	_verb_group	03169390
03178782	_verb_group	01753596
03178782	_verb_group	01640550
03173524	_verb_group	03234306
03173524	_verb_group	01689379
03173524	_verb_group	01582645
03171356	_verb_group	03386011
03171356	_verb_group	03385557
03169390	_verb_group	03178782
03169390	_verb_group	02748927
03169390	_verb_group	01675963
03169390	_verb_group	01466543
03146846	_verb_group	03322940
03146846	_verb_group	01741446
03146846	_verb_group	01740608
03128583	_verb_group	03051540
03106110	_verb_group	04433185
03106110	_verb_group	03670849
03104594	_verb_group	03257343
03104594	_verb_group	02979662
03104594	_verb_group	01742886
03096960	_verb_group	01224744
03093574	_verb_group	03051540
03091374	_verb_group	04613158
03091374	_verb_group	03605915
03091374	_verb_group	01421122
03091374	_verb_group	01354673
03075768	_verb_group	01765392
03075768	_verb_group	00082308
03051540	_verb_group	04596852
03051540	_verb_group	04550426
03051540	_verb_group	03128583
03051540	_verb_group	03093574
03051540	_verb_group	02728440
03051540	_verb_group	00052374
03051540	_verb_group	00052043
03051540	_verb_group	00050652
03051540	_verb_group	00049197
03051540	_verb_group	00047945
03051540	_verb_group	00047745
02991122	_verb_group	09812338
02991122	_verb_group	02743547
02987454	_verb_group	10341660
02987454	_verb_group	00119873
02987177	_verb_group	10341660
02979662	_verb_group	03104594
02979662	_verb_group	01662771
02928413	_verb_group	01498713
02928413	_verb_group	01466978
02899439	_verb_group	04272054
02894605	_verb_group	01128071
02887741	_verb_group	01428853
02887741	_verb_group	00845523
02875013	_verb_group	03264542
02875013	_verb_group	01586850
02875013	_verb_group	01467370
02868326	_verb_group	05749619
02845576	_verb_group	08566028
02845576	_verb_group	03670849
02845576	_verb_group	00314469
02840361	_verb_group	01303242
02840361	_verb_group	01285440
02820210	_verb_group	04033995
02812482	_verb_group	08552138
02812482	_verb_group	08493064
02806907	_verb_group	06806469
02806907	_verb_group	05765415
02799897	_verb_group	03792334
02785648	_verb_group	04369025
02785648	_verb_group	03430091
02785648	_verb_group	03237639
02785648	_verb_group	00083124
02760116	_verb_group	00612160
02748927	_verb_group	03169390
02743547	_verb_group	09812338
02743547	_verb_group	03958097
02743547	_verb_group	02991122
02728440	_verb_group	03051540
02728440	_verb_group	00047945
02728440	_verb_group	00046534
02728440	_verb_group	00043683
02723733	_verb_group	05937112
02711114	_verb_group	13998576
02711114	_verb_group	09273291
02711114	_verb_group	03285912
02711114	_verb_group	02710673
02710673	_verb_group	13903387
02710673	_verb_group	13903079
02710673	_verb_group	08565701
02710673	_verb_group	08512736
02710673	_verb_group	08512259
02710673	_verb_group	02711114
02710673	_verb_group	02703952
02703952	_verb_group	02710673
02702830	_verb_group	10093908
02702830	_verb_group	07369604
02702830	_verb_group	02667900
02700455	_verb_group	02700104
02700104	_verb_group	13969243
02700104	_verb_group	04713332
02700104	_verb_group	04713118
02700104	_verb_group	02700455
02700104	_verb_group	00552841
02695895	_verb_group	08677628
02695895	_verb_group	05075602
02695895	_verb_group	00155487
02694933	_verb_group	08622950
02694933	_verb_group	00155487
02671279	_verb_group	02502536
02667900	_verb_group	02702830
02667900	_verb_group	02657219
02666239	_verb_group	04748836
02666239	_verb_group	02064745
02666239	_verb_group	01410363
02664769	_verb_group	02657219
02661252	_verb_group	11415084
02661252	_verb_group	10419047
02661252	_verb_group	10341660
02661252	_verb_group	07366627
02661252	_verb_group	07366289
02661252	_verb_group	06022291
02661252	_verb_group	04802776
02661252	_verb_group	00737399
02661252	_verb_group	00194969
02660147	_verb_group	03600977
02660147	_verb_group	02659763
02659763	_verb_group	04930307
02659763	_verb_group	02700455
02659763	_verb_group	02660147
02659763	_verb_group	00795008
02657219	_verb_group	04713428
02657219	_verb_group	03728811
02657219	_verb_group	02667900
02657219	_verb_group	02664769
02646931	_verb_group	14442530
02646931	_verb_group	14441825
02646931	_verb_group	01128390
02646931	_verb_group	00791227
02630189	_verb_group	05849789
02630189	_verb_group	00047745
02622234	_verb_group	03674440
02622234	_verb_group	00145218
02612368	_verb_group	01465365
02579447	_verb_group	10419047
02564986	_verb_group	04644512
02564986	_verb_group	01930512
02561332	_verb_group	00410247
02553697	_verb_group	09953178
02553697	_verb_group	01146039
02553697	_verb_group	00253761
02542795	_verb_group	04906273
02542795	_verb_group	02542280
02542795	_verb_group	01612053
02542795	_verb_group	01167146
02542795	_verb_group	00150287
02542280	_verb_group	04641153
02542280	_verb_group	02542795
02542280	_verb_group	00696518
02539359	_verb_group	00052374
02539359	_verb_group	00050652
02539359	_verb_group	00047745
02539334	_verb_group	14442530
02539334	_verb_group	10388440
02539334	_verb_group	05196582
02539334	_verb_group	01128655
02539334	_verb_group	00791227
02538765	_verb_group	10213034
02538765	_verb_group	06661562
02538765	_verb_group	01240210
02513460	_verb_group	14413644
02513460	_verb_group	05161614
02513460	_verb_group	02512305
02513460	_verb_group	01085474
02512305	_verb_group	10012815
02512305	_verb_group	02513460
02512305	_verb_group	01153548
02512305	_verb_group	00650353
02512150	_verb_group	08688247
02512150	_verb_group	08552138
02510337	_verb_group	05641959
02510337	_verb_group	05117660
02510337	_verb_group	02509287
02510337	_verb_group	01146039
02510337	_verb_group	00462092
02510337	_verb_group	00233335
02509919	_verb_group	02509287
02509919	_verb_group	00155487
02509287	_verb_group	02510337
02509287	_verb_group	02509919
02509287	_verb_group	00808182
02506555	_verb_group	02064745
02506361	_verb_group	07520612
02502536	_verb_group	13321495
02502536	_verb_group	01248191
02502536	_verb_group	00320852
02501278	_verb_group	01187810
02496816	_verb_group	13996300
02496816	_verb_group	09625401
02496816	_verb_group	00089027
02470175	_verb_group	09816771
02458103	_verb_group	02389592
02458103	_verb_group	00040962
02451113	_verb_group	04905188
02451113	_verb_group	02388145
02451113	_verb_group	01612053
02451113	_verb_group	01474513
02451113	_verb_group	00696518
02447001	_verb_group	10298912
02443849	_verb_group	10378780
02443849	_verb_group	00409211
02443049	_verb_group	10676877
02443049	_verb_group	10388732
02443049	_verb_group	09931640
02443049	_verb_group	02431971
02443049	_verb_group	01474513
02443049	_verb_group	01135529
02443049	_verb_group	01133281
02441022	_verb_group	10525134
02441022	_verb_group	09941964
02441022	_verb_group	09941571
02441022	_verb_group	09941383
02441022	_verb_group	09780828
02441022	_verb_group	05197797
02441022	_verb_group	05196375
02439732	_verb_group	00815320
02431971	_verb_group	02443049
02420232	_verb_group	10078806
02420232	_verb_group	03322099
02416278	_verb_group	09935434
02416278	_verb_group	01205156
02416278	_verb_group	01202904
02416278	_verb_group	00619972
02416278	_verb_group	00411384
02389592	_verb_group	02458103
02389346	_verb_group	02374149
02389346	_verb_group	00145218
02388145	_verb_group	02451113
02374149	_verb_group	02389346
02372326	_verb_group	00040152
02371684	_verb_group	09935434
02361600	_verb_group	03264136
02357693	_verb_group	00267349
02333689	_verb_group	05075602
02333689	_verb_group	01088923
02333689	_verb_group	01051331
02296984	_verb_group	06791372
02286204	_verb_group	00155487
02274482	_verb_group	02272549
02272549	_verb_group	09802641
02272549	_verb_group	02274482
02272549	_verb_group	00089027
02272549	_verb_group	00088481
02257370	_verb_group	00040152
02204692	_verb_group	10529231
02204692	_verb_group	10389398
02204692	_verb_group	10388924
02204692	_verb_group	02630189
02204692	_verb_group	00809465
02203362	_verb_group	13244109
02203362	_verb_group	10529231
02203362	_verb_group	02630189
02144644	_verb_group	13913566
02095311	_verb_group	04777098
02095311	_verb_group	01059400
02064745	_verb_group	04748836
02064745	_verb_group	02666239
02064745	_verb_group	02506555
02064745	_verb_group	01410363
02064745	_verb_group	00508192
02023992	_verb_group	03420559
02023992	_verb_group	03386011
02023992	_verb_group	02023341
02023341	_verb_group	02023992
02003725	_verb_group	04639113
02003725	_verb_group	00236592
02003725	_verb_group	00233335
01987160	_verb_group	05074774
01987160	_verb_group	04110439
01987160	_verb_group	01051331
01930512	_verb_group	02564986
01922763	_verb_group	07515560
01922763	_verb_group	01740892
01922763	_verb_group	00087152
01877204	_verb_group	07346057
01876907	_verb_group	07346057
01876907	_verb_group	07337390
01876907	_verb_group	04770911
01876907	_verb_group	00348571
01876907	_verb_group	00327824
01834304	_verb_group	00410247
01819554	_verb_group	10525134
01819554	_verb_group	07254057
01819554	_verb_group	01819147
01819554	_verb_group	01785748
01819147	_verb_group	01819554
01815185	_verb_group	00354884
01813884	_verb_group	07529563
01813884	_verb_group	00859153
01804414	_verb_group	09931640
01785748	_verb_group	14405931
01785748	_verb_group	07537259
01785748	_verb_group	01819554
01785748	_verb_group	01779165
01782218	_verb_group	07520612
01782218	_verb_group	01780202
01781983	_verb_group	14405931
01781983	_verb_group	07520612
01781983	_verb_group	01780941
01781180	_verb_group	07254057
01781180	_verb_group	01779165
01781180	_verb_group	01222477
01780941	_verb_group	07520612
01780941	_verb_group	01781983
01780941	_verb_group	01779165
01780941	_verb_group	01222666
01780202	_verb_group	07519253
01780202	_verb_group	01782218
01779165	_verb_group	07520612
01779165	_verb_group	07519253
01779165	_verb_group	04143712
01779165	_verb_group	01785748
01779165	_verb_group	01781180
01779165	_verb_group	01780941
01779165	_verb_group	01222666
01765392	_verb_group	13971561
01765392	_verb_group	13970764
01765392	_verb_group	13969700
01765392	_verb_group	09952163
01765392	_verb_group	07515790
01765392	_verb_group	03075768
01765392	_verb_group	01151407
01765392	_verb_group	01151097
01765392	_verb_group	00759551
01753596	_verb_group	10210648
01753596	_verb_group	09972157
01753596	_verb_group	03178782
01753596	_verb_group	01640550
01743784	_verb_group	10325774
01743784	_verb_group	05938795
01743784	_verb_group	05937112
01743784	_verb_group	05890249
01743784	_verb_group	03777283
01743784	_verb_group	01742886
01743784	_verb_group	00898804
01742886	_verb_group	09964411
01742886	_verb_group	03104594
01742886	_verb_group	01743784
01742886	_verb_group	01736822
01742886	_verb_group	01020936
01742886	_verb_group	01019524
01742726	_verb_group	13454318
01742726	_verb_group	09779790
01742726	_verb_group	01739814
01742726	_verb_group	00916464
01742726	_verb_group	00915722
01741446	_verb_group	13085864
01741446	_verb_group	03146846
01741446	_verb_group	00916464
01741446	_verb_group	00915722
01741446	_verb_group	00406243
01740892	_verb_group	01922763
01740608	_verb_group	09260907
01740608	_verb_group	03146846
01740608	_verb_group	00918820
01740608	_verb_group	00916464
01739814	_verb_group	10078806
01739814	_verb_group	09779790
01739814	_verb_group	08438067
01739814	_verb_group	07705711
01739814	_verb_group	03322099
01739814	_verb_group	01742726
01739814	_verb_group	00916464
01736822	_verb_group	01742886
01736822	_verb_group	01735308
01735308	_verb_group	03257586
01735308	_verb_group	03257343
01735308	_verb_group	01736822
01722980	_verb_group	05890249
01719302	_verb_group	06893885
01719302	_verb_group	06157326
01711749	_verb_group	08677628
01711749	_verb_group	08664443
01711749	_verb_group	05075602
01711749	_verb_group	01711445
01711749	_verb_group	01052853
01711749	_verb_group	00155487
01711445	_verb_group	07006712
01711445	_verb_group	06893885
01711445	_verb_group	06157326
01711445	_verb_group	04296562
01711445	_verb_group	01711749
01711445	_verb_group	00521562
01697406	_verb_group	10325774
01697406	_verb_group	03777283
01697406	_verb_group	00898804
01697027	_verb_group	13913566
01697027	_verb_group	03779621
01697027	_verb_group	03779370
01697027	_verb_group	03777283
01697027	_verb_group	00909899
01697027	_verb_group	00898804
01693881	_verb_group	09964805
01693881	_verb_group	03257586
01693881	_verb_group	01019524
01693881	_verb_group	00908772
01690294	_verb_group	10029068
01690294	_verb_group	07003119
01690294	_verb_group	03234306
01690294	_verb_group	01689379
01689379	_verb_group	08612786
01689379	_verb_group	03173524
01689379	_verb_group	01690294
01688771	_verb_group	00521562
01687569	_verb_group	07066659
01687569	_verb_group	05844105
01687569	_verb_group	05750163
01687569	_verb_group	04928903
01687569	_verb_group	01159964
01684337	_verb_group	10566072
01684337	_verb_group	04157320
01683582	_verb_group	05902327
01675963	_verb_group	03169390
01667449	_verb_group	04033995
01667449	_verb_group	01291069
01667304	_verb_group	04033995
01667304	_verb_group	01666327
01666894	_verb_group	10155849
01666894	_verb_group	05844105
01666894	_verb_group	05750657
01666717	_verb_group	10689564
01666717	_verb_group	05750657
01666717	_verb_group	01640550
01666327	_verb_group	10689564
01666327	_verb_group	10584318
01666327	_verb_group	04179385
01666327	_verb_group	01667304
01662771	_verb_group	13913566
01662771	_verb_group	03779621
01662771	_verb_group	03779370
01662771	_verb_group	02979662
01662771	_verb_group	00909899
01660640	_verb_group	09303008
01660640	_verb_group	03792334
01660386	_verb_group	09326662
01660386	_verb_group	03792048
01656788	_verb_group	03932203
01656788	_verb_group	03533486
01656788	_verb_group	01295275
01648126	_verb_group	10645611
01647867	_verb_group	13970236
01647867	_verb_group	09952163
01647867	_verb_group	06773976
01647867	_verb_group	01647672
01647672	_verb_group	01647867
01643464	_verb_group	10029068
01643464	_verb_group	07003119
01643464	_verb_group	00935940
01640550	_verb_group	09972157
01640550	_verb_group	03178782
01640550	_verb_group	01666717
01640550	_verb_group	00928077
01629000	_verb_group	01647672
01629000	_verb_group	00914632
01624568	_verb_group	13913566
01613239	_verb_group	01052853
01612053	_verb_group	04906273
01612053	_verb_group	02542795
01612053	_verb_group	02451113
01612053	_verb_group	01474513
01612053	_verb_group	01167146
01612053	_verb_group	01123148
01612053	_verb_group	00788821
01612053	_verb_group	00696518
01606205	_verb_group	03420559
01606205	_verb_group	03386011
01606205	_verb_group	03385557
01590171	_verb_group	03932203
01590171	_verb_group	03745285
01590171	_verb_group	01291069
01590171	_verb_group	00267349
01588493	_verb_group	07273136
01588493	_verb_group	07270179
01588493	_verb_group	07202579
01588493	_verb_group	01296462
01588134	_verb_group	03327234
01586850	_verb_group	03391301
01586850	_verb_group	03390983
01586850	_verb_group	02875013
01583656	_verb_group	06004685
01583656	_verb_group	01582645
01583656	_verb_group	01149480
01583494	_verb_group	01583656
01583494	_verb_group	01582645
01583494	_verb_group	01149480
01582645	_verb_group	08612786
01582645	_verb_group	06799897
01582645	_verb_group	04463273
01582645	_verb_group	03234306
01582645	_verb_group	03173524
01582645	_verb_group	01583656
01582645	_verb_group	01583494
01582645	_verb_group	00938419
01582645	_verb_group	00508032
01582645	_verb_group	00263813
01580467	_verb_group	04605726
01580467	_verb_group	03285912
01580467	_verb_group	00406365
01580467	_verb_group	00321956
01575675	_verb_group	01051331
01567275	_verb_group	01052853
01567275	_verb_group	00919513
01567275	_verb_group	00017222
01551871	_verb_group	10566072
01551871	_verb_group	04157320
01551871	_verb_group	01684337
01551871	_verb_group	01256157
01531375	_verb_group	05117660
01531375	_verb_group	01508719
01510827	_verb_group	14008806
01510827	_verb_group	07338114
01510827	_verb_group	00409211
01510827	_verb_group	00140393
01508719	_verb_group	04910973
01508719	_verb_group	01531375
01498713	_verb_group	02928413
01496630	_verb_group	01051331
01492052	_verb_group	13792692
01492052	_verb_group	04613158
01492052	_verb_group	04612840
01492052	_verb_group	01296462
01492052	_verb_group	00917211
01474513	_verb_group	02451113
01474513	_verb_group	02443049
01474513	_verb_group	01612053
01474513	_verb_group	00696518
01467370	_verb_group	08567235
01467370	_verb_group	08565701
01467370	_verb_group	08512736
01467370	_verb_group	02875013
01466978	_verb_group	13903079
01466978	_verb_group	09758781
01466978	_verb_group	08620763
01466978	_verb_group	08565701
01466978	_verb_group	08513163
01466978	_verb_group	08512736
01466978	_verb_group	03265479
01466978	_verb_group	02928413
01466543	_verb_group	03169390
01465365	_verb_group	13743605
01465365	_verb_group	07985223
01465365	_verb_group	02612368
01465365	_verb_group	01465218
01465218	_verb_group	13743605
01428853	_verb_group	10640620
01428853	_verb_group	10300303
01428853	_verb_group	07988857
01428853	_verb_group	07976936
01428853	_verb_group	02887741
01428853	_verb_group	01291069
01428853	_verb_group	00847340
01428853	_verb_group	00845523
01421622	_verb_group	03573282
01421622	_verb_group	01421122
01421622	_verb_group	00320852
01421122	_verb_group	03091374
01421122	_verb_group	01421622
01410905	_verb_group	04750164
01410363	_verb_group	04750764
01410363	_verb_group	04750164
01410363	_verb_group	04748836
01410363	_verb_group	02666239
01410363	_verb_group	02064745
01389942	_verb_group	01130607
01389776	_verb_group	00320852
01368192	_verb_group	01364008
01368192	_verb_group	01149494
01368192	_verb_group	00364479
01366718	_verb_group	07527352
01366718	_verb_group	01363613
01366718	_verb_group	01148283
01364008	_verb_group	01368192
01364008	_verb_group	01149494
01363613	_verb_group	07527352
01363613	_verb_group	01366718
01363613	_verb_group	01148283
01354673	_verb_group	13792692
01354673	_verb_group	03673971
01354673	_verb_group	03091374
01354673	_verb_group	01296462
01354673	_verb_group	01295275
01354673	_verb_group	00148978
01340439	_verb_group	10080337
01340439	_verb_group	04777098
01340439	_verb_group	03354613
01340439	_verb_group	01329239
01340439	_verb_group	01296462
01340439	_verb_group	01285440
01340439	_verb_group	00147595
01329239	_verb_group	10657306
01329239	_verb_group	10584318
01329239	_verb_group	04321238
01329239	_verb_group	04179385
01329239	_verb_group	01340439
01329239	_verb_group	00715674
01321002	_verb_group	13085864
01321002	_verb_group	00359903
01320009	_verb_group	13085864
01320009	_verb_group	10161363
01320009	_verb_group	03496892
01320009	_verb_group	01015310
01320009	_verb_group	00921790
01303242	_verb_group	02840361
01301410	_verb_group	13999663
01301410	_verb_group	13998781
01301410	_verb_group	03525252
01301410	_verb_group	01288052
01301410	_verb_group	01286913
01301410	_verb_group	00512186
01301051	_verb_group	10525134
01301051	_verb_group	00233335
01296462	_verb_group	01588493
01296462	_verb_group	01492052
01296462	_verb_group	01354673
01296462	_verb_group	01340439
01296462	_verb_group	00147595
01295275	_verb_group	01656788
01295275	_verb_group	01354673
01295275	_verb_group	01293389
01295275	_verb_group	01292885
01295275	_verb_group	01069391
01295275	_verb_group	00145218
01293389	_verb_group	10299875
01293389	_verb_group	07988857
01293389	_verb_group	01295275
01292885	_verb_group	13743605
01292885	_verb_group	07988857
01292885	_verb_group	07985223
01292885	_verb_group	07976936
01292885	_verb_group	04613158
01292885	_verb_group	03728811
01292885	_verb_group	01295275
01292885	_verb_group	01293389
01291069	_verb_group	01667449
01291069	_verb_group	01590171
01291069	_verb_group	01428853
01291069	_verb_group	00145218
01288052	_verb_group	04181228
01288052	_verb_group	03330947
01288052	_verb_group	01301410
01286913	_verb_group	01301410
01286913	_verb_group	01285440
01285440	_verb_group	04433185
01285440	_verb_group	03673971
01285440	_verb_group	02840361
01285440	_verb_group	01340439
01285440	_verb_group	01286913
01285440	_verb_group	00149084
01283208	_verb_group	04605726
01283208	_verb_group	04369025
01283208	_verb_group	03817647
01276361	_verb_group	13905792
01276361	_verb_group	08612786
01276361	_verb_group	06799897
01276361	_verb_group	01275762
01276361	_verb_group	00263813
01275762	_verb_group	06798750
01275762	_verb_group	04681387
01275762	_verb_group	01276361
01271658	_verb_group	04085873
01271189	_verb_group	03315644
01271189	_verb_group	00827379
01256157	_verb_group	10566072
01256157	_verb_group	01551871
01248191	_verb_group	02502536
01248191	_verb_group	00049003
01240432	_verb_group	01240210
01240432	_verb_group	00760956
01240210	_verb_group	02538765
01240210	_verb_group	01240432
01240210	_verb_group	00760956
01224744	_verb_group	10378412
01224744	_verb_group	03096960
01224744	_verb_group	01211699
01224744	_verb_group	00830448
01224744	_verb_group	00409211
01222666	_verb_group	01780941
01222666	_verb_group	01779165
01222666	_verb_group	01222477
01222666	_verb_group	00759694
01222477	_verb_group	01781180
01222477	_verb_group	01222666
01222477	_verb_group	01221611
01221611	_verb_group	01222477
01211699	_verb_group	10291110
01211699	_verb_group	01224744
01211699	_verb_group	00140652
01205827	_verb_group	01202904
01205827	_verb_group	00764902
01205156	_verb_group	02416278
01205156	_verb_group	01202904
01203715	_verb_group	10470460
01203715	_verb_group	01162754
01202904	_verb_group	02416278
01202904	_verb_group	01205827
01202904	_verb_group	01205156
01195536	_verb_group	00619972
01190884	_verb_group	00760956
01187810	_verb_group	02501278
01187810	_verb_group	01181475
01181475	_verb_group	01187810
01169194	_verb_group	06063588
01169194	_verb_group	00671351
01169194	_verb_group	00083809
01167146	_verb_group	02542795
01167146	_verb_group	01612053
01162754	_verb_group	01203715
01159964	_verb_group	01687569
01159964	_verb_group	01159776
01159964	_verb_group	00527367
01159776	_verb_group	01159964
01156899	_verb_group	01087197
01155421	_verb_group	03420559
01155421	_verb_group	03386011
01155421	_verb_group	01088923
01153548	_verb_group	02512305
01151407	_verb_group	01765392
01151407	_verb_group	01150938
01151407	_verb_group	00765213
01151110	_verb_group	01150559
01151110	_verb_group	00815644
01151097	_verb_group	01765392
01151097	_verb_group	01150938
01151097	_verb_group	00294884
01150938	_verb_group	01151407
01150938	_verb_group	01151097
01150559	_verb_group	10470460
01150559	_verb_group	08664443
01150559	_verb_group	05981230
01150559	_verb_group	01151110
01150559	_verb_group	00815644
01149494	_verb_group	13988663
01149494	_verb_group	07532440
01149494	_verb_group	01368192
01149494	_verb_group	01364008
01149494	_verb_group	00909363
01149494	_verb_group	00589624
01149494	_verb_group	00364479
01149480	_verb_group	01583656
01149480	_verb_group	01583494
01149480	_verb_group	01148614
01149480	_verb_group	00235368
01148614	_verb_group	01149480
01148614	_verb_group	00233335
01148283	_verb_group	13987423
01148283	_verb_group	01366718
01148283	_verb_group	01363613
01148283	_verb_group	01127623
01148283	_verb_group	00999817
01148283	_verb_group	00588797
01148283	_verb_group	00362467
01146039	_verb_group	02553697
01146039	_verb_group	02510337
01146039	_verb_group	00236592
01135529	_verb_group	02443049
01135529	_verb_group	01133281
01133281	_verb_group	02443049
01133281	_verb_group	01135529
01130607	_verb_group	08567235
01130607	_verb_group	04547592
01130607	_verb_group	04051825
01130607	_verb_group	03878963
01130607	_verb_group	03327234
01130607	_verb_group	01389942
01128655	_verb_group	02539334
01128655	_verb_group	01128390
01128655	_verb_group	00579712
01128390	_verb_group	02646931
01128390	_verb_group	01128655
01128071	_verb_group	04051825
01128071	_verb_group	02894605
01127623	_verb_group	01148283
01123148	_verb_group	01612053
01114303	_verb_group	09956578
01114303	_verb_group	00089027
01104406	_verb_group	09779790
01093587	_verb_group	09952163
01093587	_verb_group	00764902
01089137	_verb_group	08398036
01089137	_verb_group	03420559
01088923	_verb_group	02333689
01088923	_verb_group	01155421
01087197	_verb_group	08197742
01087197	_verb_group	05635624
01087197	_verb_group	04565375
01087197	_verb_group	03420559
01087197	_verb_group	01156899
01085474	_verb_group	04181228
01085474	_verb_group	02513460
01079604	_verb_group	00462092
01070892	_verb_group	00462092
01069391	_verb_group	01295275
01069391	_verb_group	01069190
01069391	_verb_group	00145218
01069190	_verb_group	00145218
01059400	_verb_group	04777098
01059400	_verb_group	02095311
01052853	_verb_group	01711749
01052853	_verb_group	01613239
01052853	_verb_group	01567275
01052853	_verb_group	01051331
01051331	_verb_group	02333689
01051331	_verb_group	01987160
01051331	_verb_group	01575675
01051331	_verb_group	01496630
01051331	_verb_group	01052853
01051331	_verb_group	00413876
01039330	_verb_group	06791372
01029852	_verb_group	07202579
01027263	_verb_group	04659090
01027263	_verb_group	00299580
01027263	_verb_group	00150287
01026262	_verb_group	04905188
01026262	_verb_group	04659287
01021128	_verb_group	05937112
01021128	_verb_group	05925366
01020936	_verb_group	01742886
01019524	_verb_group	01742886
01019524	_verb_group	01693881
01015310	_verb_group	01320009
01004062	_verb_group	06817782
01004062	_verb_group	04681387
01004062	_verb_group	03722007
01004062	_verb_group	01000214
01000214	_verb_group	01004062
00999817	_verb_group	01148283
00981276	_verb_group	13913566
00981276	_verb_group	03391301
00981276	_verb_group	00931608
00938419	_verb_group	01582645
00938419	_verb_group	00935940
00935940	_verb_group	10029269
00935940	_verb_group	10029068
00935940	_verb_group	01643464
00935940	_verb_group	00938419
00935005	_verb_group	00714944
00933566	_verb_group	05117660
00931608	_verb_group	00981276
00928077	_verb_group	01640550
00924612	_verb_group	06791372
00922438	_verb_group	06791372
00922438	_verb_group	00921738
00921790	_verb_group	15236475
00921790	_verb_group	01320009
00921738	_verb_group	06798750
00921738	_verb_group	03722007
00921738	_verb_group	03721797
00921738	_verb_group	00922438
00920778	_verb_group	00791078
00919513	_verb_group	01567275
00919513	_verb_group	00916464
00918820	_verb_group	01740608
00918820	_verb_group	00916464
00918820	_verb_group	00915722
00917211	_verb_group	01492052
00917211	_verb_group	00916464
00916464	_verb_group	09779790
00916464	_verb_group	01742726
00916464	_verb_group	01741446
00916464	_verb_group	01740608
00916464	_verb_group	01739814
00916464	_verb_group	00919513
00916464	_verb_group	00918820
00916464	_verb_group	00917211
00916464	_verb_group	00915722
00915722	_verb_group	01742726
00915722	_verb_group	01741446
00915722	_verb_group	00918820
00915722	_verb_group	00916464
00914632	_verb_group	13085864
00914632	_verb_group	01629000
00914632	_verb_group	00913705
00913705	_verb_group	06149484
00913705	_verb_group	00914632
00909899	_verb_group	01697027
00909899	_verb_group	01662771
00909899	_verb_group	00908909
00909363	_verb_group	07532440
00909363	_verb_group	01149494
00908909	_verb_group	00909899
00908772	_verb_group	01693881
00898804	_verb_group	01743784
00898804	_verb_group	01697406
00898804	_verb_group	01697027
00898804	_verb_group	00898518
00898518	_verb_group	00898804
00893955	_verb_group	00833702
00893955	_verb_group	00100044
00883611	_verb_group	00240131
00867231	_verb_group	06791372
00859325	_verb_group	04630689
00859153	_verb_group	04630689
00859153	_verb_group	01813884
00847340	_verb_group	01428853
00845523	_verb_group	02887741
00845523	_verb_group	01428853
00833702	_verb_group	09931640
00833702	_verb_group	00893955
00833702	_verb_group	00100044
00830448	_verb_group	01224744
00828237	_verb_group	00047945
00828237	_verb_group	00046534
00827379	_verb_group	01271189
00815644	_verb_group	01151110
00815644	_verb_group	01150559
00815644	_verb_group	00815320
00815320	_verb_group	02439732
00815320	_verb_group	00815644
00809465	_verb_group	10389398
00809465	_verb_group	10388924
00809465	_verb_group	02204692
00808182	_verb_group	02509287
00808182	_verb_group	00236592
00808182	_verb_group	00235368
00808182	_verb_group	00233335
00796047	_verb_group	07006119
00796047	_verb_group	06893885
00795008	_verb_group	02659763
00795008	_verb_group	00791078
00795008	_verb_group	00047317
00791227	_verb_group	14441825
00791227	_verb_group	02646931
00791227	_verb_group	02539334
00791078	_verb_group	00920778
00791078	_verb_group	00795008
00791078	_verb_group	00539110
00788821	_verb_group	01612053
00770141	_verb_group	07254057
00765213	_verb_group	09800249
00765213	_verb_group	01151407
00765213	_verb_group	00764902
00764902	_verb_group	13971561
00764902	_verb_group	07151122
00764902	_verb_group	01205827
00764902	_verb_group	01093587
00764902	_verb_group	00765213
00764902	_verb_group	00759551
00764902	_verb_group	00262703
00761713	_verb_group	07148192
00761713	_verb_group	00760956
00760956	_verb_group	09803429
00760956	_verb_group	09624559
00760956	_verb_group	07150850
00760956	_verb_group	07150644
00760956	_verb_group	01240432
00760956	_verb_group	01240210
00760956	_verb_group	01190884
00760956	_verb_group	00761713
00759694	_verb_group	01222666
00759551	_verb_group	01765392
00759551	_verb_group	00764902
00752335	_verb_group	10448983
00752335	_verb_group	10371741
00752335	_verb_group	10317007
00751887	_verb_group	09941964
00751887	_verb_group	09941571
00751887	_verb_group	09941383
00751887	_verb_group	09780828
00751887	_verb_group	05197797
00737399	_verb_group	02661252
00737399	_verb_group	00737188
00737188	_verb_group	00737399
00730499	_verb_group	05748786
00730301	_verb_group	08592656
00730301	_verb_group	08512736
00730301	_verb_group	00235368
00715674	_verb_group	01329239
00715674	_verb_group	00714944
00714944	_verb_group	00935005
00714944	_verb_group	00715674
00709625	_verb_group	09442838
00709625	_verb_group	05728678
00709625	_verb_group	00709379
00709625	_verb_group	00708017
00709379	_verb_group	00709625
00708017	_verb_group	00709625
00696882	_verb_group	00082714
00696518	_verb_group	04641153
00696518	_verb_group	02542280
00696518	_verb_group	02451113
00696518	_verb_group	01612053
00696518	_verb_group	01474513
00671351	_verb_group	06063588
00671351	_verb_group	01169194
00671351	_verb_group	00083809
00661213	_verb_group	05748786
00661213	_verb_group	00650353
00651991	_verb_group	07366289
00651991	_verb_group	07270179
00651991	_verb_group	05748285
00651991	_verb_group	04748836
00650353	_verb_group	10012815
00650353	_verb_group	07366289
00650353	_verb_group	05748285
00650353	_verb_group	04748836
00650353	_verb_group	02512305
00650353	_verb_group	00661213
00650353	_verb_group	00650016
00650016	_verb_group	10012815
00650016	_verb_group	05748054
00650016	_verb_group	00650353
00619972	_verb_group	04906026
00619972	_verb_group	02416278
00619972	_verb_group	01195536
00612160	_verb_group	06043075
00612160	_verb_group	02760116
00612160	_verb_group	00610373
00612160	_verb_group	00084230
00612160	_verb_group	00083124
00612160	_verb_group	00082714
00610373	_verb_group	00612160
00597634	_verb_group	10280130
00597634	_verb_group	05641959
00597634	_verb_group	00595935
00597385	_verb_group	10280130
00597385	_verb_group	05641959
00597385	_verb_group	00595935
00595935	_verb_group	00597634
00595935	_verb_group	00597385
00595684	_verb_group	10388440
00595146	_verb_group	10388440
00595146	_verb_group	10298912
00595146	_verb_group	10298647
00595146	_verb_group	10280130
00595146	_verb_group	10164233
00594836	_verb_group	09931640
00590626	_verb_group	09941964
00590626	_verb_group	09941571
00590626	_verb_group	09941383
00590626	_verb_group	09780828
00589769	_verb_group	10298912
00589624	_verb_group	01149494
00588797	_verb_group	01148283
00579712	_verb_group	01128655
00552841	_verb_group	02700104
00539110	_verb_group	00791078
00527572	_verb_group	13491060
00527572	_verb_group	00212414
00527367	_verb_group	01159964
00521562	_verb_group	01711445
00521562	_verb_group	01688771
00521562	_verb_group	00520257
00520257	_verb_group	00521562
00512186	_verb_group	01301410
00508192	_verb_group	04714440
00508192	_verb_group	02064745
00508032	_verb_group	07270179
00508032	_verb_group	06798750
00508032	_verb_group	03722007
00508032	_verb_group	01582645
00508032	_verb_group	00234725
00483181	_verb_group	13969243
00483181	_verb_group	10160412
00483181	_verb_group	00482893
00482893	_verb_group	07369604
00482893	_verb_group	07177437
00482893	_verb_group	05755486
00482893	_verb_group	00483181
00482893	_verb_group	00185104
00482473	_verb_group	13969243
00482473	_verb_group	10160412
00482473	_verb_group	09952163
00482473	_verb_group	00185104
00476819	_verb_group	14445379
00462092	_verb_group	10678472
00462092	_verb_group	10668450
00462092	_verb_group	09956578
00462092	_verb_group	04361641
00462092	_verb_group	02510337
00462092	_verb_group	01079604
00462092	_verb_group	01070892
00462092	_verb_group	00201923
00462092	_verb_group	00089027
00456740	_verb_group	07369604
00456740	_verb_group	05696020
00456740	_verb_group	00456596
00456740	_verb_group	00296178
00456596	_verb_group	05696020
00456596	_verb_group	00150287
00445467	_verb_group	14480772
00445467	_verb_group	13491060
00445169	_verb_group	15046900
00445169	_verb_group	14480772
00445169	_verb_group	13860793
00445169	_verb_group	13491060
00445169	_verb_group	00444519
00445169	_verb_group	00442669
00444519	_verb_group	05085572
00444519	_verb_group	00445169
00443384	_verb_group	14110411
00443116	_verb_group	14110411
00443116	_verb_group	13491060
00442669	_verb_group	13491060
00442669	_verb_group	13451508
00442669	_verb_group	00445169
00441445	_verb_group	07355887
00441445	_verb_group	00429968
00441445	_verb_group	00290740
00441445	_verb_group	00241038
00441445	_verb_group	00235368
00432683	_verb_group	05111835
00432683	_verb_group	00431826
00431826	_verb_group	13470491
00431826	_verb_group	13457378
00431826	_verb_group	07423001
00431826	_verb_group	00432683
00431826	_verb_group	00151689
00429968	_verb_group	00441445
00429968	_verb_group	00429060
00429060	_verb_group	00359903
00429060	_verb_group	00353782
00429060	_verb_group	00351638
00413876	_verb_group	01051331
00411384	_verb_group	02416278
00411384	_verb_group	00410247
00410247	_verb_group	02561332
00410247	_verb_group	01834304
00410247	_verb_group	00411384
00409211	_verb_group	02443849
00409211	_verb_group	01510827
00409211	_verb_group	01224744
00406365	_verb_group	01580467
00406365	_verb_group	00404403
00406243	_verb_group	01741446
00404403	_verb_group	00406365
00364479	_verb_group	07537068
00364479	_verb_group	04631298
00364479	_verb_group	01368192
00364479	_verb_group	01149494
00362467	_verb_group	04630689
00362467	_verb_group	01148283
00362355	_verb_group	00351638
00362355	_verb_group	00224901
00359903	_verb_group	01321002
00359903	_verb_group	00429060
00355547	_verb_group	00354884
00355547	_verb_group	00064095
00355252	_verb_group	00351638
00355252	_verb_group	00290740
00354884	_verb_group	01815185
00354884	_verb_group	00355547
00354884	_verb_group	00351638
00354884	_verb_group	00082308
00354884	_verb_group	00064095
00353782	_verb_group	00429060
00353782	_verb_group	00351638
00351638	_verb_group	00429060
00351638	_verb_group	00362355
00351638	_verb_group	00355252
00351638	_verb_group	00354884
00351638	_verb_group	00353782
00351638	_verb_group	00351485
00351638	_verb_group	00290740
00351638	_verb_group	00241038
00351638	_verb_group	00240131
00351638	_verb_group	00151689
00351485	_verb_group	00351638
00348571	_verb_group	01876907
00327824	_verb_group	01876907
00321956	_verb_group	01580467
00321956	_verb_group	00320852
00321956	_verb_group	00187526
00320852	_verb_group	02502536
00320852	_verb_group	01421622
00320852	_verb_group	01389776
00320852	_verb_group	00321956
00320852	_verb_group	00187526
00314469	_verb_group	02845576
00300537	_verb_group	10093908
00300537	_verb_group	07369604
00300537	_verb_group	04930307
00299580	_verb_group	07369604
00299580	_verb_group	05755486
00299580	_verb_group	01027263
00299580	_verb_group	00046109
00296178	_verb_group	09769929
00296178	_verb_group	00456740
00294884	_verb_group	13970764
00294884	_verb_group	01151097
00294884	_verb_group	00224901
00290740	_verb_group	09476521
00290740	_verb_group	00441445
00290740	_verb_group	00355252
00290740	_verb_group	00351638
00267349	_verb_group	02357693
00267349	_verb_group	01590171
00267349	_verb_group	00262703
00266806	_verb_group	00260648
00263813	_verb_group	01582645
00263813	_verb_group	01276361
00262703	_verb_group	03745285
00262703	_verb_group	00764902
00262703	_verb_group	00267349
00262703	_verb_group	00260648
00261705	_verb_group	03932203
00261705	_verb_group	00260648
00260648	_verb_group	10308732
00260648	_verb_group	00266806
00260648	_verb_group	00262703
00260648	_verb_group	00261705
00253761	_verb_group	02553697
00253761	_verb_group	00245457
00252019	_verb_group	13489037
00252019	_verb_group	00231557
00252019	_verb_group	00230746
00252019	_verb_group	00119524
00245457	_verb_group	13489037
00245457	_verb_group	09779790
00245457	_verb_group	00253761
00241038	_verb_group	00441445
00241038	_verb_group	00351638
00241038	_verb_group	00240131
00240131	_verb_group	00883611
00240131	_verb_group	00351638
00240131	_verb_group	00241038
00236592	_verb_group	02003725
00236592	_verb_group	01146039
00236592	_verb_group	00808182
00236592	_verb_group	00235368
00236289	_verb_group	04181228
00236289	_verb_group	00233335
00235368	_verb_group	15224293
00235368	_verb_group	05846355
00235368	_verb_group	05162455
00235368	_verb_group	01149480
00235368	_verb_group	00808182
00235368	_verb_group	00730301
00235368	_verb_group	00441445
00235368	_verb_group	00236592
00234725	_verb_group	00508032
00234725	_verb_group	00233335
00233335	_verb_group	15224293
00233335	_verb_group	13903079
00233335	_verb_group	10525134
00233335	_verb_group	08512259
00233335	_verb_group	05846355
00233335	_verb_group	05162455
00233335	_verb_group	04181228
00233335	_verb_group	03669886
00233335	_verb_group	02510337
00233335	_verb_group	02003725
00233335	_verb_group	01301051
00233335	_verb_group	01148614
00233335	_verb_group	00808182
00233335	_verb_group	00236289
00233335	_verb_group	00234725
00231557	_verb_group	13489037
00231557	_verb_group	00252019
00231557	_verb_group	00245457
00230746	_verb_group	00252019
00224901	_verb_group	09476521
00224901	_verb_group	00362355
00224901	_verb_group	00294884
00212414	_verb_group	00527572
00201923	_verb_group	00462092
00194969	_verb_group	02661252
00188466	_verb_group	03573282
00188466	_verb_group	00187526
00187526	_verb_group	06473381
00187526	_verb_group	03573282
00187526	_verb_group	00321956
00187526	_verb_group	00320852
00187526	_verb_group	00188466
00185104	_verb_group	00482893
00185104	_verb_group	00482473
00185104	_verb_group	00044673
00170844	_verb_group	00169651
00170844	_verb_group	00059552
00169651	_verb_group	00170844
00169651	_verb_group	00151689
00155487	_verb_group	02695895
00155487	_verb_group	02694933
00155487	_verb_group	02509919
00155487	_verb_group	02286204
00155487	_verb_group	01711749
00152887	_verb_group	07355887
00152887	_verb_group	00151689
00151689	_verb_group	13458571
00151689	_verb_group	13457378
00151689	_verb_group	07355887
00151689	_verb_group	05111835
00151689	_verb_group	05109808
00151689	_verb_group	00431826
00151689	_verb_group	00351638
00151689	_verb_group	00169651
00151689	_verb_group	00152887
00150287	_verb_group	13427078
00150287	_verb_group	09957614
00150287	_verb_group	07369604
00150287	_verb_group	02542795
00150287	_verb_group	01027263
00150287	_verb_group	00456596
00150287	_verb_group	00046109
00149084	_verb_group	01285440
00149084	_verb_group	00147595
00149084	_verb_group	00083334
00148978	_verb_group	01354673
00148978	_verb_group	00147595
00147595	_verb_group	01340439
00147595	_verb_group	01296462
00147595	_verb_group	00149084
00147595	_verb_group	00148978
00147595	_verb_group	00145218
00145218	_verb_group	02622234
00145218	_verb_group	02389346
00145218	_verb_group	01295275
00145218	_verb_group	01291069
00145218	_verb_group	01069391
00145218	_verb_group	01069190
00145218	_verb_group	00147595
00140652	_verb_group	01211699
00140393	_verb_group	01510827
00119873	_verb_group	10341660
00119873	_verb_group	02987454
00119524	_verb_group	13559782
00119524	_verb_group	04748836
00119524	_verb_group	00252019
00119266	_verb_group	13559782
00119074	_verb_group	07366289
00119074	_verb_group	05748285
00119074	_verb_group	04748836
00100044	_verb_group	00893955
00089027	_verb_group	02496816
00089027	_verb_group	02272549
00089027	_verb_group	01114303
00089027	_verb_group	00462092
00089027	_verb_group	00088481
00088481	_verb_group	02272549
00088481	_verb_group	00089027
00088481	_verb_group	00041899
00087152	_verb_group	01922763
00084230	_verb_group	06043075
00084230	_verb_group	00612160
00083809	_verb_group	01169194
00083809	_verb_group	00671351
00083334	_verb_group	06063588
00083334	_verb_group	00149084
00083334	_verb_group	00083124
00083124	_verb_group	02785648
00083124	_verb_group	00612160
00083124	_verb_group	00083334
00083124	_verb_group	00082714
00082714	_verb_group	03237639
00082714	_verb_group	00696882
00082714	_verb_group	00612160
00082714	_verb_group	00083124
00082308	_verb_group	14445379
00082308	_verb_group	04033995
00082308	_verb_group	03075768
00082308	_verb_group	00354884
00082308	_verb_group	00064095
00064095	_verb_group	09784443
00064095	_verb_group	07493280
00064095	_verb_group	03879854
00064095	_verb_group	00355547
00064095	_verb_group	00354884
00064095	_verb_group	00082308
00059552	_verb_group	00170844
00052374	_verb_group	03051540
00052374	_verb_group	02539359
00052043	_verb_group	03051540
00052043	_verb_group	00047945
00050652	_verb_group	03051540
00050652	_verb_group	02539359
00050652	_verb_group	00047317
00049197	_verb_group	03051540
00049197	_verb_group	00047945
00049003	_verb_group	01248191
00047945	_verb_group	10033082
00047945	_verb_group	03051540
00047945	_verb_group	02728440
00047945	_verb_group	00828237
00047945	_verb_group	00052043
00047945	_verb_group	00049197
00047745	_verb_group	03051540
00047745	_verb_group	02630189
00047745	_verb_group	02539359
00047317	_verb_group	00795008
00047317	_verb_group	00050652
00046534	_verb_group	10033082
00046534	_verb_group	02728440
00046534	_verb_group	00828237
00046534	_verb_group	00044149
00046109	_verb_group	00299580
00046109	_verb_group	00150287
00044673	_verb_group	00185104
00044149	_verb_group	00046534
00044149	_verb_group	00043683
00043683	_verb_group	02728440
00043683	_verb_group	00046534
00043683	_verb_group	00044149
00041899	_verb_group	00088481
00040962	_verb_group	13928668
00040962	_verb_group	02458103
00040962	_verb_group	00040804
00040804	_verb_group	00040962
00040804	_verb_group	00040152
00040152	_verb_group	02372326
00040152	_verb_group	02257370
00040152	_verb_group	00040804
00040152	_verb_group	00039021
00039021	_verb_group	00040152
00038849	_verb_group	05256862
00032613	_verb_group	13244109
00027807	_verb_group	13863771
00027807	_verb_group	13860793
00017222	_verb_group	08436759
00017222	_verb_group	01567275
15236475	_hypernym	00921790
15224293	_hypernym	00235368
15224293	_hypernym	00233335
15046900	_hypernym	07555863
15046900	_hypernym	00445169
14480772	_hypernym	14479615
14480772	_hypernym	00445467
14480772	_hypernym	00445169
14479615	_hypernym	14480772
14479615	_hypernym	06084469
14445379	_hypernym	00476819
14445379	_hypernym	00082308
14442530	_hypernym	14441825
14442530	_hypernym	10678662
14442530	_hypernym	02646931
14442530	_hypernym	02539334
14441825	_hypernym	14442530
14441825	_hypernym	02646931
14441825	_hypernym	00791227
14413644	_hypernym	13937554
14413644	_hypernym	02513460
14405931	_hypernym	01785748
14405931	_hypernym	01781983
14405774	_hypernym	07519253
14110411	_hypernym	00443384
14110411	_hypernym	00443116
14008806	_hypernym	01510827
13999663	_hypernym	01301410
13998781	_hypernym	13998576
13998781	_hypernym	01301410
13998576	_hypernym	13998781
13998576	_hypernym	13996300
13998576	_hypernym	02711114
13996300	_hypernym	13998576
13996300	_hypernym	13928668
13996300	_hypernym	02496816
13988663	_hypernym	01149494
13987423	_hypernym	01148283
13971561	_hypernym	13970236
13971561	_hypernym	01765392
13971561	_hypernym	00764902
13970764	_hypernym	01765392
13970764	_hypernym	00294884
13970236	_hypernym	13971561
13970236	_hypernym	01647867
13969700	_hypernym	13969243
13969700	_hypernym	01765392
13969243	_hypernym	13969700
13969243	_hypernym	02700104
13969243	_hypernym	00483181
13969243	_hypernym	00482473
13937554	_hypernym	14413644
13937554	_hypernym	13927383
13928668	_hypernym	13996300
13928668	_hypernym	00040962
13927383	_hypernym	13937554
13913566	_hypernym	02144644
13913566	_hypernym	01697027
13913566	_hypernym	01662771
13913566	_hypernym	01624568
13913566	_hypernym	00981276
13905792	_hypernym	01276361
13903387	_hypernym	13903079
13903387	_hypernym	02710673
13903079	_hypernym	13903387
13903079	_hypernym	13863771
13903079	_hypernym	02710673
13903079	_hypernym	01466978
13903079	_hypernym	00233335
13863771	_hypernym	13903079
13863771	_hypernym	00027807
13860793	_hypernym	00445169
13860793	_hypernym	00027807
13792692	_hypernym	01492052
13792692	_hypernym	01354673
13743605	_hypernym	13743269
13743605	_hypernym	01465365
13743605	_hypernym	01465218
13743605	_hypernym	01292885
13743269	_hypernym	13743605
13743269	_hypernym	13741022
13741022	_hypernym	13743269
13559782	_hypernym	13427078
13559782	_hypernym	00119524
13559782	_hypernym	00119266
13491060	_hypernym	13451508
13491060	_hypernym	00527572
13491060	_hypernym	00445467
13491060	_hypernym	00445169
13491060	_hypernym	00443116
13491060	_hypernym	00442669
13489037	_hypernym	13454318
13489037	_hypernym	00252019
13489037	_hypernym	00245457
13489037	_hypernym	00231557
13470491	_hypernym	00431826
13458571	_hypernym	13457378
13458571	_hypernym	00151689
13457378	_hypernym	13458571
13457378	_hypernym	00431826
13457378	_hypernym	00151689
13454318	_hypernym	13489037
13454318	_hypernym	01742726
13451508	_hypernym	13491060
13451508	_hypernym	00442669
13427078	_hypernym	13559782
13427078	_hypernym	00150287
13321495	_hypernym	13320168
13321495	_hypernym	02502536
13320168	_hypernym	13321495
13244109	_hypernym	02203362
13244109	_hypernym	00032613
13240514	_hypernym	10389398
13240514	_hypernym	10388924
13085864	_hypernym	01741446
13085864	_hypernym	01321002
13085864	_hypernym	01320009
13085864	_hypernym	00914632
11415084	_hypernym	11414874
11415084	_hypernym	02661252
11414874	_hypernym	11415084
10689564	_hypernym	04160372
10689564	_hypernym	01666717
10689564	_hypernym	01666327
10678662	_hypernym	14442530
10678472	_hypernym	10525134
10678472	_hypernym	00462092
10676877	_hypernym	10388732
10676877	_hypernym	02443049
10668450	_hypernym	00462092
10657306	_hypernym	10120816
10657306	_hypernym	01329239
10645611	_hypernym	01648126
10640620	_hypernym	01428853
10595164	_hypernym	07970406
10584318	_hypernym	10351281
10584318	_hypernym	01666327
10584318	_hypernym	01329239
10582746	_hypernym	09780828
10566072	_hypernym	09812338
10566072	_hypernym	01684337
10566072	_hypernym	01551871
10566072	_hypernym	01256157
10529231	_hypernym	02204692
10529231	_hypernym	02203362
10525134	_hypernym	10678472
10525134	_hypernym	02441022
10525134	_hypernym	01819554
10525134	_hypernym	01301051
10525134	_hypernym	00233335
10522324	_hypernym	10419047
10474645	_hypernym	10164233
10470460	_hypernym	01203715
10470460	_hypernym	01150559
10448983	_hypernym	10249459
10448983	_hypernym	00752335
10419047	_hypernym	10522324
10419047	_hypernym	02661252
10419047	_hypernym	02579447
10402417	_hypernym	08060694
10402417	_hypernym	06526291
10399491	_hypernym	07970406
10389398	_hypernym	13240514
10389398	_hypernym	10180178
10389398	_hypernym	02204692
10389398	_hypernym	00809465
10388924	_hypernym	13240514
10388924	_hypernym	09882007
10388924	_hypernym	02204692
10388924	_hypernym	00809465
10388732	_hypernym	10676877
10388732	_hypernym	02443049
10388440	_hypernym	05198036
10388440	_hypernym	02539334
10388440	_hypernym	00595684
10388440	_hypernym	00595146
10378780	_hypernym	02443849
10378412	_hypernym	01224744
10371741	_hypernym	10294602
10371741	_hypernym	00752335
10351874	_hypernym	09624559
10351281	_hypernym	10584318
10351281	_hypernym	10120816
10341660	_hypernym	02987454
10341660	_hypernym	02987177
10341660	_hypernym	02661252
10341660	_hypernym	00119873
10325774	_hypernym	01743784
10325774	_hypernym	01697406
10317007	_hypernym	09942970
10317007	_hypernym	09941964
10317007	_hypernym	00752335
10308732	_hypernym	00260648
10301261	_hypernym	06000644
10300303	_hypernym	01428853
10299875	_hypernym	01293389
10298912	_hypernym	02447001
10298912	_hypernym	00595146
10298912	_hypernym	00589769
10298647	_hypernym	10054657
10298647	_hypernym	00595146
10294602	_hypernym	10371741
10291110	_hypernym	01211699
10280130	_hypernym	09812338
10280130	_hypernym	00597634
10280130	_hypernym	00597385
10280130	_hypernym	00595146
10249459	_hypernym	10448983
10245639	_hypernym	10180178
10245639	_hypernym	09758781
10213034	_hypernym	02538765
10210648	_hypernym	01753596
10180178	_hypernym	10389398
10180178	_hypernym	10245639
10164233	_hypernym	10474645
10164233	_hypernym	00595146
10161363	_hypernym	10079399
10161363	_hypernym	01320009
10160412	_hypernym	09624559
10160412	_hypernym	00483181
10160412	_hypernym	00482473
10155849	_hypernym	09974648
10155849	_hypernym	07066659
10155849	_hypernym	05750163
10155849	_hypernym	05256862
10155849	_hypernym	04928903
10155849	_hypernym	01666894
10132641	_hypernym	10079399
10120816	_hypernym	10657306
10120816	_hypernym	10351281
10093908	_hypernym	02702830
10093908	_hypernym	00300537
10080337	_hypernym	01340439
10079399	_hypernym	10161363
10079399	_hypernym	10132641
10079399	_hypernym	10079210
10079210	_hypernym	10079399
10079210	_hypernym	10078806
10078806	_hypernym	10079210
10078806	_hypernym	09779790
10078806	_hypernym	02420232
10078806	_hypernym	01739814
10054657	_hypernym	10298647
10033082	_hypernym	00047945
10033082	_hypernym	00046534
10029269	_hypernym	00935940
10029068	_hypernym	09812338
10029068	_hypernym	01690294
10029068	_hypernym	01643464
10029068	_hypernym	00935940
10012815	_hypernym	02512305
10012815	_hypernym	00650353
10012815	_hypernym	00650016
09974648	_hypernym	10155849
09972157	_hypernym	01753596
09972157	_hypernym	01640550
09964805	_hypernym	01693881
09964411	_hypernym	01742886
09957614	_hypernym	00150287
09956578	_hypernym	01114303
09956578	_hypernym	00462092
09953178	_hypernym	02553697
09952163	_hypernym	09800249
09952163	_hypernym	09624559
09952163	_hypernym	01765392
09952163	_hypernym	01647867
09952163	_hypernym	01093587
09952163	_hypernym	00482473
09943541	_hypernym	09942970
09943541	_hypernym	09941571
09942970	_hypernym	10317007
09942970	_hypernym	09943541
09941964	_hypernym	10317007
09941964	_hypernym	02441022
09941964	_hypernym	00751887
09941964	_hypernym	00590626
09941571	_hypernym	09943541
09941571	_hypernym	02441022
09941571	_hypernym	00751887
09941571	_hypernym	00590626
09941383	_hypernym	02441022
09941383	_hypernym	00751887
09941383	_hypernym	00590626
09935434	_hypernym	09816771
09935434	_hypernym	08060694
09935434	_hypernym	06526291
09935434	_hypernym	02416278
09935434	_hypernym	02371684
09931640	_hypernym	02443049
09931640	_hypernym	01804414
09931640	_hypernym	00833702
09931640	_hypernym	00594836
09918248	_hypernym	07970406
09882716	_hypernym	09882007
09882716	_hypernym	09609232
09882007	_hypernym	10388924
09882007	_hypernym	09882716
09816771	_hypernym	09935434
09816771	_hypernym	09626238
09816771	_hypernym	02470175
09812338	_hypernym	10566072
09812338	_hypernym	10280130
09812338	_hypernym	10029068
09812338	_hypernym	06998748
09812338	_hypernym	05638987
09812338	_hypernym	02991122
09812338	_hypernym	02743547
09803429	_hypernym	00760956
09802641	_hypernym	02272549
09800249	_hypernym	09952163
09800249	_hypernym	00765213
09784443	_hypernym	00064095
09780828	_hypernym	10582746
09780828	_hypernym	02441022
09780828	_hypernym	00751887
09780828	_hypernym	00590626
09779790	_hypernym	10078806
09779790	_hypernym	01742726
09779790	_hypernym	01739814
09779790	_hypernym	01104406
09779790	_hypernym	00916464
09779790	_hypernym	00245457
09769929	_hypernym	00296178
09758781	_hypernym	10245639
09758781	_hypernym	01466978
09626238	_hypernym	09816771
09625401	_hypernym	02496816
09624559	_hypernym	10351874
09624559	_hypernym	10160412
09624559	_hypernym	09952163
09624559	_hypernym	00760956
09609232	_hypernym	09882716
09476521	_hypernym	00290740
09476521	_hypernym	00224901
09442838	_hypernym	00709625
09366317	_hypernym	09303008
09326662	_hypernym	09303008
09326662	_hypernym	01660386
09303008	_hypernym	09366317
09303008	_hypernym	09326662
09303008	_hypernym	01660640
09273291	_hypernym	02711114
09260907	_hypernym	01740608
08688247	_hypernym	08664443
08688247	_hypernym	02512150
08677628	_hypernym	08645963
08677628	_hypernym	02695895
08677628	_hypernym	01711749
08664443	_hypernym	08688247
08664443	_hypernym	08620061
08664443	_hypernym	01711749
08664443	_hypernym	01150559
08645963	_hypernym	08677628
08645963	_hypernym	08497294
08630985	_hypernym	08574314
08630985	_hypernym	08552138
08630985	_hypernym	08497294
08630039	_hypernym	08568978
08622950	_hypernym	02694933
08620763	_hypernym	08620061
08620763	_hypernym	01466978
08620061	_hypernym	08664443
08620061	_hypernym	08620763
08612786	_hypernym	08512259
08612786	_hypernym	01689379
08612786	_hypernym	01582645
08612786	_hypernym	01276361
08592656	_hypernym	08512259
08592656	_hypernym	03264542
08592656	_hypernym	00730301
08574314	_hypernym	08630985
08574314	_hypernym	08567235
08568978	_hypernym	08630039
08568978	_hypernym	08512259
08567235	_hypernym	08574314
08567235	_hypernym	01467370
08567235	_hypernym	01130607
08566028	_hypernym	02845576
08565701	_hypernym	08512259
08565701	_hypernym	02710673
08565701	_hypernym	01467370
08565701	_hypernym	01466978
08552138	_hypernym	08630985
08552138	_hypernym	08513163
08552138	_hypernym	02812482
08552138	_hypernym	02512150
08513163	_hypernym	08552138
08513163	_hypernym	01466978
08512736	_hypernym	08512259
08512736	_hypernym	02710673
08512736	_hypernym	01467370
08512736	_hypernym	01466978
08512736	_hypernym	00730301
08512259	_hypernym	08612786
08512259	_hypernym	08592656
08512259	_hypernym	08568978
08512259	_hypernym	08565701
08512259	_hypernym	08512736
08512259	_hypernym	02710673
08512259	_hypernym	00233335
08497294	_hypernym	08645963
08497294	_hypernym	08630985
08493064	_hypernym	02812482
08438067	_hypernym	08436759
08438067	_hypernym	01739814
08436759	_hypernym	08438067
08436759	_hypernym	00017222
08398036	_hypernym	01089137
08197742	_hypernym	01087197
08060694	_hypernym	10402417
08060694	_hypernym	09935434
07996689	_hypernym	07985223
07988857	_hypernym	07970406
07988857	_hypernym	01428853
07988857	_hypernym	01293389
07988857	_hypernym	01292885
07985223	_hypernym	07996689
07985223	_hypernym	01465365
07985223	_hypernym	01292885
07976936	_hypernym	07975026
07976936	_hypernym	01428853
07976936	_hypernym	01292885
07975026	_hypernym	07976936
07970406	_hypernym	10595164
07970406	_hypernym	10399491
07970406	_hypernym	09918248
07970406	_hypernym	07988857
07705711	_hypernym	07555863
07705711	_hypernym	01739814
07555863	_hypernym	15046900
07555863	_hypernym	07705711
07537259	_hypernym	01785748
07537068	_hypernym	00364479
07532440	_hypernym	01149494
07532440	_hypernym	00909363
07529563	_hypernym	01813884
07527352	_hypernym	01366718
07527352	_hypernym	01363613
07520612	_hypernym	07519253
07520612	_hypernym	02506361
07520612	_hypernym	01782218
07520612	_hypernym	01781983
07520612	_hypernym	01780941
07520612	_hypernym	01779165
07519253	_hypernym	14405774
07519253	_hypernym	07520612
07519253	_hypernym	01780202
07519253	_hypernym	01779165
07515790	_hypernym	07515560
07515790	_hypernym	01765392
07515560	_hypernym	07515790
07515560	_hypernym	07514968
07515560	_hypernym	01922763
07514968	_hypernym	07515560
07493280	_hypernym	00064095
07423001	_hypernym	07355887
07423001	_hypernym	00431826
07369604	_hypernym	02702830
07369604	_hypernym	00482893
07369604	_hypernym	00456740
07369604	_hypernym	00300537
07369604	_hypernym	00299580
07369604	_hypernym	00150287
07366627	_hypernym	02661252
07366289	_hypernym	07337390
07366289	_hypernym	02661252
07366289	_hypernym	00651991
07366289	_hypernym	00650353
07366289	_hypernym	00119074
07355887	_hypernym	07423001
07355887	_hypernym	00441445
07355887	_hypernym	00152887
07355887	_hypernym	00151689
07346057	_hypernym	01877204
07346057	_hypernym	01876907
07338114	_hypernym	01510827
07337390	_hypernym	07366289
07337390	_hypernym	01876907
07273136	_hypernym	01588493
07270179	_hypernym	06806469
07270179	_hypernym	01588493
07270179	_hypernym	00651991
07270179	_hypernym	00508032
07254057	_hypernym	07253637
07254057	_hypernym	01819554
07254057	_hypernym	01781180
07254057	_hypernym	00770141
07253637	_hypernym	07254057
07253637	_hypernym	06709533
07202579	_hypernym	01588493
07202579	_hypernym	01029852
07177437	_hypernym	00482893
07151122	_hypernym	07150644
07151122	_hypernym	00764902
07150850	_hypernym	07150644
07150850	_hypernym	00760956
07150644	_hypernym	07151122
07150644	_hypernym	07150850
07150644	_hypernym	07148192
07150644	_hypernym	00760956
07148192	_hypernym	07150644
07148192	_hypernym	00761713
07066659	_hypernym	10155849
07066659	_hypernym	07020895
07066659	_hypernym	01687569
07020895	_hypernym	07066659
07006712	_hypernym	07006119
07006712	_hypernym	01711445
07006119	_hypernym	07006712
07006119	_hypernym	00796047
07003119	_hypernym	06998748
07003119	_hypernym	01690294
07003119	_hypernym	01643464
06998748	_hypernym	09812338
06998748	_hypernym	07003119
06998748	_hypernym	06873252
06893885	_hypernym	06891493
06893885	_hypernym	01719302
06893885	_hypernym	01711445
06893885	_hypernym	00796047
06891493	_hypernym	06893885
06873252	_hypernym	06998748
06817782	_hypernym	01004062
06806469	_hypernym	07270179
06806469	_hypernym	06791372
06806469	_hypernym	02806907
06799897	_hypernym	06798750
06799897	_hypernym	01582645
06799897	_hypernym	01276361
06798750	_hypernym	06799897
06798750	_hypernym	01275762
06798750	_hypernym	00921738
06798750	_hypernym	00508032
06791372	_hypernym	06806469
06791372	_hypernym	02296984
06791372	_hypernym	01039330
06791372	_hypernym	00924612
06791372	_hypernym	00922438
06791372	_hypernym	00867231
06773976	_hypernym	06773434
06773976	_hypernym	01647867
06773434	_hypernym	06773976
06709533	_hypernym	07253637
06661562	_hypernym	02538765
06526291	_hypernym	10402417
06526291	_hypernym	09935434
06526291	_hypernym	06520944
06520944	_hypernym	06526291
06473381	_hypernym	00187526
06157326	_hypernym	06153846
06157326	_hypernym	01719302
06157326	_hypernym	01711445
06153846	_hypernym	06157326
06149484	_hypernym	00913705
06099269	_hypernym	03669886
06084469	_hypernym	14479615
06063588	_hypernym	01169194
06063588	_hypernym	00671351
06063588	_hypernym	00083334
06043075	_hypernym	03430091
06043075	_hypernym	00612160
06043075	_hypernym	00084230
06022291	_hypernym	06018465
06022291	_hypernym	02661252
06018465	_hypernym	06022291
06004685	_hypernym	06003682
06004685	_hypernym	06000644
06004685	_hypernym	01583656
06003682	_hypernym	06004685
06000644	_hypernym	10301261
06000644	_hypernym	06004685
05981230	_hypernym	05980875
05981230	_hypernym	01150559
05980875	_hypernym	05981230
05938795	_hypernym	05925366
05938795	_hypernym	01743784
05937112	_hypernym	02723733
05937112	_hypernym	01743784
05937112	_hypernym	01021128
05925366	_hypernym	05938795
05925366	_hypernym	01021128
05902327	_hypernym	01683582
05890249	_hypernym	01743784
05890249	_hypernym	01722980
05849789	_hypernym	05849040
05849789	_hypernym	02630189
05849040	_hypernym	05849789
05846355	_hypernym	00235368
05846355	_hypernym	00233335
05844105	_hypernym	01687569
05844105	_hypernym	01666894
05765415	_hypernym	02806907
05755486	_hypernym	00482893
05755486	_hypernym	00299580
05750657	_hypernym	05750163
05750657	_hypernym	01666894
05750657	_hypernym	01666717
05750163	_hypernym	10155849
05750163	_hypernym	05750657
05750163	_hypernym	05749619
05750163	_hypernym	01687569
05749619	_hypernym	05750163
05749619	_hypernym	05748054
05749619	_hypernym	02868326
05748786	_hypernym	05748285
05748786	_hypernym	00730499
05748786	_hypernym	00661213
05748285	_hypernym	05748786
05748285	_hypernym	00651991
05748285	_hypernym	00650353
05748285	_hypernym	00119074
05748054	_hypernym	05749619
05748054	_hypernym	00650016
05728678	_hypernym	00709625
05696020	_hypernym	00456740
05696020	_hypernym	00456596
05641959	_hypernym	05640433
05641959	_hypernym	02510337
05641959	_hypernym	00597634
05641959	_hypernym	00597385
05640433	_hypernym	05641959
05638987	_hypernym	09812338
05635624	_hypernym	01087197
05257737	_hypernym	05256862
05256862	_hypernym	10155849
05256862	_hypernym	05257737
05256862	_hypernym	04055030
05256862	_hypernym	00038849
05198036	_hypernym	10388440
05198036	_hypernym	05196582
05197797	_hypernym	05196582
05197797	_hypernym	02441022
05197797	_hypernym	00751887
05196582	_hypernym	05197797
05196582	_hypernym	05196375
05196582	_hypernym	02539334
05196375	_hypernym	05196582
05196375	_hypernym	02441022
05162455	_hypernym	05161614
05162455	_hypernym	00235368
05162455	_hypernym	00233335
05161614	_hypernym	05162455
05161614	_hypernym	02513460
05117660	_hypernym	05093890
05117660	_hypernym	02510337
05117660	_hypernym	01531375
05117660	_hypernym	00933566
05111835	_hypernym	05109808
05111835	_hypernym	00432683
05111835	_hypernym	00151689
05109808	_hypernym	05111835
05109808	_hypernym	05107765
05109808	_hypernym	00151689
05107765	_hypernym	05109808
05107765	_hypernym	05090441
05093890	_hypernym	05117660
05093890	_hypernym	04916342
05090441	_hypernym	05107765
05090441	_hypernym	04916342
05085572	_hypernym	05084201
05085572	_hypernym	00444519
05084201	_hypernym	05085572
05075602	_hypernym	05074774
05075602	_hypernym	02695895
05075602	_hypernym	02333689
05075602	_hypernym	01711749
05074774	_hypernym	05075602
05074774	_hypernym	01987160
04930307	_hypernym	04928903
04930307	_hypernym	02659763
04930307	_hypernym	00300537
04928903	_hypernym	10155849
04928903	_hypernym	04930307
04928903	_hypernym	04916342
04928903	_hypernym	01687569
04916342	_hypernym	05093890
04916342	_hypernym	05090441
04916342	_hypernym	04928903
04910973	_hypernym	04910135
04910973	_hypernym	01508719
04910135	_hypernym	04910973
04906273	_hypernym	02542795
04906273	_hypernym	01612053
04906026	_hypernym	04905188
04906026	_hypernym	00619972
04905842	_hypernym	04905188
04905188	_hypernym	04906026
04905188	_hypernym	04905842
04905188	_hypernym	02451113
04905188	_hypernym	01026262
04802776	_hypernym	04802629
04802776	_hypernym	02661252
04802629	_hypernym	04802776
04777098	_hypernym	04776699
04777098	_hypernym	02095311
04777098	_hypernym	01340439
04777098	_hypernym	01059400
04776699	_hypernym	04777098
04770911	_hypernym	01876907
04750764	_hypernym	04750164
04750764	_hypernym	01410363
04750164	_hypernym	04750764
04750164	_hypernym	04748836
04750164	_hypernym	01410905
04750164	_hypernym	01410363
04748836	_hypernym	04750164
04748836	_hypernym	02666239
04748836	_hypernym	02064745
04748836	_hypernym	01410363
04748836	_hypernym	00651991
04748836	_hypernym	00650353
04748836	_hypernym	00119524
04748836	_hypernym	00119074
04731497	_hypernym	04714440
04731497	_hypernym	04712735
04714440	_hypernym	04731497
04714440	_hypernym	00508192
04713428	_hypernym	04712735
04713428	_hypernym	02657219
04713332	_hypernym	04712735
04713332	_hypernym	02700104
04713118	_hypernym	04712735
04713118	_hypernym	02700104
04712735	_hypernym	04731497
04712735	_hypernym	04713428
04712735	_hypernym	04713332
04712735	_hypernym	04713118
04681387	_hypernym	01275762
04681387	_hypernym	01004062
04659287	_hypernym	04659090
04659287	_hypernym	01026262
04659090	_hypernym	04659287
04659090	_hypernym	01027263
04644512	_hypernym	04623612
04644512	_hypernym	02564986
04641153	_hypernym	04640927
04641153	_hypernym	02542280
04641153	_hypernym	00696518
04640927	_hypernym	04641153
04640927	_hypernym	04623612
04639113	_hypernym	04623612
04639113	_hypernym	02003725
04631298	_hypernym	04623612
04631298	_hypernym	00364479
04630689	_hypernym	04623612
04630689	_hypernym	00859325
04630689	_hypernym	00859153
04630689	_hypernym	00362467
04623612	_hypernym	04644512
04623612	_hypernym	04640927
04623612	_hypernym	04639113
04623612	_hypernym	04631298
04623612	_hypernym	04630689
04613158	_hypernym	03091374
04613158	_hypernym	01492052
04613158	_hypernym	01292885
04612840	_hypernym	04295081
04612840	_hypernym	01492052
04608567	_hypernym	03722007
04608567	_hypernym	03563967
04605726	_hypernym	01580467
04605726	_hypernym	01283208
04602044	_hypernym	03322099
04596852	_hypernym	03817647
04596852	_hypernym	03051540
04565375	_hypernym	03574816
04565375	_hypernym	01087197
04550426	_hypernym	03051540
04547592	_hypernym	01130607
04463273	_hypernym	01582645
04433185	_hypernym	03106110
04433185	_hypernym	01285440
04377057	_hypernym	03778600
04377057	_hypernym	03533486
04369025	_hypernym	02785648
04369025	_hypernym	01283208
04361641	_hypernym	00462092
04321238	_hypernym	04179385
04321238	_hypernym	01329239
04296562	_hypernym	03961939
04296562	_hypernym	01711445
04295081	_hypernym	04612840
04295081	_hypernym	03430959
04272054	_hypernym	03852280
04272054	_hypernym	03391301
04272054	_hypernym	02899439
04181228	_hypernym	03330947
04181228	_hypernym	01288052
04181228	_hypernym	01085474
04181228	_hypernym	00236289
04181228	_hypernym	00233335
04179385	_hypernym	04321238
04179385	_hypernym	03745285
04179385	_hypernym	01666327
04179385	_hypernym	01329239
04160372	_hypernym	10689564
04160372	_hypernym	03600977
04157320	_hypernym	03958097
04157320	_hypernym	03779621
04157320	_hypernym	01684337
04157320	_hypernym	01551871
04143712	_hypernym	01779165
04110439	_hypernym	01987160
04085873	_hypernym	03315644
04085873	_hypernym	01271658
04055030	_hypernym	05256862
04051825	_hypernym	03385557
04051825	_hypernym	03282060
04051825	_hypernym	01130607
04051825	_hypernym	01128071
04033995	_hypernym	02820210
04033995	_hypernym	01667449
04033995	_hypernym	01667304
04033995	_hypernym	00082308
03961939	_hypernym	04296562
03958097	_hypernym	04157320
03958097	_hypernym	02743547
03932670	_hypernym	03309808
03932203	_hypernym	01656788
03932203	_hypernym	01590171
03932203	_hypernym	00261705
03879854	_hypernym	00064095
03878963	_hypernym	03385557
03878963	_hypernym	01130607
03852280	_hypernym	04272054
03852280	_hypernym	03574816
03817647	_hypernym	04596852
03817647	_hypernym	01283208
03792334	_hypernym	02799897
03792334	_hypernym	01660640
03792048	_hypernym	03282060
03792048	_hypernym	01660386
03779621	_hypernym	04157320
03779621	_hypernym	01697027
03779621	_hypernym	01662771
03779370	_hypernym	01697027
03779370	_hypernym	01662771
03778600	_hypernym	04377057
03777283	_hypernym	01743784
03777283	_hypernym	01697406
03777283	_hypernym	01697027
03763727	_hypernym	03763403
03763403	_hypernym	03763727
03763403	_hypernym	03420559
03745285	_hypernym	04179385
03745285	_hypernym	01590171
03745285	_hypernym	00262703
03738241	_hypernym	03674440
03728811	_hypernym	03257343
03728811	_hypernym	02657219
03728811	_hypernym	01292885
03722007	_hypernym	04608567
03722007	_hypernym	01004062
03722007	_hypernym	00921738
03722007	_hypernym	00508032
03721797	_hypernym	00921738
03674440	_hypernym	03738241
03674440	_hypernym	02622234
03673971	_hypernym	01354673
03673971	_hypernym	01285440
03670849	_hypernym	03106110
03670849	_hypernym	02845576
03669886	_hypernym	06099269
03669886	_hypernym	00233335
03605915	_hypernym	03600977
03605915	_hypernym	03091374
03600977	_hypernym	04160372
03600977	_hypernym	03605915
03600977	_hypernym	02660147
03574816	_hypernym	04565375
03574816	_hypernym	03852280
03573282	_hypernym	01421622
03573282	_hypernym	00188466
03573282	_hypernym	00187526
03563967	_hypernym	04608567
03533486	_hypernym	04377057
03533486	_hypernym	01656788
03525252	_hypernym	01301410
03513627	_hypernym	03309808
03513627	_hypernym	03264542
03496892	_hypernym	03322940
03496892	_hypernym	01320009
03430959	_hypernym	04295081
03430091	_hypernym	06043075
03430091	_hypernym	02785648
03420559	_hypernym	03763403
03420559	_hypernym	02023992
03420559	_hypernym	01606205
03420559	_hypernym	01155421
03420559	_hypernym	01089137
03420559	_hypernym	01087197
03391301	_hypernym	04272054
03391301	_hypernym	01586850
03391301	_hypernym	00981276
03390983	_hypernym	01586850
03386011	_hypernym	03171356
03386011	_hypernym	02023992
03386011	_hypernym	01606205
03386011	_hypernym	01155421
03385557	_hypernym	04051825
03385557	_hypernym	03878963
03385557	_hypernym	03171356
03385557	_hypernym	01606205
03354613	_hypernym	01340439
03330947	_hypernym	04181228
03330947	_hypernym	01288052
03327234	_hypernym	01588134
03327234	_hypernym	01130607
03322940	_hypernym	03496892
03322940	_hypernym	03146846
03322099	_hypernym	04602044
03322099	_hypernym	02420232
03322099	_hypernym	01739814
03315644	_hypernym	04085873
03315644	_hypernym	01271189
03309808	_hypernym	03932670
03309808	_hypernym	03513627
03309808	_hypernym	03265479
03285912	_hypernym	02711114
03285912	_hypernym	01580467
03282060	_hypernym	04051825
03282060	_hypernym	03792048
03265479	_hypernym	03309808
03265479	_hypernym	01466978
03264542	_hypernym	08592656
03264542	_hypernym	03513627
03264542	_hypernym	02875013
03264136	_hypernym	02361600
03257586	_hypernym	01735308
03257586	_hypernym	01693881
03257343	_hypernym	03728811
03257343	_hypernym	03104594
03257343	_hypernym	01735308
03237639	_hypernym	02785648
03237639	_hypernym	00082714
03234306	_hypernym	03173524
03234306	_hypernym	01690294
03234306	_hypernym	01582645
03178782	_hypernym	03169390
03178782	_hypernym	01753596
03178782	_hypernym	01640550
03173524	_hypernym	03234306
03173524	_hypernym	01689379
03173524	_hypernym	01582645
03171356	_hypernym	03386011
03171356	_hypernym	03385557
03169390	_hypernym	03178782
03169390	_hypernym	02748927
03169390	_hypernym	01675963
03169390	_hypernym	01466543
03146846	_hypernym	03322940
03146846	_hypernym	01741446
03146846	_hypernym	01740608
03128583	_hypernym	03051540
03106110	_hypernym	04433185
03106110	_hypernym	03670849
03104594	_hypernym	03257343
03104594	_hypernym	02979662
03104594	_hypernym	01742886
03096960	_hypernym	01224744
03093574	_hypernym	03051540
03091374	_hypernym	04613158
03091374	_hypernym	03605915
03091374	_hypernym	01421122
03091374	_hypernym	01354673
03075768	_hypernym	01765392
03075768	_hypernym	00082308
03051540	_hypernym	04596852
03051540	_hypernym	04550426
03051540	_hypernym	03128583
03051540	_hypernym	03093574
03051540	_hypernym	02728440
03051540	_hypernym	00052374
03051540	_hypernym	00052043
03051540	_hypernym	00050652
03051540	_hypernym	00049197
03051540	_hypernym	00047945
03051540	_hypernym	00047745
02991122	_hypernym	09812338
02991122	_hypernym	02743547
02987454	_hypernym	10341660
02987454	_hypernym	00119873
02987177	_hypernym	10341660
02979662	_hypernym	03104594
02979662	_hypernym	01662771
02928413	_hypernym	01498713
02928413	_hypernym	01466978
02899439	_hypernym	04272054
02894605	_hypernym	01128071
02887741	_hypernym	01428853
02887741	_hypernym	00845523
02875013	_hypernym	03264542
02875013	_hypernym	01586850
02875013	_hypernym	01467370
02868326	_hypernym	05749619
02845576	_hypernym	08566028
02845576	_hypernym	03670849
02845576	_hypernym	00314469
02840361	_hypernym	01303242
02840361	_hypernym	01285440
02820210	_hypernym	04033995
02812482	_hypernym	08552138
02812482	_hypernym	08493064
02806907	_hypernym	06806469
02806907	_hypernym	05765415
02799897	_hypernym	03792334
02785648	_hypernym	04369025
02785648	_hypernym	03430091
02785648	_hypernym	03237639
02785648	_hypernym	00083124
02760116	_hypernym	00612160
02748927	_hypernym	03169390
02743547	_hypernym	09812338
02743547	_hypernym	03958097
02743547	_hypernym	02991122
02728440	_hypernym	03051540
02728440	_hypernym	00047945
02728440	_hypernym	00046534
02728440	_hypernym	00043683
02723733	_hypernym	05937112
02711114	_hypernym	13998576
02711114	_hypernym	09273291
02711114	_hypernym	03285912
02711114	_hypernym	02710673
02710673	_hypernym	13903387
02710673	_hypernym	13903079
02710673	_hypernym	08565701
02710673	_hypernym	08512736
02710673	_hypernym	08512259
02710673	_hypernym	02711114
02710673	_hypernym	02703952
02702830	_hypernym	10093908
02702830	_hypernym	07369604
02702830	_hypernym	02667900
02700455	_hypernym	02700104
02700104	_hypernym	13969243
02700104	_hypernym	04713332
02700104	_hypernym	04713118
02700104	_hypernym	02700455
02700104	_hypernym	00552841
02695895	_hypernym	08677628
02695895	_hypernym	05075602
02695895	_hypernym	00155487
02694933	_hypernym	08622950
02694933	_hypernym	00155487
02667900	_hypernym	02702830
02667900	_hypernym	02657219
02666239	_hypernym	04748836
02666239	_hypernym	02064745
02666239	_hypernym	01410363
02664769	_hypernym	02657219
02661252	_hypernym	11415084
02661252	_hypernym	10419047
02661252	_hypernym	10341660
02661252	_hypernym	07366627
02661252	_hypernym	07366289
02661252	_hypernym	06022291
02661252	_hypernym	04802776
02661252	_hypernym	00737399
02661252	_hypernym	00194969
02660147	_hypernym	03600977
02660147	_hypernym	02659763
02659763	_hypernym	04930307
02659763	_hypernym	02660147
02659763	_hypernym	00795008
02657219	_hypernym	04713428
02657219	_hypernym	03728811
02657219	_hypernym	02667900
02657219	_hypernym	02664769
02646931	_hypernym	14442530
02646931	_hypernym	14441825
02646931	_hypernym	01128390
02646931	_hypernym	00791227
02630189	_hypernym	05849789
02630189	_hypernym	00047745
02622234	_hypernym	03674440
02622234	_hypernym	00145218
02612368	_hypernym	01465365
02579447	_hypernym	10419047
02564986	_hypernym	04644512
02561332	_hypernym	00410247
02553697	_hypernym	09953178
02553697	_hypernym	01146039
02553697	_hypernym	00253761
02542795	_hypernym	04906273
02542795	_hypernym	02542280
02542795	_hypernym	01612053
02542795	_hypernym	01167146
02542795	_hypernym	00150287
02542280	_hypernym	04641153
02542280	_hypernym	02542795
02542280	_hypernym	00696518
02539359	_hypernym	00052374
02539359	_hypernym	00050652
02539359	_hypernym	00047745
02539334	_hypernym	14442530
02539334	_hypernym	10388440
02539334	_hypernym	05196582
02539334	_hypernym	01128655
02539334	_hypernym	00791227
02538765	_hypernym	10213034
02538765	_hypernym	06661562
02538765	_hypernym	01240210
02513460	_hypernym	14413644
02513460	_hypernym	05161614
02513460	_hypernym	02512305
02513460	_hypernym	01085474
02512305	_hypernym	10012815
02512305	_hypernym	02513460
02512305	_hypernym	01153548
02512305	_hypernym	00650353
02512150	_hypernym	08688247
02512150	_hypernym	08552138
02510337	_hypernym	05641959
02510337	_hypernym	05117660
02510337	_hypernym	02509287
02510337	_hypernym	01146039
02510337	_hypernym	00462092
02510337	_hypernym	00233335
02509919	_hypernym	02509287
02509919	_hypernym	00155487
02509287	_hypernym	02510337
02509287	_hypernym	02509919
02509287	_hypernym	00808182
02506361	_hypernym	07520612
02502536	_hypernym	13321495
02502536	_hypernym	01248191
02502536	_hypernym	00320852
02501278	_hypernym	01187810
02496816	_hypernym	13996300
02496816	_hypernym	09625401
02496816	_hypernym	00089027
02470175	_hypernym	09816771
02458103	_hypernym	02389592
02458103	_hypernym	00040962
02451113	_hypernym	04905188
02447001	_hypernym	10298912
02443849	_hypernym	10378780
02443849	_hypernym	00409211
02443049	_hypernym	10676877
02443049	_hypernym	10388732
02443049	_hypernym	09931640
02443049	_hypernym	02431971
02443049	_hypernym	01474513
02443049	_hypernym	01135529
02443049	_hypernym	01133281
02441022	_hypernym	10525134
02441022	_hypernym	09941964
02441022	_hypernym	09941571
02441022	_hypernym	09941383
02441022	_hypernym	09780828
02441022	_hypernym	05197797
02441022	_hypernym	05196375
02439732	_hypernym	00815320
02431971	_hypernym	02443049
02420232	_hypernym	10078806
02420232	_hypernym	03322099
02416278	_hypernym	09935434
02416278	_hypernym	01205156
02416278	_hypernym	01202904
02416278	_hypernym	00619972
02416278	_hypernym	00411384
02389592	_hypernym	02458103
02389346	_hypernym	02374149
02389346	_hypernym	00145218
02374149	_hypernym	02389346
02372326	_hypernym	00040152
02371684	_hypernym	09935434
02361600	_hypernym	03264136
02357693	_hypernym	00267349
02333689	_hypernym	05075602
02333689	_hypernym	01088923
02333689	_hypernym	01051331
02296984	_hypernym	06791372
02286204	_hypernym	00155487
02274482	_hypernym	02272549
02272549	_hypernym	09802641
02272549	_hypernym	02274482
02272549	_hypernym	00089027
02272549	_hypernym	00088481
02257370	_hypernym	00040152
02204692	_hypernym	10529231
02204692	_hypernym	10389398
02204692	_hypernym	10388924
02204692	_hypernym	00809465
02203362	_hypernym	13244109
02203362	_hypernym	10529231
02144644	_hypernym	13913566
02095311	_hypernym	04777098
02064745	_hypernym	04748836
02064745	_hypernym	02666239
02064745	_hypernym	01410363
02023992	_hypernym	03420559
02023992	_hypernym	03386011
02023992	_hypernym	02023341
02023341	_hypernym	02023992
02003725	_hypernym	04639113
02003725	_hypernym	00236592
02003725	_hypernym	00233335
01987160	_hypernym	05074774
01987160	_hypernym	04110439
01987160	_hypernym	01051331
01930512	_hypernym	02564986
01922763	_hypernym	07515560
01877204	_hypernym	07346057
01876907	_hypernym	07346057
01876907	_hypernym	07337390
01876907	_hypernym	04770911
01876907	_hypernym	00348571
01876907	_hypernym	00327824
01834304	_hypernym	00410247
01819554	_hypernym	10525134
01819554	_hypernym	07254057
01819554	_hypernym	01819147
01819554	_hypernym	01785748
01819147	_hypernym	01819554
01815185	_hypernym	00354884
01813884	_hypernym	07529563
01813884	_hypernym	00859153
01804414	_hypernym	09931640
01785748	_hypernym	14405931
01785748	_hypernym	07537259
01785748	_hypernym	01819554
01782218	_hypernym	07520612
01782218	_hypernym	01780202
01781983	_hypernym	14405931
01781983	_hypernym	07520612
01781983	_hypernym	01780941
01781180	_hypernym	07254057
01781180	_hypernym	01779165
01781180	_hypernym	01222477
01780941	_hypernym	07520612
01780941	_hypernym	01781983
01780941	_hypernym	01779165
01780941	_hypernym	01222666
01780202	_hypernym	07519253
01780202	_hypernym	01782218
01779165	_hypernym	07520612
01779165	_hypernym	07519253
01779165	_hypernym	04143712
01779165	_hypernym	01785748
01779165	_hypernym	01781180
01779165	_hypernym	01780941
01779165	_hypernym	01222666
01765392	_hypernym	13971561
01765392	_hypernym	13970764
01765392	_hypernym	13969700
01765392	_hypernym	09952163
01765392	_hypernym	07515790
01765392	_hypernym	03075768
01765392	_hypernym	01151407
01765392	_hypernym	01151097
01765392	_hypernym	00759551
01753596	_hypernym	10210648
01753596	_hypernym	09972157
01753596	_hypernym	03178782
01743784	_hypernym	10325774
01743784	_hypernym	05938795
01743784	_hypernym	05937112
01743784	_hypernym	05890249
01743784	_hypernym	03777283
01743784	_hypernym	01742886
01743784	_hypernym	00898804
01742886	_hypernym	09964411
01742886	_hypernym	03104594
01742886	_hypernym	01743784
01742886	_hypernym	01736822
01742886	_hypernym	01020936
01742886	_hypernym	01019524
01742726	_hypernym	13454318
01742726	_hypernym	09779790
01742726	_hypernym	01739814
01742726	_hypernym	00916464
01742726	_hypernym	00915722
01741446	_hypernym	13085864
01741446	_hypernym	03146846
01741446	_hypernym	00916464
01741446	_hypernym	00915722
01741446	_hypernym	00406243
01740892	_hypernym	01922763
01740608	_hypernym	09260907
01740608	_hypernym	03146846
01740608	_hypernym	00918820
01740608	_hypernym	00916464
01739814	_hypernym	10078806
01739814	_hypernym	09779790
01739814	_hypernym	08438067
01739814	_hypernym	07705711
01739814	_hypernym	03322099
01739814	_hypernym	01742726
01739814	_hypernym	00916464
01736822	_hypernym	01742886
01736822	_hypernym	01735308
01735308	_hypernym	03257586
01735308	_hypernym	03257343
01735308	_hypernym	01736822
01722980	_hypernym	05890249
01719302	_hypernym	06893885
01719302	_hypernym	06157326
01711749	_hypernym	08677628
01711749	_hypernym	08664443
01711749	_hypernym	05075602
01711749	_hypernym	01711445
01711749	_hypernym	01052853
01711749	_hypernym	00155487
01711445	_hypernym	07006712
01711445	_hypernym	06893885
01711445	_hypernym	06157326
01711445	_hypernym	04296562
01711445	_hypernym	01711749
01711445	_hypernym	00521562
01697406	_hypernym	10325774
01697406	_hypernym	03777283
01697406	_hypernym	00898804
01697027	_hypernym	13913566
01697027	_hypernym	03779621
01697027	_hypernym	03779370
01697027	_hypernym	03777283
01697027	_hypernym	00909899
01697027	_hypernym	00898804
01693881	_hypernym	09964805
01693881	_hypernym	03257586
01693881	_hypernym	01019524
01693881	_hypernym	00908772
01690294	_hypernym	10029068
01690294	_hypernym	07003119
01690294	_hypernym	03234306
01690294	_hypernym	01689379
01689379	_hypernym	08612786
01689379	_hypernym	03173524
01689379	_hypernym	01690294
01688771	_hypernym	00521562
01687569	_hypernym	07066659
01687569	_hypernym	05844105
01687569	_hypernym	05750163
01687569	_hypernym	04928903
01687569	_hypernym	01159964
01684337	_hypernym	10566072
01684337	_hypernym	04157320
01683582	_hypernym	05902327
01675963	_hypernym	03169390
01667449	_hypernym	04033995
01667449	_hypernym	01291069
01667304	_hypernym	04033995
01667304	_hypernym	01666327
01666894	_hypernym	10155849
01666894	_hypernym	05844105
01666894	_hypernym	05750657
01666717	_hypernym	10689564
01666717	_hypernym	05750657
01666717	_hypernym	01640550
01666327	_hypernym	10689564
01666327	_hypernym	10584318
01666327	_hypernym	04179385
01666327	_hypernym	01667304
01662771	_hypernym	13913566
01662771	_hypernym	03779621
01662771	_hypernym	03779370
01662771	_hypernym	02979662
01662771	_hypernym	00909899
01660640	_hypernym	09303008
01660640	_hypernym	03792334
01660386	_hypernym	09326662
01660386	_hypernym	03792048
01656788	_hypernym	03932203
01656788	_hypernym	03533486
01656788	_hypernym	01295275
01648126	_hypernym	10645611
01647867	_hypernym	13970236
01647867	_hypernym	09952163
01647867	_hypernym	06773976
01647867	_hypernym	01647672
01647672	_hypernym	01647867
01643464	_hypernym	10029068
01643464	_hypernym	07003119
01643464	_hypernym	00935940
01640550	_hypernym	09972157
01640550	_hypernym	03178782
01640550	_hypernym	01666717
01640550	_hypernym	00928077
01629000	_hypernym	00914632
01624568	_hypernym	13913566
01613239	_hypernym	01052853
01612053	_hypernym	04906273
01612053	_hypernym	02542795
01612053	_hypernym	02451113
01612053	_hypernym	01167146
01612053	_hypernym	00696518
01606205	_hypernym	03420559
01606205	_hypernym	03386011
01606205	_hypernym	03385557
01590171	_hypernym	03932203
01590171	_hypernym	03745285
01590171	_hypernym	01291069
01590171	_hypernym	00267349
01588493	_hypernym	07273136
01588493	_hypernym	07270179
01588493	_hypernym	07202579
01588493	_hypernym	01296462
01588134	_hypernym	03327234
01586850	_hypernym	03391301
01586850	_hypernym	03390983
01586850	_hypernym	02875013
01583656	_hypernym	06004685
01583656	_hypernym	01582645
01583656	_hypernym	01149480
01583494	_hypernym	01582645
01583494	_hypernym	01149480
01582645	_hypernym	08612786
01582645	_hypernym	06799897
01582645	_hypernym	04463273
01582645	_hypernym	03234306
01582645	_hypernym	03173524
01582645	_hypernym	01583656
01582645	_hypernym	01583494
01582645	_hypernym	00938419
01582645	_hypernym	00508032
01582645	_hypernym	00263813
01580467	_hypernym	04605726
01580467	_hypernym	03285912
01580467	_hypernym	00406365
01580467	_hypernym	00321956
01575675	_hypernym	01051331
01567275	_hypernym	01052853
01567275	_hypernym	00919513
01567275	_hypernym	00017222
01551871	_hypernym	10566072
01551871	_hypernym	04157320
01551871	_hypernym	01256157
01531375	_hypernym	05117660
01510827	_hypernym	14008806
01510827	_hypernym	07338114
01510827	_hypernym	00409211
01510827	_hypernym	00140393
01508719	_hypernym	04910973
01498713	_hypernym	02928413
01496630	_hypernym	01051331
01492052	_hypernym	13792692
01492052	_hypernym	04613158
01492052	_hypernym	04612840
01492052	_hypernym	01296462
01492052	_hypernym	00917211
01474513	_hypernym	02443049
01474513	_hypernym	01612053
01467370	_hypernym	08567235
01467370	_hypernym	08565701
01467370	_hypernym	08512736
01467370	_hypernym	02875013
01466978	_hypernym	13903079
01466978	_hypernym	09758781
01466978	_hypernym	08620763
01466978	_hypernym	08565701
01466978	_hypernym	08513163
01466978	_hypernym	08512736
01466978	_hypernym	03265479
01466978	_hypernym	02928413
01466543	_hypernym	03169390
01465365	_hypernym	13743605
01465365	_hypernym	07985223
01465365	_hypernym	02612368
01465218	_hypernym	13743605
01428853	_hypernym	10640620
01428853	_hypernym	10300303
01428853	_hypernym	07988857
01428853	_hypernym	07976936
01428853	_hypernym	02887741
01428853	_hypernym	01291069
01428853	_hypernym	00847340
01428853	_hypernym	00845523
01421622	_hypernym	03573282
01421622	_hypernym	01421122
01421622	_hypernym	00320852
01421122	_hypernym	03091374
01421122	_hypernym	01421622
01410905	_hypernym	04750164
01410363	_hypernym	04750764
01410363	_hypernym	04750164
01410363	_hypernym	04748836
01410363	_hypernym	02666239
01389776	_hypernym	00320852
01368192	_hypernym	01149494
01368192	_hypernym	00364479
01366718	_hypernym	07527352
01366718	_hypernym	01363613
01363613	_hypernym	07527352
01354673	_hypernym	13792692
01354673	_hypernym	03673971
01354673	_hypernym	03091374
01354673	_hypernym	01296462
01354673	_hypernym	01295275
01354673	_hypernym	00148978
01340439	_hypernym	10080337
01340439	_hypernym	04777098
01340439	_hypernym	03354613
01340439	_hypernym	01329239
01340439	_hypernym	01296462
01340439	_hypernym	01285440
01340439	_hypernym	00147595
01329239	_hypernym	10657306
01329239	_hypernym	10584318
01329239	_hypernym	04321238
01329239	_hypernym	04179385
01329239	_hypernym	01340439
01329239	_hypernym	00715674
01321002	_hypernym	13085864
01321002	_hypernym	00359903
01320009	_hypernym	13085864
01320009	_hypernym	10161363
01320009	_hypernym	03496892
01320009	_hypernym	01015310
01320009	_hypernym	00921790
01303242	_hypernym	02840361
01301410	_hypernym	13999663
01301410	_hypernym	13998781
01301410	_hypernym	03525252
01301410	_hypernym	01288052
01301410	_hypernym	01286913
01301410	_hypernym	00512186
01301051	_hypernym	10525134
01301051	_hypernym	00233335
01296462	_hypernym	01588493
01296462	_hypernym	01492052
01296462	_hypernym	01354673
01296462	_hypernym	01340439
01296462	_hypernym	00147595
01295275	_hypernym	01656788
01295275	_hypernym	01354673
01295275	_hypernym	01293389
01295275	_hypernym	01292885
01295275	_hypernym	01069391
01295275	_hypernym	00145218
01293389	_hypernym	10299875
01293389	_hypernym	07988857
01293389	_hypernym	01295275
01292885	_hypernym	13743605
01292885	_hypernym	07988857
01292885	_hypernym	07985223
01292885	_hypernym	07976936
01292885	_hypernym	04613158
01292885	_hypernym	03728811
01292885	_hypernym	01295275
01291069	_hypernym	01667449
01291069	_hypernym	01590171
01291069	_hypernym	01428853
01291069	_hypernym	00145218
01288052	_hypernym	04181228
01288052	_hypernym	03330947
01288052	_hypernym	01301410
01286913	_hypernym	01301410
01285440	_hypernym	04433185
01285440	_hypernym	03673971
01285440	_hypernym	02840361
01285440	_hypernym	01340439
01285440	_hypernym	01286913
01285440	_hypernym	00149084
01283208	_hypernym	04605726
01283208	_hypernym	04369025
01283208	_hypernym	03817647
01276361	_hypernym	13905792
01276361	_hypernym	08612786
01276361	_hypernym	06799897
01276361	_hypernym	01275762
01276361	_hypernym	00263813
01275762	_hypernym	06798750
01275762	_hypernym	04681387
01275762	_hypernym	01276361
01271658	_hypernym	04085873
01271189	_hypernym	03315644
01271189	_hypernym	00827379
01256157	_hypernym	10566072
01256157	_hypernym	01551871
01248191	_hypernym	02502536
01248191	_hypernym	00049003
01240432	_hypernym	01240210
01240432	_hypernym	00760956
01240210	_hypernym	02538765
01240210	_hypernym	01240432
01240210	_hypernym	00760956
01224744	_hypernym	10378412
01224744	_hypernym	03096960
01224744	_hypernym	01211699
01224744	_hypernym	00830448
01224744	_hypernym	00409211
01222666	_hypernym	01780941
01222666	_hypernym	01779165
01222666	_hypernym	01222477
01222666	_hypernym	00759694
01222477	_hypernym	01781180
01222477	_hypernym	01222666
01222477	_hypernym	01221611
01221611	_hypernym	01222477
01211699	_hypernym	10291110
01211699	_hypernym	01224744
01211699	_hypernym	00140652
01205827	_hypernym	01202904
01205827	_hypernym	00764902
01205156	_hypernym	02416278
01205156	_hypernym	01202904
01203715	_hypernym	10470460
01203715	_hypernym	01162754
01202904	_hypernym	02416278
01202904	_hypernym	01205827
01202904	_hypernym	01205156
01190884	_hypernym	00760956
01187810	_hypernym	02501278
01187810	_hypernym	01181475
01181475	_hypernym	01187810
01169194	_hypernym	06063588
01169194	_hypernym	00671351
01169194	_hypernym	00083809
01167146	_hypernym	02542795
01167146	_hypernym	01612053
01162754	_hypernym	01203715
01159964	_hypernym	01687569
01159964	_hypernym	01159776
01159964	_hypernym	00527367
01159776	_hypernym	01159964
01156899	_hypernym	01087197
01155421	_hypernym	03420559
01155421	_hypernym	03386011
01155421	_hypernym	01088923
01153548	_hypernym	02512305
01151407	_hypernym	01765392
01151407	_hypernym	01150938
01151407	_hypernym	00765213
01151110	_hypernym	01150559
01151110	_hypernym	00815644
01151097	_hypernym	01765392
01151097	_hypernym	01150938
01151097	_hypernym	00294884
01150938	_hypernym	01151407
01150938	_hypernym	01151097
01150559	_hypernym	10470460
01150559	_hypernym	08664443
01150559	_hypernym	05981230
01150559	_hypernym	01151110
01150559	_hypernym	00815644
01149494	_hypernym	13988663
01149494	_hypernym	07532440
01149494	_hypernym	00909363
01149494	_hypernym	00589624
01149480	_hypernym	01583656
01149480	_hypernym	01583494
01149480	_hypernym	01148614
01149480	_hypernym	00235368
01148614	_hypernym	01149480
01148614	_hypernym	00233335
01148283	_hypernym	13987423
01148283	_hypernym	01363613
01148283	_hypernym	01127623
01146039	_hypernym	02553697
01146039	_hypernym	02510337
01146039	_hypernym	00236592
01135529	_hypernym	02443049
01135529	_hypernym	01133281
01133281	_hypernym	02443049
01133281	_hypernym	01135529
01130607	_hypernym	08567235
01130607	_hypernym	04547592
01130607	_hypernym	04051825
01130607	_hypernym	03878963
01130607	_hypernym	03327234
01130607	_hypernym	01389942
01128655	_hypernym	02539334
01128655	_hypernym	01128390
01128655	_hypernym	00579712
01128390	_hypernym	02646931
01128390	_hypernym	01128655
01128071	_hypernym	04051825
01128071	_hypernym	02894605
01127623	_hypernym	01148283
01114303	_hypernym	09956578
01114303	_hypernym	00089027
01104406	_hypernym	09779790
01093587	_hypernym	09952163
01093587	_hypernym	00764902
01089137	_hypernym	08398036
01089137	_hypernym	03420559
01088923	_hypernym	02333689
01088923	_hypernym	01155421
01087197	_hypernym	08197742
01087197	_hypernym	05635624
01087197	_hypernym	04565375
01087197	_hypernym	03420559
01087197	_hypernym	01156899
01085474	_hypernym	04181228
01085474	_hypernym	02513460
01079604	_hypernym	00462092
01070892	_hypernym	00462092
01069391	_hypernym	01295275
01069391	_hypernym	00145218
01069190	_hypernym	00145218
01059400	_hypernym	04777098
01059400	_hypernym	02095311
01052853	_hypernym	01711749
01052853	_hypernym	01613239
01052853	_hypernym	01567275
01052853	_hypernym	01051331
01051331	_hypernym	02333689
01051331	_hypernym	01987160
01051331	_hypernym	01575675
01051331	_hypernym	01496630
01051331	_hypernym	01052853
01051331	_hypernym	00413876
01039330	_hypernym	06791372
01029852	_hypernym	07202579
01027263	_hypernym	04659090
01027263	_hypernym	00299580
01027263	_hypernym	00150287
01026262	_hypernym	04905188
01026262	_hypernym	04659287
01021128	_hypernym	05937112
01021128	_hypernym	05925366
01020936	_hypernym	01742886
01019524	_hypernym	01742886
01019524	_hypernym	01693881
01015310	_hypernym	01320009
01004062	_hypernym	06817782
01004062	_hypernym	04681387
01004062	_hypernym	03722007
01004062	_hypernym	01000214
01000214	_hypernym	01004062
00999817	_hypernym	01148283
00981276	_hypernym	13913566
00981276	_hypernym	03391301
00981276	_hypernym	00931608
00938419	_hypernym	01582645
00938419	_hypernym	00935940
00935940	_hypernym	10029269
00935940	_hypernym	10029068
00935940	_hypernym	01643464
00935940	_hypernym	00938419
00935005	_hypernym	00714944
00933566	_hypernym	05117660
00931608	_hypernym	00981276
00928077	_hypernym	01640550
00924612	_hypernym	06791372
00922438	_hypernym	06791372
00922438	_hypernym	00921738
00921790	_hypernym	15236475
00921790	_hypernym	01320009
00921738	_hypernym	06798750
00921738	_hypernym	03722007
00921738	_hypernym	03721797
00921738	_hypernym	00922438
00920778	_hypernym	00791078
00919513	_hypernym	01567275
00919513	_hypernym	00916464
00918820	_hypernym	01740608
00918820	_hypernym	00916464
00918820	_hypernym	00915722
00917211	_hypernym	01492052
00917211	_hypernym	00916464
00916464	_hypernym	09779790
00916464	_hypernym	01742726
00916464	_hypernym	01741446
00916464	_hypernym	01740608
00916464	_hypernym	01739814
00916464	_hypernym	00919513
00916464	_hypernym	00918820
00916464	_hypernym	00917211
00916464	_hypernym	00915722
00915722	_hypernym	01742726
00915722	_hypernym	01741446
00915722	_hypernym	00918820
00915722	_hypernym	00916464
00914632	_hypernym	13085864
00914632	_hypernym	01629000
00914632	_hypernym	00913705
00913705	_hypernym	06149484
00913705	_hypernym	00914632
00909899	_hypernym	01697027
00909899	_hypernym	01662771
00909899	_hypernym	00908909
00909363	_hypernym	07532440
00908909	_hypernym	00909899
00908772	_hypernym	01693881
00898804	_hypernym	01743784
00898804	_hypernym	01697406
00898804	_hypernym	01697027
00898804	_hypernym	00898518
00898518	_hypernym	00898804
00893955	_hypernym	00833702
00893955	_hypernym	00100044
00883611	_hypernym	00240131
00867231	_hypernym	06791372
00859325	_hypernym	04630689
00859153	_hypernym	04630689
00859153	_hypernym	01813884
00847340	_hypernym	01428853
00845523	_hypernym	02887741
00845523	_hypernym	01428853
00833702	_hypernym	09931640
00833702	_hypernym	00893955
00830448	_hypernym	01224744
00828237	_hypernym	00047945
00828237	_hypernym	00046534
00827379	_hypernym	01271189
00815644	_hypernym	01151110
00815644	_hypernym	01150559
00815644	_hypernym	00815320
00815320	_hypernym	02439732
00815320	_hypernym	00815644
00809465	_hypernym	10389398
00809465	_hypernym	10388924
00809465	_hypernym	02204692
00808182	_hypernym	02509287
00808182	_hypernym	00236592
00808182	_hypernym	00235368
00808182	_hypernym	00233335
00796047	_hypernym	07006119
00796047	_hypernym	06893885
00795008	_hypernym	02659763
00795008	_hypernym	00791078
00795008	_hypernym	00047317
00791227	_hypernym	14441825
00791227	_hypernym	02646931
00791227	_hypernym	02539334
00791078	_hypernym	00920778
00791078	_hypernym	00795008
00791078	_hypernym	00539110
00770141	_hypernym	07254057
00765213	_hypernym	09800249
00765213	_hypernym	01151407
00765213	_hypernym	00764902
00764902	_hypernym	13971561
00764902	_hypernym	07151122
00764902	_hypernym	01205827
00764902	_hypernym	01093587
00764902	_hypernym	00765213
00764902	_hypernym	00759551
00761713	_hypernym	07148192
00761713	_hypernym	00760956
00760956	_hypernym	09803429
00760956	_hypernym	09624559
00760956	_hypernym	07150850
00760956	_hypernym	07150644
00760956	_hypernym	01240432
00760956	_hypernym	01240210
00760956	_hypernym	01190884
00760956	_hypernym	00761713
00759694	_hypernym	01222666
00759551	_hypernym	01765392
00759551	_hypernym	00764902
00752335	_hypernym	10448983
00752335	_hypernym	10371741
00752335	_hypernym	10317007
00751887	_hypernym	09941964
00751887	_hypernym	09941571
00751887	_hypernym	09941383
00751887	_hypernym	09780828
00751887	_hypernym	05197797
00737399	_hypernym	02661252
00737399	_hypernym	00737188
00737188	_hypernym	00737399
00730499	_hypernym	05748786
00730301	_hypernym	08592656
00730301	_hypernym	08512736
00730301	_hypernym	00235368
00715674	_hypernym	01329239
00715674	_hypernym	00714944
00714944	_hypernym	00935005
00714944	_hypernym	00715674
00709625	_hypernym	09442838
00709625	_hypernym	05728678
00709625	_hypernym	00709379
00709625	_hypernym	00708017
00709379	_hypernym	00709625
00708017	_hypernym	00709625
00696882	_hypernym	00082714
00696518	_hypernym	04641153
00696518	_hypernym	02542280
00671351	_hypernym	06063588
00671351	_hypernym	01169194
00671351	_hypernym	00083809
00661213	_hypernym	05748786
00661213	_hypernym	00650353
00651991	_hypernym	07366289
00651991	_hypernym	07270179
00651991	_hypernym	05748285
00651991	_hypernym	04748836
00650353	_hypernym	10012815
00650353	_hypernym	07366289
00650353	_hypernym	05748285
00650353	_hypernym	04748836
00650353	_hypernym	02512305
00650353	_hypernym	00661213
00650353	_hypernym	00650016
00650016	_hypernym	10012815
00650016	_hypernym	05748054
00650016	_hypernym	00650353
00619972	_hypernym	04906026
00619972	_hypernym	02416278
00612160	_hypernym	06043075
00612160	_hypernym	02760116
00612160	_hypernym	00610373
00612160	_hypernym	00084230
00612160	_hypernym	00083124
00612160	_hypernym	00082714
00610373	_hypernym	00612160
00597634	_hypernym	10280130
00597634	_hypernym	05641959
00597634	_hypernym	00595935
00597385	_hypernym	10280130
00597385	_hypernym	05641959
00597385	_hypernym	00595935
00595935	_hypernym	00597634
00595935	_hypernym	00597385
00595684	_hypernym	10388440
00595146	_hypernym	10388440
00595146	_hypernym	10298912
00595146	_hypernym	10298647
00595146	_hypernym	10280130
00595146	_hypernym	10164233
00594836	_hypernym	09931640
00590626	_hypernym	09941964
00590626	_hypernym	09941571
00590626	_hypernym	09941383
00590626	_hypernym	09780828
00589769	_hypernym	10298912
00579712	_hypernym	01128655
00552841	_hypernym	02700104
00539110	_hypernym	00791078
00527572	_hypernym	13491060
00527572	_hypernym	00212414
00527367	_hypernym	01159964
00521562	_hypernym	01711445
00521562	_hypernym	01688771
00521562	_hypernym	00520257
00520257	_hypernym	00521562
00512186	_hypernym	01301410
00508192	_hypernym	04714440
00508032	_hypernym	07270179
00508032	_hypernym	06798750
00508032	_hypernym	03722007
00508032	_hypernym	01582645
00508032	_hypernym	00234725
00483181	_hypernym	13969243
00483181	_hypernym	10160412
00483181	_hypernym	00482893
00482893	_hypernym	07369604
00482893	_hypernym	07177437
00482893	_hypernym	05755486
00482893	_hypernym	00483181
00482893	_hypernym	00185104
00482473	_hypernym	13969243
00482473	_hypernym	10160412
00482473	_hypernym	09952163
00482473	_hypernym	00185104
00476819	_hypernym	14445379
00462092	_hypernym	10678472
00462092	_hypernym	10668450
00462092	_hypernym	09956578
00462092	_hypernym	04361641
00462092	_hypernym	02510337
00462092	_hypernym	01079604
00462092	_hypernym	01070892
00462092	_hypernym	00201923
00462092	_hypernym	00089027
00456740	_hypernym	07369604
00456740	_hypernym	05696020
00456740	_hypernym	00296178
00456596	_hypernym	05696020
00456596	_hypernym	00150287
00445467	_hypernym	14480772
00445467	_hypernym	13491060
00445169	_hypernym	15046900
00445169	_hypernym	14480772
00445169	_hypernym	13860793
00445169	_hypernym	13491060
00445169	_hypernym	00444519
00445169	_hypernym	00442669
00444519	_hypernym	05085572
00444519	_hypernym	00445169
00443384	_hypernym	14110411
00443116	_hypernym	14110411
00443116	_hypernym	13491060
00442669	_hypernym	13491060
00442669	_hypernym	13451508
00442669	_hypernym	00445169
00441445	_hypernym	07355887
00441445	_hypernym	00429968
00441445	_hypernym	00290740
00441445	_hypernym	00241038
00441445	_hypernym	00235368
00432683	_hypernym	05111835
00432683	_hypernym	00431826
00431826	_hypernym	13470491
00431826	_hypernym	13457378
00431826	_hypernym	07423001
00431826	_hypernym	00432683
00431826	_hypernym	00151689
00429968	_hypernym	00441445
00429060	_hypernym	00359903
00429060	_hypernym	00353782
00429060	_hypernym	00351638
00413876	_hypernym	01051331
00411384	_hypernym	02416278
00411384	_hypernym	00410247
00410247	_hypernym	02561332
00410247	_hypernym	01834304
00410247	_hypernym	00411384
00409211	_hypernym	02443849
00409211	_hypernym	01510827
00409211	_hypernym	01224744
00406365	_hypernym	01580467
00406365	_hypernym	00404403
00406243	_hypernym	01741446
00404403	_hypernym	00406365
00364479	_hypernym	07537068
00364479	_hypernym	04631298
00362467	_hypernym	04630689
00362467	_hypernym	01148283
00362355	_hypernym	00351638
00362355	_hypernym	00224901
00359903	_hypernym	01321002
00359903	_hypernym	00429060
00355547	_hypernym	00354884
00355547	_hypernym	00064095
00355252	_hypernym	00351638
00355252	_hypernym	00290740
00354884	_hypernym	01815185
00354884	_hypernym	00355547
00354884	_hypernym	00351638
00354884	_hypernym	00082308
00354884	_hypernym	00064095
00353782	_hypernym	00429060
00353782	_hypernym	00351638
00351638	_hypernym	00429060
00351638	_hypernym	00362355
00351638	_hypernym	00355252
00351638	_hypernym	00354884
00351638	_hypernym	00353782
00351638	_hypernym	00351485
00351638	_hypernym	00290740
00351638	_hypernym	00241038
00351638	_hypernym	00240131
00351638	_hypernym	00151689
00351485	_hypernym	00351638
00348571	_hypernym	01876907
00327824	_hypernym	01876907
00321956	_hypernym	01580467
00321956	_hypernym	00320852
00321956	_hypernym	00187526
00320852	_hypernym	02502536
00320852	_hypernym	01421622
00320852	_hypernym	01389776
00320852	_hypernym	00321956
00320852	_hypernym	00187526
00314469	_hypernym	02845576
00300537	_hypernym	10093908
00300537	_hypernym	07369604
00300537	_hypernym	04930307
00299580	_hypernym	07369604
00299580	_hypernym	05755486
00299580	_hypernym	01027263
00299580	_hypernym	00046109
00296178	_hypernym	09769929
00296178	_hypernym	00456740
00294884	_hypernym	13970764
00294884	_hypernym	01151097
00294884	_hypernym	00224901
00290740	_hypernym	09476521
00290740	_hypernym	00441445
00290740	_hypernym	00355252
00290740	_hypernym	00351638
00267349	_hypernym	02357693
00267349	_hypernym	01590171
00267349	_hypernym	00262703
00266806	_hypernym	00260648
00263813	_hypernym	01582645
00263813	_hypernym	01276361
00262703	_hypernym	03745285
00262703	_hypernym	00764902
00262703	_hypernym	00267349
00262703	_hypernym	00260648
00261705	_hypernym	03932203
00261705	_hypernym	00260648
00260648	_hypernym	10308732
00260648	_hypernym	00266806
00260648	_hypernym	00262703
00260648	_hypernym	00261705
00253761	_hypernym	02553697
00253761	_hypernym	00245457
00252019	_hypernym	13489037
00252019	_hypernym	00231557
00252019	_hypernym	00230746
00252019	_hypernym	00119524
00245457	_hypernym	13489037
00245457	_hypernym	09779790
00245457	_hypernym	00253761
00241038	_hypernym	00441445
00241038	_hypernym	00351638
00241038	_hypernym	00240131
00240131	_hypernym	00883611
00240131	_hypernym	00351638
00240131	_hypernym	00241038
00236592	_hypernym	02003725
00236592	_hypernym	01146039
00236592	_hypernym	00808182
00236592	_hypernym	00235368
00236289	_hypernym	04181228
00236289	_hypernym	00233335
00235368	_hypernym	15224293
00235368	_hypernym	05846355
00235368	_hypernym	05162455
00235368	_hypernym	01149480
00235368	_hypernym	00808182
00235368	_hypernym	00730301
00235368	_hypernym	00441445
00235368	_hypernym	00236592
00234725	_hypernym	00233335
00233335	_hypernym	15224293
00233335	_hypernym	13903079
00233335	_hypernym	10525134
00233335	_hypernym	08512259
00233335	_hypernym	05846355
00233335	_hypernym	05162455
00233335	_hypernym	04181228
00233335	_hypernym	03669886
00233335	_hypernym	02510337
00233335	_hypernym	02003725
00233335	_hypernym	01301051
00233335	_hypernym	01148614
00233335	_hypernym	00808182
00233335	_hypernym	00236289
00233335	_hypernym	00234725
00231557	_hypernym	13489037
00231557	_hypernym	00252019
00230746	_hypernym	00252019
00224901	_hypernym	09476521
00224901	_hypernym	00362355
00224901	_hypernym	00294884
00212414	_hypernym	00527572
00201923	_hypernym	00462092
00194969	_hypernym	02661252
00188466	_hypernym	03573282
00188466	_hypernym	00187526
00187526	_hypernym	06473381
00187526	_hypernym	03573282
00187526	_hypernym	00321956
00187526	_hypernym	00320852
00187526	_hypernym	00188466
00185104	_hypernym	00482893
00185104	_hypernym	00482473
00185104	_hypernym	00044673
00170844	_hypernym	00169651
00170844	_hypernym	00059552
00169651	_hypernym	00170844
00169651	_hypernym	00151689
00155487	_hypernym	02695895
00155487	_hypernym	02694933
00155487	_hypernym	02509919
00155487	_hypernym	02286204
00155487	_hypernym	01711749
00152887	_hypernym	07355887
00152887	_hypernym	00151689
00151689	_hypernym	13458571
00151689	_hypernym	13457378
00151689	_hypernym	07355887
00151689	_hypernym	05111835
00151689	_hypernym	05109808
00151689	_hypernym	00431826
00151689	_hypernym	00351638
00151689	_hypernym	00169651
00151689	_hypernym	00152887
00150287	_hypernym	13427078
00150287	_hypernym	09957614
00150287	_hypernym	07369604
00150287	_hypernym	02542795
00150287	_hypernym	01027263
00150287	_hypernym	00456596
00150287	_hypernym	00046109
00149084	_hypernym	01285440
00149084	_hypernym	00147595
00149084	_hypernym	00083334
00148978	_hypernym	01354673
00148978	_hypernym	00147595
00147595	_hypernym	01340439
00147595	_hypernym	01296462
00147595	_hypernym	00149084
00147595	_hypernym	00148978
00147595	_hypernym	00145218
00145218	_hypernym	02622234
00145218	_hypernym	02389346
00145218	_hypernym	01295275
00145218	_hypernym	01291069
00145218	_hypernym	01069391
00145218	_hypernym	01069190
00145218	_hypernym	00147595
00140652	_hypernym	01211699
00140393	_hypernym	01510827
00119873	_hypernym	10341660
00119873	_hypernym	02987454
00119524	_hypernym	13559782
00119524	_hypernym	04748836
00119524	_hypernym	00252019
00119266	_hypernym	13559782
00119074	_hypernym	07366289
00119074	_hypernym	05748285
00119074	_hypernym	04748836
00100044	_hypernym	00893955
00089027	_hypernym	02496816
00089027	_hypernym	02272549
00089027	_hypernym	01114303
00089027	_hypernym	00462092
00089027	_hypernym	00088481
00088481	_hypernym	02272549
00088481	_hypernym	00089027
00088481	_hypernym	00041899
00084230	_hypernym	06043075
00084230	_hypernym	00612160
00083809	_hypernym	01169194
00083809	_hypernym	00671351
00083334	_hypernym	06063588
00083334	_hypernym	00149084
00083334	_hypernym	00083124
00083124	_hypernym	02785648
00083124	_hypernym	00612160
00083124	_hypernym	00083334
00083124	_hypernym	00082714
00082714	_hypernym	03237639
00082714	_hypernym	00696882
00082714	_hypernym	00612160
00082714	_hypernym	00083124
00082308	_hypernym	14445379
00082308	_hypernym	04033995
00082308	_hypernym	03075768
00082308	_hypernym	00354884
00082308	_hypernym	00064095
00064095	_hypernym	09784443
00064095	_hypernym	07493280
00064095	_hypernym	03879854
00064095	_hypernym	00355547
00064095	_hypernym	00354884
00064095	_hypernym	00082308
00059552	_hypernym	00170844
00052374	_hypernym	03051540
00052374	_hypernym	02539359
00052043	_hypernym	03051540
00052043	_hypernym	00047945
00050652	_hypernym	03051540
00050652	_hypernym	02539359
00050652	_hypernym	00047317
00049197	_hypernym	03051540
00049197	_hypernym	00047945
00049003	_hypernym	01248191
00047945	_hypernym	10033082
00047945	_hypernym	03051540
00047945	_hypernym	02728440
00047945	_hypernym	00828237
00047945	_hypernym	00052043
00047945	_hypernym	00049197
00047745	_hypernym	03051540
00047745	_hypernym	02630189
00047745	_hypernym	02539359
00047317	_hypernym	00795008
00047317	_hypernym	00050652
00046534	_hypernym	10033082
00046534	_hypernym	02728440
00046534	_hypernym	00828237
00046534	_hypernym	00044149
00046109	_hypernym	00299580
00046109	_hypernym	00150287
00044673	_hypernym	00185104
00044149	_hypernym	00043683
00043683	_hypernym	02728440
00043683	_hypernym	00044149
00041899	_hypernym	00088481
00040962	_hypernym	13928668
00040962	_hypernym	02458103
00040962	_hypernym	00040804
00040804	_hypernym	00040962
00040804	_hypernym	00040152
00040152	_hypernym	02372326
00040152	_hypernym	02257370
00040152	_hypernym	00040804
00040152	_hypernym	00039021
00039021	_hypernym	00040152
00038849	_hypernym	05256862
00032613	_hypernym	13244109
00027807	_hypernym	13863771
00027807	_hypernym	13860793
00017222	_hypernym	08436759
00017222	_hypernym	01567275
05196582	_hypernym	05198036
15236475	_similar_to	00921790
15236475	_member_meronym	00921790
15236475	_instance_hypernym	00921790
15236475	_has_part	00921790
15224293	_similar_to	00235368
15224293	_similar_to	00233335
15224293	_member_meronym	00235368
15224293	_member_meronym	00233335
15224293	_instance_hypernym	00235368
15224293	_instance_hypernym	00233335
15224293	_has_part	00235368
15224293	_has_part	00233335
15046900	_similar_to	07555863
15046900	_similar_to	00445169
15046900	_member_meronym	07555863
15046900	_member_meronym	00445169
15046900	_instance_hypernym	07555863
15046900	_instance_hypernym	00445169
15046900	_has_part	07555863
15046900	_has_part	00445169
14480772	_similar_to	14479615
14480772	_similar_to	00445467
14480772	_similar_to	00445169
14480772	_member_meronym	14479615
14480772	_member_meronym	00445467
14480772	_member_meronym	00445169
14480772	_instance_hypernym	14479615
14480772	_instance_hypernym	00445467
14480772	_instance_hypernym	00445169
14480772	_has_part	14479615
14480772	_has_part	00445467
14480772	_has_part	00445169
14479615	_similar_to	14480772
14479615	_similar_to	06084469
14479615	_member_meronym	14480772
14479615	_member_meronym	06084469
14479615	_instance_hypernym	14480772
14479615	_instance_hypernym	06084469
14479615	_has_part	14480772
14479615	_has_part	06084469
14445379	_similar_to	00476819
14445379	_similar_to	00082308
14445379	_member_meronym	00476819
14445379	_member_meronym	00082308
14445379	_instance_hypernym	00476819
14445379	_instance_hypernym	00082308
14445379	_has_part	00476819
14445379	_has_part	00082308
14442530	_similar_to	14441825
14442530	_similar_to	10678662
14442530	_similar_to	02646931
14442530	_similar_to	02539334
14442530	_member_meronym	14441825
14442530	_member_meronym	10678662
14442530	_member_meronym	02646931
14442530	_member_meronym	02539334
14442530	_instance_hypernym	14441825
14442530	_instance_hypernym	10678662
14442530	_instance_hypernym	02646931
14442530	_instance_hypernym	02539334
14442530	_has_part	14441825
14442530	_has_part	10678662
14442530	_has_part	02646931
14442530	_has_part	02539334
14441825	_similar_to	14442530
14441825	_similar_to	02646931
14441825	_similar_to	00791227
14441825	_member_meronym	14442530
14441825	_member_meronym	02646931
14441825	_member_meronym	00791227
14441825	_instance_hypernym	14442530
14441825	_instance_hypernym	02646931
14441825	_instance_hypernym	00791227
14441825	_has_part	14442530
14441825	_has_part	02646931
14441825	_has_part	00791227
14413644	_similar_to	13937554
14413644	_similar_to	02513460
14413644	_member_meronym	13937554
14413644	_member_meronym	02513460
14413644	_instance_hypernym	13937554
14413644	_instance_hypernym	02513460
14413644	_has_part	13937554
14413644	_has_part	02513460
14405931	_similar_to	01785748
14405931	_similar_to	01781983
14405931	_member_meronym	01785748
14405931	_member_meronym	01781983
14405931	_instance_hypernym	01785748
14405931	_instance_hypernym	01781983
14405931	_has_part	01785748
14405931	_has_part	01781983
14405774	_similar_to	07519253
14405774	_member_meronym	07519253
14405774	_instance_hypernym	07519253
14405774	_has_part	07519253
14110411	_similar_to	00443384
14110411	_similar_to	00443116
14110411	_member_meronym	00443384
14110411	_member_meronym	00443116
14110411	_instance_hypernym	00443384
14110411	_instance_hypernym	00443116
14110411	_has_part	00443384
14110411	_has_part	00443116
14008806	_similar_to	01510827
14008806	_member_meronym	01510827
14008806	_instance_hypernym	01510827
14008806	_has_part	01510827
13999663	_similar_to	01301410
13999663	_member_meronym	01301410
13999663	_instance_hypernym	01301410
13999663	_has_part	01301410
13998781	_similar_to	13998576
13998781	_similar_to	01301410
13998781	_member_meronym	13998576
13998781	_member_meronym	01301410
13998781	_instance_hypernym	13998576
13998781	_instance_hypernym	01301410
13998781	_has_part	13998576
13998781	_has_part	01301410
13998576	_similar_to	13998781
13998576	_similar_to	13996300
13998576	_similar_to	02711114
13998576	_member_meronym	13998781
13998576	_member_meronym	13996300
13998576	_member_meronym	02711114
13998576	_instance_hypernym	13998781
13998576	_instance_hypernym	13996300
13998576	_instance_hypernym	02711114
13998576	_has_part	13998781
13998576	_has_part	13996300
13998576	_has_part	02711114
13996300	_similar_to	13998576
13996300	_similar_to	13928668
13996300	_similar_to	02496816
13996300	_member_meronym	13998576
13996300	_member_meronym	13928668
13996300	_member_meronym	02496816
13996300	_instance_hypernym	13998576
13996300	_instance_hypernym	13928668
13996300	_instance_hypernym	02496816
13996300	_has_part	13998576
13996300	_has_part	13928668
13996300	_has_part	02496816
13988663	_similar_to	01149494
13988663	_member_meronym	01149494
13988663	_instance_hypernym	01149494
13988663	_has_part	01149494
13987423	_similar_to	01148283
13987423	_member_meronym	01148283
13987423	_instance_hypernym	01148283
13987423	_has_part	01148283
13971561	_similar_to	13970236
13971561	_similar_to	01765392
13971561	_similar_to	00764902
13971561	_member_meronym	13970236
13971561	_member_meronym	01765392
13971561	_member_meronym	00764902
13971561	_instance_hypernym	13970236
13971561	_instance_hypernym	01765392
13971561	_instance_hypernym	00764902
13971561	_has_part	13970236
13971561	_has_part	01765392
13971561	_has_part	00764902
13970764	_similar_to	01765392
13970764	_similar_to	00294884
13970764	_member_meronym	01765392
13970764	_member_meronym	00294884
13970764	_instance_hypernym	01765392
13970764	_instance_hypernym	00294884
13970764	_has_part	01765392
13970764	_has_part	00294884
13970236	_similar_to	13971561
13970236	_similar_to	01647867
13970236	_member_meronym	13971561
13970236	_member_meronym	01647867
13970236	_instance_hypernym	13971561
13970236	_instance_hypernym	01647867
13970236	_has_part	13971561
13970236	_has_part	01647867
13969700	_similar_to	13969243
13969700	_similar_to	01765392
13969700	_member_meronym	13969243
13969700	_member_meronym	01765392
13969700	_instance_hypernym	13969243
13969700	_instance_hypernym	01765392
13969700	_has_part	13969243
13969700	_has_part	01765392
13969243	_similar_to	13969700
13969243	_similar_to	02700104
13969243	_similar_to	00483181
13969243	_similar_to	00482473
13969243	_member_meronym	13969700
13969243	_member_meronym	02700104
13969243	_member_meronym	00483181
13969243	_member_meronym	00482473
13969243	_instance_hypernym	13969700
13969243	_instance_hypernym	02700104
13969243	_instance_hypernym	00483181
13969243	_instance_hypernym	00482473
13969243	_has_part	13969700
13969243	_has_part	02700104
13969243	_has_part	00483181
13969243	_has_part	00482473
13937554	_similar_to	14413644
13937554	_similar_to	13927383
13937554	_member_meronym	14413644
13937554	_member_meronym	13927383
13937554	_instance_hypernym	14413644
13937554	_instance_hypernym	13927383
13937554	_has_part	14413644
13937554	_has_part	13927383
13928668	_similar_to	13996300
13928668	_similar_to	00040962
13928668	_member_meronym	13996300
13928668	_member_meronym	00040962
13928668	_instance_hypernym	13996300
13928668	_instance_hypernym	00040962
13928668	_has_part	13996300
13928668	_has_part	00040962
13927383	_similar_to	13937554
13927383	_member_meronym	13937554
13927383	_instance_hypernym	13937554
13927383	_has_part	13937554
13913566	_similar_to	02144644
13913566	_similar_to	01697027
13913566	_similar_to	01662771
13913566	_similar_to	01624568
13913566	_similar_to	00981276
13913566	_member_meronym	02144644
13913566	_member_meronym	01697027
13913566	_member_meronym	01662771
13913566	_member_meronym	01624568
13913566	_member_meronym	00981276
13913566	_instance_hypernym	02144644
13913566	_instance_hypernym	01697027
13913566	_instance_hypernym	01662771
13913566	_instance_hypernym	01624568
13913566	_instance_hypernym	00981276
13913566	_has_part	02144644
13913566	_has_part	01697027
13913566	_has_part	01662771
13913566	_has_part	01624568
13913566	_has_part	00981276
13905792	_similar_to	01276361
13905792	_member_meronym	01276361
13905792	_instance_hypernym	01276361
13905792	_has_part	01276361
13903387	_similar_to	13903079
13903387	_similar_to	02710673
13903387	_member_meronym	13903079
13903387	_member_meronym	02710673
13903387	_instance_hypernym	13903079
13903387	_instance_hypernym	02710673
13903387	_has_part	13903079
13903387	_has_part	02710673
13903079	_similar_to	13903387
13903079	_similar_to	13863771
13903079	_similar_to	02710673
13903079	_similar_to	01466978
13903079	_similar_to	00233335
13903079	_member_meronym	13903387
13903079	_member_meronym	13863771
13903079	_member_meronym	02710673
13903079	_member_meronym	01466978
13903079	_member_meronym	00233335
13903079	_instance_hypernym	13903387
13903079	_instance_hypernym	13863771
13903079	_instance_hypernym	02710673
13903079	_instance_hypernym	01466978
13903079	_instance_hypernym	00233335
13903079	_has_part	13903387
13903079	_has_part	13863771
13903079	_has_part	02710673
13903079	_has_part	01466978
13903079	_has_part	00233335
13863771	_similar_to	13903079
13863771	_similar_to	00027807
13863771	_member_meronym	13903079
13863771	_member_meronym	00027807
13863771	_instance_hypernym	13903079
13863771	_instance_hypernym	00027807
13863771	_has_part	13903079
13863771	_has_part	00027807
13860793	_similar_to	00445169
13860793	_similar_to	00027807
13860793	_member_meronym	00445169
13860793	_member_meronym	00027807
13860793	_instance_hypernym	00445169
13860793	_instance_hypernym	00027807
13860793	_has_part	00445169
13860793	_has_part	00027807
13792692	_similar_to	01492052
13792692	_similar_to	01354673
13792692	_member_meronym	01492052
13792692	_member_meronym	01354673
13792692	_instance_hypernym	01492052
13792692	_instance_hypernym	01354673
13792692	_has_part	01492052
13792692	_has_part	01354673
13743605	_similar_to	13743269
13743605	_similar_to	01465365
13743605	_similar_to	01465218
13743605	_similar_to	01292885
13743605	_member_meronym	13743269
13743605	_member_meronym	01465365
13743605	_member_meronym	01465218
13743605	_member_meronym	01292885
13743605	_instance_hypernym	13743269
13743605	_instance_hypernym	01465365
13743605	_instance_hypernym	01465218
13743605	_instance_hypernym	01292885
13743605	_has_part	13743269
13743605	_has_part	01465365
13743605	_has_part	01465218
13743605	_has_part	01292885
13743269	_similar_to	13743605
13743269	_similar_to	13741022
13743269	_member_meronym	13743605
13743269	_member_meronym	13741022
13743269	_instance_hypernym	13743605
13743269	_instance_hypernym	13741022
13743269	_has_part	13743605
13743269	_has_part	13741022
13741022	_similar_to	13743269
13741022	_member_meronym	13743269
13741022	_instance_hypernym	13743269
13741022	_has_part	13743269
13559782	_similar_to	13427078
13559782	_similar_to	00119524
13559782	_similar_to	00119266
13559782	_member_meronym	13427078
13559782	_member_meronym	00119524
13559782	_member_meronym	00119266
13559782	_instance_hypernym	13427078
13559782	_instance_hypernym	00119524
13559782	_instance_hypernym	00119266
13559782	_has_part	13427078
13559782	_has_part	00119524
13559782	_has_part	00119266
13491060	_similar_to	13451508
13491060	_similar_to	00527572
13491060	_similar_to	00445467
13491060	_similar_to	00445169
13491060	_similar_to	00443116
13491060	_similar_to	00442669
13491060	_member_meronym	13451508
13491060	_member_meronym	00527572
13491060	_member_meronym	00445467
13491060	_member_meronym	00445169
13491060	_member_meronym	00443116
13491060	_member_meronym	00442669
13491060	_instance_hypernym	13451508
13491060	_instance_hypernym	00527572
13491060	_instance_hypernym	00445467
13491060	_instance_hypernym	00445169
13491060	_instance_hypernym	00443116
13491060	_instance_hypernym	00442669
13491060	_has_part	13451508
13491060	_has_part	00527572
13491060	_has_part	00445467
13491060	_has_part	00445169
13491060	_has_part	00443116
13491060	_has_part	00442669
13489037	_similar_to	13454318
13489037	_similar_to	00252019
13489037	_similar_to	00245457
13489037	_similar_to	00231557
13489037	_member_meronym	13454318
13489037	_member_meronym	00252019
13489037	_member_meronym	00245457
13489037	_member_meronym	00231557
13489037	_instance_hypernym	13454318
13489037	_instance_hypernym	00252019
13489037	_instance_hypernym	00245457
13489037	_instance_hypernym	00231557
13489037	_has_part	13454318
13489037	_has_part	00252019
13489037	_has_part	00245457
13489037	_has_part	00231557
13470491	_similar_to	00431826
13470491	_member_meronym	00431826
13470491	_instance_hypernym	00431826
13470491	_has_part	00431826
13458571	_similar_to	13457378
13458571	_similar_to	00151689
13458571	_member_meronym	13457378
13458571	_member_meronym	00151689
13458571	_instance_hypernym	13457378
13458571	_instance_hypernym	00151689
13458571	_has_part	13457378
13458571	_has_part	00151689
13457378	_similar_to	13458571
13457378	_similar_to	00431826
13457378	_similar_to	00151689
13457378	_member_meronym	13458571
13457378	_member_meronym	00431826
13457378	_member_meronym	00151689
13457378	_instance_hypernym	13458571
13457378	_instance_hypernym	00431826
13457378	_instance_hypernym	00151689
13457378	_has_part	13458571
13457378	_has_part	00431826
13457378	_has_part	00151689
13454318	_similar_to	13489037
13454318	_similar_to	01742726
13454318	_member_meronym	13489037
13454318	_member_meronym	01742726
13454318	_instance_hypernym	13489037
13454318	_instance_hypernym	01742726
13454318	_has_part	13489037
13454318	_has_part	01742726
13451508	_similar_to	13491060
13451508	_similar_to	00442669
13451508	_member_meronym	13491060
13451508	_member_meronym	00442669
13451508	_instance_hypernym	13491060
13451508	_instance_hypernym	00442669
13451508	_has_part	13491060
13451508	_has_part	00442669
13427078	_similar_to	13559782
13427078	_similar_to	00150287
13427078	_member_meronym	13559782
13427078	_member_meronym	00150287
13427078	_instance_hypernym	13559782
13427078	_instance_hypernym	00150287
13427078	_has_part	13559782
13427078	_has_part	00150287
13321495	_similar_to	13320168
13321495	_similar_to	02502536
13321495	_member_meronym	13320168
13321495	_member_meronym	02502536
13321495	_instance_hypernym	13320168
13321495	_instance_hypernym	02502536
13321495	_has_part	13320168
13321495	_has_part	02502536
13320168	_similar_to	13321495
13320168	_member_meronym	13321495
13320168	_instance_hypernym	13321495
13320168	_has_part	13321495
13244109	_similar_to	02203362
13244109	_similar_to	00032613
13244109	_member_meronym	02203362
13244109	_member_meronym	00032613
13244109	_instance_hypernym	02203362
13244109	_instance_hypernym	00032613
13244109	_has_part	02203362
13244109	_has_part	00032613
13240514	_similar_to	10389398
13240514	_similar_to	10388924
13240514	_member_meronym	10389398
13240514	_member_meronym	10388924
13240514	_instance_hypernym	10389398
13240514	_instance_hypernym	10388924
13240514	_has_part	10389398
13240514	_has_part	10388924
13085864	_similar_to	01741446
13085864	_similar_to	01321002
13085864	_similar_to	01320009
13085864	_similar_to	00914632
13085864	_member_meronym	01741446
13085864	_member_meronym	01321002
13085864	_member_meronym	01320009
13085864	_member_meronym	00914632
13085864	_instance_hypernym	01741446
13085864	_instance_hypernym	01321002
13085864	_instance_hypernym	01320009
13085864	_instance_hypernym	00914632
13085864	_has_part	01741446
13085864	_has_part	01321002
13085864	_has_part	01320009
13085864	_has_part	00914632
11415084	_similar_to	11414874
11415084	_similar_to	02661252
11415084	_member_meronym	11414874
11415084	_member_meronym	02661252
11415084	_instance_hypernym	11414874
11415084	_instance_hypernym	02661252
11415084	_has_part	11414874
11415084	_has_part	02661252
11414874	_similar_to	11415084
11414874	_member_meronym	11415084
11414874	_instance_hypernym	11415084
11414874	_has_part	11415084
10689564	_similar_to	04160372
10689564	_similar_to	01666717
10689564	_similar_to	01666327
10689564	_member_meronym	04160372
10689564	_member_meronym	01666717
10689564	_member_meronym	01666327
10689564	_instance_hypernym	04160372
10689564	_instance_hypernym	01666717
10689564	_instance_hypernym	01666327
10689564	_has_part	04160372
10689564	_has_part	01666717
10689564	_has_part	01666327
10678662	_similar_to	14442530
10678662	_member_meronym	14442530
10678662	_instance_hypernym	14442530
10678662	_has_part	14442530
10678472	_similar_to	10525134
10678472	_similar_to	00462092
10678472	_member_meronym	10525134
10678472	_member_meronym	00462092
10678472	_instance_hypernym	10525134
10678472	_instance_hypernym	00462092
10678472	_has_part	10525134
10678472	_has_part	00462092
10676877	_similar_to	10388732
10676877	_similar_to	02443049
10676877	_member_meronym	10388732
10676877	_member_meronym	02443049
10676877	_instance_hypernym	10388732
10676877	_instance_hypernym	02443049
10676877	_has_part	10388732
10676877	_has_part	02443049
10668450	_similar_to	00462092
10668450	_member_meronym	00462092
10668450	_instance_hypernym	00462092
10668450	_has_part	00462092
10657306	_similar_to	10120816
10657306	_similar_to	01329239
10657306	_member_meronym	10120816
10657306	_member_meronym	01329239
10657306	_instance_hypernym	10120816
10657306	_instance_hypernym	01329239
10657306	_has_part	10120816
10657306	_has_part	01329239
10645611	_similar_to	01648126
10645611	_member_meronym	01648126
10645611	_instance_hypernym	01648126
10645611	_has_part	01648126
10640620	_similar_to	01428853
10640620	_member_meronym	01428853
10640620	_instance_hypernym	01428853
10640620	_has_part	01428853
10595164	_similar_to	07970406
10595164	_member_meronym	07970406
10595164	_instance_hypernym	07970406
10595164	_has_part	07970406
10584318	_similar_to	10351281
10584318	_similar_to	01666327
10584318	_similar_to	01329239
10584318	_member_meronym	10351281
10584318	_member_meronym	01666327
10584318	_member_meronym	01329239
10584318	_instance_hypernym	10351281
10584318	_instance_hypernym	01666327
10584318	_instance_hypernym	01329239
10584318	_has_part	10351281
10584318	_has_part	01666327
10584318	_has_part	01329239
10582746	_similar_to	09780828
10582746	_member_meronym	09780828
10582746	_instance_hypernym	09780828
10582746	_has_part	09780828
10566072	_similar_to	09812338
10566072	_similar_to	01684337
10566072	_similar_to	01551871
10566072	_similar_to	01256157
10566072	_member_meronym	09812338
10566072	_member_meronym	01684337
10566072	_member_meronym	01551871
10566072	_member_meronym	01256157
10566072	_instance_hypernym	09812338
10566072	_instance_hypernym	01684337
10566072	_instance_hypernym	01551871
10566072	_instance_hypernym	01256157
10566072	_has_part	09812338
10566072	_has_part	01684337
10566072	_has_part	01551871
10566072	_has_part	01256157
10529231	_similar_to	02204692
10529231	_similar_to	02203362
10529231	_member_meronym	02204692
10529231	_member_meronym	02203362
10529231	_instance_hypernym	02204692
10529231	_instance_hypernym	02203362
10529231	_has_part	02204692
10529231	_has_part	02203362
10525134	_similar_to	10678472
10525134	_similar_to	02441022
10525134	_similar_to	01819554
10525134	_similar_to	01301051
10525134	_similar_to	00233335
10525134	_member_meronym	10678472
10525134	_member_meronym	02441022
10525134	_member_meronym	01819554
10525134	_member_meronym	01301051
10525134	_member_meronym	00233335
10525134	_instance_hypernym	10678472
10525134	_instance_hypernym	02441022
10525134	_instance_hypernym	01819554
10525134	_instance_hypernym	01301051
10525134	_instance_hypernym	00233335
10525134	_has_part	10678472
10525134	_has_part	02441022
10525134	_has_part	01819554
10525134	_has_part	01301051
10525134	_has_part	00233335
10522324	_similar_to	10419047
10522324	_member_meronym	10419047
10522324	_instance_hypernym	10419047
10522324	_has_part	10419047
10474645	_similar_to	10164233
10474645	_member_meronym	10164233
10474645	_instance_hypernym	10164233
10474645	_has_part	10164233
10470460	_similar_to	01203715
10470460	_similar_to	01150559
10470460	_member_meronym	01203715
10470460	_member_meronym	01150559
10470460	_instance_hypernym	01203715
10470460	_instance_hypernym	01150559
10470460	_has_part	01203715
10470460	_has_part	01150559
10448983	_similar_to	10249459
10448983	_similar_to	00752335
10448983	_member_meronym	10249459
10448983	_member_meronym	00752335
10448983	_instance_hypernym	10249459
10448983	_instance_hypernym	00752335
10448983	_has_part	10249459
10448983	_has_part	00752335
10419047	_similar_to	10522324
10419047	_similar_to	02661252
10419047	_similar_to	02579447
10419047	_member_meronym	10522324
10419047	_member_meronym	02661252
10419047	_member_meronym	02579447
10419047	_instance_hypernym	10522324
10419047	_instance_hypernym	02661252
10419047	_instance_hypernym	02579447
10419047	_has_part	10522324
10419047	_has_part	02661252
10419047	_has_part	02579447
10402417	_similar_to	08060694
10402417	_similar_to	06526291
10402417	_member_meronym	08060694
10402417	_member_meronym	06526291
10402417	_instance_hypernym	08060694
10402417	_instance_hypernym	06526291
10402417	_has_part	08060694
10402417	_has_part	06526291
10399491	_similar_to	07970406
10399491	_member_meronym	07970406
10399491	_instance_hypernym	07970406
10399491	_has_part	07970406
10389398	_similar_to	13240514
10389398	_similar_to	10180178
10389398	_similar_to	02204692
10389398	_similar_to	00809465
10389398	_member_meronym	13240514
10389398	_member_meronym	10180178
10389398	_member_meronym	02204692
10389398	_member_meronym	00809465
10389398	_instance_hypernym	13240514
10389398	_instance_hypernym	10180178
10389398	_instance_hypernym	02204692
10389398	_instance_hypernym	00809465
10389398	_has_part	13240514
10389398	_has_part	10180178
10389398	_has_part	02204692
10389398	_has_part	00809465
10388924	_similar_to	13240514
10388924	_similar_to	09882007
10388924	_similar_to	02204692
10388924	_similar_to	00809465
10388924	_member_meronym	13240514
10388924	_member_meronym	09882007
10388924	_member_meronym	02204692
10388924	_member_meronym	00809465
10388924	_instance_hypernym	13240514
10388924	_instance_hypernym	09882007
10388924	_instance_hypernym	02204692
10388924	_instance_hypernym	00809465
10388924	_has_part	13240514
10388924	_has_part	09882007
10388924	_has_part	02204692
10388924	_has_part	00809465
10388732	_similar_to	10676877
10388732	_similar_to	02443049
10388732	_member_meronym	10676877
10388732	_member_meronym	02443049
10388732	_instance_hypernym	10676877
10388732	_instance_hypernym	02443049
10388732	_has_part	10676877
10388732	_has_part	02443049
10388440	_similar_to	05198036
10388440	_similar_to	02539334
10388440	_similar_to	00595684
10388440	_similar_to	00595146
10388440	_member_meronym	05198036
10388440	_member_meronym	02539334
10388440	_member_meronym	00595684
10388440	_member_meronym	00595146
10388440	_instance_hypernym	05198036
10388440	_instance_hypernym	02539334
10388440	_instance_hypernym	00595684
10388440	_instance_hypernym	00595146
10388440	_has_part	05198036
10388440	_has_part	02539334
10388440	_has_part	00595684
10388440	_has_part	00595146
10378780	_similar_to	02443849
10378780	_member_meronym	02443849
10378780	_instance_hypernym	02443849
10378780	_has_part	02443849
10378412	_similar_to	01224744
10378412	_member_meronym	01224744
10378412	_instance_hypernym	01224744
10378412	_has_part	01224744
10371741	_similar_to	10294602
10371741	_similar_to	00752335
10371741	_member_meronym	10294602
10371741	_member_meronym	00752335
10371741	_instance_hypernym	10294602
10371741	_instance_hypernym	00752335
10371741	_has_part	10294602
10371741	_has_part	00752335
10351874	_similar_to	09624559
10351874	_member_meronym	09624559
10351874	_instance_hypernym	09624559
10351874	_has_part	09624559
10351281	_similar_to	10584318
10351281	_similar_to	10120816
10351281	_member_meronym	10584318
10351281	_member_meronym	10120816
10351281	_instance_hypernym	10584318
10351281	_instance_hypernym	10120816
10351281	_has_part	10584318
10351281	_has_part	10120816
10341660	_similar_to	02987454
10341660	_similar_to	02987177
10341660	_similar_to	02661252
10341660	_similar_to	00119873
10341660	_member_meronym	02987454
10341660	_member_meronym	02987177
10341660	_member_meronym	02661252
10341660	_member_meronym	00119873
10341660	_instance_hypernym	02987454
10341660	_instance_hypernym	02987177
10341660	_instance_hypernym	02661252
10341660	_instance_hypernym	00119873
10341660	_has_part	02987454
10341660	_has_part	02987177
10341660	_has_part	02661252
10341660	_has_part	00119873
10325774	_similar_to	01743784
10325774	_similar_to	01697406
10325774	_member_meronym	01743784
10325774	_member_meronym	01697406
10325774	_instance_hypernym	01743784
10325774	_instance_hypernym	01697406
10325774	_has_part	01743784
10325774	_has_part	01697406
10317007	_similar_to	09942970
10317007	_similar_to	09941964
10317007	_similar_to	00752335
10317007	_member_meronym	09942970
10317007	_member_meronym	09941964
10317007	_member_meronym	00752335
10317007	_instance_hypernym	09942970
10317007	_instance_hypernym	09941964
10317007	_instance_hypernym	00752335
10317007	_has_part	09942970
10317007	_has_part	09941964
10317007	_has_part	00752335
10308732	_similar_to	00260648
10308732	_member_meronym	00260648
10308732	_instance_hypernym	00260648
10308732	_has_part	00260648
10301261	_similar_to	06000644
10301261	_member_meronym	06000644
10301261	_instance_hypernym	06000644
10301261	_has_part	06000644
10300303	_similar_to	01428853
10300303	_member_meronym	01428853
10300303	_instance_hypernym	01428853
10300303	_has_part	01428853
10299875	_similar_to	01293389
10299875	_member_meronym	01293389
10299875	_instance_hypernym	01293389
10299875	_has_part	01293389
10298912	_similar_to	02447001
10298912	_similar_to	00595146
10298912	_similar_to	00589769
10298912	_member_meronym	02447001
10298912	_member_meronym	00595146
10298912	_member_meronym	00589769
10298912	_instance_hypernym	02447001
10298912	_instance_hypernym	00595146
10298912	_instance_hypernym	00589769
10298912	_has_part	02447001
10298912	_has_part	00595146
10298912	_has_part	00589769
10298647	_similar_to	10054657
10298647	_similar_to	00595146
10298647	_member_meronym	10054657
10298647	_member_meronym	00595146
10298647	_instance_hypernym	10054657
10298647	_instance_hypernym	00595146
10298647	_has_part	10054657
10298647	_has_part	00595146
10294602	_similar_to	10371741
10294602	_member_meronym	10371741
10294602	_instance_hypernym	10371741
10294602	_has_part	10371741
10291110	_similar_to	01211699
10291110	_member_meronym	01211699
10291110	_instance_hypernym	01211699
10291110	_has_part	01211699
10280130	_similar_to	09812338
10280130	_similar_to	00597634
10280130	_similar_to	00597385
10280130	_similar_to	00595146
10280130	_member_meronym	09812338
10280130	_member_meronym	00597634
10280130	_member_meronym	00597385
10280130	_member_meronym	00595146
10280130	_instance_hypernym	09812338
10280130	_instance_hypernym	00597634
10280130	_instance_hypernym	00597385
10280130	_instance_hypernym	00595146
10280130	_has_part	09812338
10280130	_has_part	00597634
10280130	_has_part	00597385
10280130	_has_part	00595146
10249459	_similar_to	10448983
10249459	_member_meronym	10448983
10249459	_instance_hypernym	10448983
10249459	_has_part	10448983
10245639	_similar_to	10180178
10245639	_similar_to	09758781
10245639	_member_meronym	10180178
10245639	_member_meronym	09758781
10245639	_instance_hypernym	10180178
10245639	_instance_hypernym	09758781
10245639	_has_part	10180178
10245639	_has_part	09758781
10213034	_similar_to	02538765
10213034	_member_meronym	02538765
10213034	_instance_hypernym	02538765
10213034	_has_part	02538765
10210648	_similar_to	01753596
10210648	_member_meronym	01753596
10210648	_instance_hypernym	01753596
10210648	_has_part	01753596
10180178	_similar_to	10389398
10180178	_similar_to	10245639
10180178	_member_meronym	10389398
10180178	_member_meronym	10245639
10180178	_instance_hypernym	10389398
10180178	_instance_hypernym	10245639
10180178	_has_part	10389398
10180178	_has_part	10245639
10164233	_similar_to	10474645
10164233	_similar_to	00595146
10164233	_member_meronym	10474645
10164233	_member_meronym	00595146
10164233	_instance_hypernym	10474645
10164233	_instance_hypernym	00595146
10164233	_has_part	10474645
10164233	_has_part	00595146
10161363	_similar_to	10079399
10161363	_similar_to	01320009
10161363	_member_meronym	10079399
10161363	_member_meronym	01320009
10161363	_instance_hypernym	10079399
10161363	_instance_hypernym	01320009
10161363	_has_part	10079399
10161363	_has_part	01320009
10160412	_similar_to	09624559
10160412	_similar_to	00483181
10160412	_similar_to	00482473
10160412	_member_meronym	09624559
10160412	_member_meronym	00483181
10160412	_member_meronym	00482473
10160412	_instance_hypernym	09624559
10160412	_instance_hypernym	00483181
10160412	_instance_hypernym	00482473
10160412	_has_part	09624559
10160412	_has_part	00483181
10160412	_has_part	00482473
10155849	_similar_to	09974648
10155849	_similar_to	07066659
10155849	_similar_to	05750163
10155849	_similar_to	05256862
10155849	_similar_to	04928903
10155849	_similar_to	01666894
10155849	_member_meronym	09974648
10155849	_member_meronym	07066659
10155849	_member_meronym	05750163
10155849	_member_meronym	05256862
10155849	_member_meronym	04928903
10155849	_member_meronym	01666894
10155849	_instance_hypernym	09974648
10155849	_instance_hypernym	07066659
10155849	_instance_hypernym	05750163
10155849	_instance_hypernym	05256862
10155849	_instance_hypernym	04928903
10155849	_instance_hypernym	01666894
10155849	_has_part	09974648
10155849	_has_part	07066659
10155849	_has_part	05750163
10155849	_has_part	05256862
10155849	_has_part	04928903
10155849	_has_part	01666894
10132641	_similar_to	10079399
10132641	_member_meronym	10079399
10132641	_instance_hypernym	10079399
10132641	_has_part	10079399
10120816	_similar_to	10657306
10120816	_similar_to	10351281
10120816	_member_meronym	10657306
10120816	_member_meronym	10351281
10120816	_instance_hypernym	10657306
10120816	_instance_hypernym	10351281
10120816	_has_part	10657306
10120816	_has_part	10351281
10093908	_similar_to	02702830
10093908	_similar_to	00300537
10093908	_member_meronym	02702830
10093908	_member_meronym	00300537
10093908	_instance_hypernym	02702830
10093908	_instance_hypernym	00300537
10093908	_has_part	02702830
10093908	_has_part	00300537
10080337	_similar_to	01340439
10080337	_member_meronym	01340439
10080337	_instance_hypernym	01340439
10080337	_has_part	01340439
10079399	_similar_to	10161363
10079399	_similar_to	10132641
10079399	_similar_to	10079210
10079399	_member_meronym	10161363
10079399	_member_meronym	10132641
10079399	_member_meronym	10079210
10079399	_instance_hypernym	10161363
10079399	_instance_hypernym	10132641
10079399	_instance_hypernym	10079210
10079399	_has_part	10161363
10079399	_has_part	10132641
10079399	_has_part	10079210
10079210	_similar_to	10079399
10079210	_similar_to	10078806
10079210	_member_meronym	10079399
10079210	_member_meronym	10078806
10079210	_instance_hypernym	10079399
10079210	_instance_hypernym	10078806
10079210	_has_part	10079399
10079210	_has_part	10078806
10078806	_similar_to	10079210
10078806	_similar_to	09779790
10078806	_similar_to	02420232
10078806	_similar_to	01739814
10078806	_member_meronym	10079210
10078806	_member_meronym	09779790
10078806	_member_meronym	02420232
10078806	_member_meronym	01739814
10078806	_instance_hypernym	10079210
10078806	_instance_hypernym	09779790
10078806	_instance_hypernym	02420232
10078806	_instance_hypernym	01739814
10078806	_has_part	10079210
10078806	_has_part	09779790
10078806	_has_part	02420232
10078806	_has_part	01739814
10054657	_similar_to	10298647
10054657	_member_meronym	10298647
10054657	_instance_hypernym	10298647
10054657	_has_part	10298647
10033082	_similar_to	00047945
10033082	_similar_to	00046534
10033082	_member_meronym	00047945
10033082	_member_meronym	00046534
10033082	_instance_hypernym	00047945
10033082	_instance_hypernym	00046534
10033082	_has_part	00047945
10033082	_has_part	00046534
10029269	_similar_to	00935940
10029269	_member_meronym	00935940
10029269	_instance_hypernym	00935940
10029269	_has_part	00935940
10029068	_similar_to	09812338
10029068	_similar_to	01690294
10029068	_similar_to	01643464
10029068	_similar_to	00935940
10029068	_member_meronym	09812338
10029068	_member_meronym	01690294
10029068	_member_meronym	01643464
10029068	_member_meronym	00935940
10029068	_instance_hypernym	09812338
10029068	_instance_hypernym	01690294
10029068	_instance_hypernym	01643464
10029068	_instance_hypernym	00935940
10029068	_has_part	09812338
10029068	_has_part	01690294
10029068	_has_part	01643464
10029068	_has_part	00935940
10012815	_similar_to	02512305
10012815	_similar_to	00650353
10012815	_similar_to	00650016
10012815	_member_meronym	02512305
10012815	_member_meronym	00650353
10012815	_member_meronym	00650016
10012815	_instance_hypernym	02512305
10012815	_instance_hypernym	00650353
10012815	_instance_hypernym	00650016
10012815	_has_part	02512305
10012815	_has_part	00650353
10012815	_has_part	00650016
09974648	_similar_to	10155849
09974648	_member_meronym	10155849
09974648	_instance_hypernym	10155849
09974648	_has_part	10155849
09972157	_similar_to	01753596
09972157	_similar_to	01640550
09972157	_member_meronym	01753596
09972157	_member_meronym	01640550
09972157	_instance_hypernym	01753596
09972157	_instance_hypernym	01640550
09972157	_has_part	01753596
09972157	_has_part	01640550
09964805	_similar_to	01693881
09964805	_member_meronym	01693881
09964805	_instance_hypernym	01693881
09964805	_has_part	01693881
09964411	_similar_to	01742886
09964411	_member_meronym	01742886
09964411	_instance_hypernym	01742886
09964411	_has_part	01742886
09957614	_similar_to	00150287
09957614	_member_meronym	00150287
09957614	_instance_hypernym	00150287
09957614	_has_part	00150287
09956578	_similar_to	01114303
09956578	_similar_to	00462092
09956578	_member_meronym	01114303
09956578	_member_meronym	00462092
09956578	_instance_hypernym	01114303
09956578	_instance_hypernym	00462092
09956578	_has_part	01114303
09956578	_has_part	00462092
09953178	_similar_to	02553697
09953178	_member_meronym	02553697
09953178	_instance_hypernym	02553697
09953178	_has_part	02553697
09952163	_similar_to	09800249
09952163	_similar_to	09624559
09952163	_similar_to	01765392
09952163	_similar_to	01647867
09952163	_similar_to	01093587
09952163	_similar_to	00482473
09952163	_member_meronym	09800249
09952163	_member_meronym	09624559
09952163	_member_meronym	01765392
09952163	_member_meronym	01647867
09952163	_member_meronym	01093587
09952163	_member_meronym	00482473
09952163	_instance_hypernym	09800249
09952163	_instance_hypernym	09624559
09952163	_instance_hypernym	01765392
09952163	_instance_hypernym	01647867
09952163	_instance_hypernym	01093587
09952163	_instance_hypernym	00482473
09952163	_has_part	09800249
09952163	_has_part	09624559
09952163	_has_part	01765392
09952163	_has_part	01647867
09952163	_has_part	01093587
09952163	_has_part	00482473
09943541	_similar_to	09942970
09943541	_similar_to	09941571
09943541	_member_meronym	09942970
09943541	_member_meronym	09941571
09943541	_instance_hypernym	09942970
09943541	_instance_hypernym	09941571
09943541	_has_part	09942970
09943541	_has_part	09941571
09942970	_similar_to	10317007
09942970	_similar_to	09943541
09942970	_member_meronym	10317007
09942970	_member_meronym	09943541
09942970	_instance_hypernym	10317007
09942970	_instance_hypernym	09943541
09942970	_has_part	10317007
09942970	_has_part	09943541
09941964	_similar_to	10317007
09941964	_similar_to	02441022
09941964	_similar_to	00751887
09941964	_similar_to	00590626
09941964	_member_meronym	10317007
09941964	_member_meronym	02441022
09941964	_member_meronym	00751887
09941964	_member_meronym	00590626
09941964	_instance_hypernym	10317007
09941964	_instance_hypernym	02441022
09941964	_instance_hypernym	00751887
09941964	_instance_hypernym	00590626
09941964	_has_part	10317007
09941964	_has_part	02441022
09941964	_has_part	00751887
09941964	_has_part	00590626
09941571	_similar_to	09943541
09941571	_similar_to	02441022
09941571	_similar_to	00751887
09941571	_similar_to	00590626
09941571	_member_meronym	09943541
09941571	_member_meronym	02441022
09941571	_member_meronym	00751887
09941571	_member_meronym	00590626
09941571	_instance_hypernym	09943541
09941571	_instance_hypernym	02441022
09941571	_instance_hypernym	00751887
09941571	_instance_hypernym	00590626
09941571	_has_part	09943541
09941571	_has_part	02441022
09941571	_has_part	00751887
09941571	_has_part	00590626
09941383	_similar_to	02441022
09941383	_similar_to	00751887
09941383	_similar_to	00590626
09941383	_member_meronym	02441022
09941383	_member_meronym	00751887
09941383	_member_meronym	00590626
09941383	_instance_hypernym	02441022
09941383	_instance_hypernym	00751887
09941383	_instance_hypernym	00590626
09941383	_has_part	02441022
09941383	_has_part	00751887
09941383	_has_part	00590626
09935434	_similar_to	09816771
09935434	_similar_to	08060694
09935434	_similar_to	06526291
09935434	_similar_to	02416278
09935434	_similar_to	02371684
09935434	_member_meronym	09816771
09935434	_member_meronym	08060694
09935434	_member_meronym	06526291
09935434	_member_meronym	02416278
09935434	_member_meronym	02371684
09935434	_instance_hypernym	09816771
09935434	_instance_hypernym	08060694
09935434	_instance_hypernym	06526291
09935434	_instance_hypernym	02416278
09935434	_instance_hypernym	02371684
09935434	_has_part	09816771
09935434	_has_part	08060694
09935434	_has_part	06526291
09935434	_has_part	02416278
09935434	_has_part	02371684
09931640	_similar_to	02443049
09931640	_similar_to	01804414
09931640	_similar_to	00833702
09931640	_similar_to	00594836
09931640	_member_meronym	02443049
09931640	_member_meronym	01804414
09931640	_member_meronym	00833702
09931640	_member_meronym	00594836
09931640	_instance_hypernym	02443049
09931640	_instance_hypernym	01804414
09931640	_instance_hypernym	00833702
09931640	_instance_hypernym	00594836
09931640	_has_part	02443049
09931640	_has_part	01804414
09931640	_has_part	00833702
09931640	_has_part	00594836
09918248	_similar_to	07970406
09918248	_member_meronym	07970406
09918248	_instance_hypernym	07970406
09918248	_has_part	07970406
09882716	_similar_to	09882007
09882716	_similar_to	09609232
09882716	_member_meronym	09882007
09882716	_member_meronym	09609232
09882716	_instance_hypernym	09882007
09882716	_instance_hypernym	09609232
09882716	_has_part	09882007
09882716	_has_part	09609232
09882007	_similar_to	10388924
09882007	_similar_to	09882716
09882007	_member_meronym	10388924
09882007	_member_meronym	09882716
09882007	_instance_hypernym	10388924
09882007	_instance_hypernym	09882716
09882007	_has_part	10388924
09882007	_has_part	09882716
09816771	_similar_to	09935434
09816771	_similar_to	09626238
09816771	_similar_to	02470175
09816771	_member_meronym	09935434
09816771	_member_meronym	09626238
09816771	_member_meronym	02470175
09816771	_instance_hypernym	09935434
09816771	_instance_hypernym	09626238
09816771	_instance_hypernym	02470175
09816771	_has_part	09935434
09816771	_has_part	09626238
09816771	_has_part	02470175
09812338	_similar_to	10566072
09812338	_similar_to	10280130
09812338	_similar_to	10029068
09812338	_similar_to	06998748
09812338	_similar_to	05638987
09812338	_similar_to	02991122
09812338	_similar_to	02743547
09812338	_member_meronym	10566072
09812338	_member_meronym	10280130
09812338	_member_meronym	10029068
09812338	_member_meronym	06998748
09812338	_member_meronym	05638987
09812338	_member_meronym	02991122
09812338	_member_meronym	02743547
09812338	_instance_hypernym	10566072
09812338	_instance_hypernym	10280130
09812338	_instance_hypernym	10029068
09812338	_instance_hypernym	06998748
09812338	_instance_hypernym	05638987
09812338	_instance_hypernym	02991122
09812338	_instance_hypernym	02743547
09812338	_has_part	10566072
09812338	_has_part	10280130
09812338	_has_part	10029068
09812338	_has_part	06998748
09812338	_has_part	05638987
09812338	_has_part	02991122
09812338	_has_part	02743547
09803429	_similar_to	00760956
09803429	_member_meronym	00760956
09803429	_instance_hypernym	00760956
09803429	_has_part	00760956
09802641	_similar_to	02272549
09802641	_member_meronym	02272549
09802641	_instance_hypernym	02272549
09802641	_has_part	02272549
09800249	_similar_to	09952163
09800249	_similar_to	00765213
09800249	_member_meronym	09952163
09800249	_member_meronym	00765213
09800249	_instance_hypernym	09952163
09800249	_instance_hypernym	00765213
09800249	_has_part	09952163
09800249	_has_part	00765213
09784443	_similar_to	00064095
09784443	_member_meronym	00064095
09784443	_instance_hypernym	00064095
09784443	_has_part	00064095
09780828	_similar_to	10582746
09780828	_similar_to	02441022
09780828	_similar_to	00751887
09780828	_similar_to	00590626
09780828	_member_meronym	10582746
09780828	_member_meronym	02441022
09780828	_member_meronym	00751887
09780828	_member_meronym	00590626
09780828	_instance_hypernym	10582746
09780828	_instance_hypernym	02441022
09780828	_instance_hypernym	00751887
09780828	_instance_hypernym	00590626
09780828	_has_part	10582746
09780828	_has_part	02441022
09780828	_has_part	00751887
09780828	_has_part	00590626
09779790	_similar_to	10078806
09779790	_similar_to	01742726
09779790	_similar_to	01739814
09779790	_similar_to	01104406
09779790	_similar_to	00916464
09779790	_similar_to	00245457
09779790	_member_meronym	10078806
09779790	_member_meronym	01742726
09779790	_member_meronym	01739814
09779790	_member_meronym	01104406
09779790	_member_meronym	00916464
09779790	_member_meronym	00245457
09779790	_instance_hypernym	10078806
09779790	_instance_hypernym	01742726
09779790	_instance_hypernym	01739814
09779790	_instance_hypernym	01104406
09779790	_instance_hypernym	00916464
09779790	_instance_hypernym	00245457
09779790	_has_part	10078806
09779790	_has_part	01742726
09779790	_has_part	01739814
09779790	_has_part	01104406
09779790	_has_part	00916464
09779790	_has_part	00245457
09769929	_similar_to	00296178
09769929	_member_meronym	00296178
09769929	_instance_hypernym	00296178
09769929	_has_part	00296178
09758781	_similar_to	10245639
09758781	_similar_to	01466978
09758781	_member_meronym	10245639
09758781	_member_meronym	01466978
09758781	_instance_hypernym	10245639
09758781	_instance_hypernym	01466978
09758781	_has_part	10245639
09758781	_has_part	01466978
09626238	_similar_to	09816771
09626238	_member_meronym	09816771
09626238	_instance_hypernym	09816771
09626238	_has_part	09816771
09625401	_similar_to	02496816
09625401	_member_meronym	02496816
09625401	_instance_hypernym	02496816
09625401	_has_part	02496816
09624559	_similar_to	10351874
09624559	_similar_to	10160412
09624559	_similar_to	09952163
09624559	_similar_to	00760956
09624559	_member_meronym	10351874
09624559	_member_meronym	10160412
09624559	_member_meronym	09952163
09624559	_member_meronym	00760956
09624559	_instance_hypernym	10351874
09624559	_instance_hypernym	10160412
09624559	_instance_hypernym	09952163
09624559	_instance_hypernym	00760956
09624559	_has_part	10351874
09624559	_has_part	10160412
09624559	_has_part	09952163
09624559	_has_part	00760956
09609232	_similar_to	09882716
09609232	_member_meronym	09882716
09609232	_instance_hypernym	09882716
09609232	_has_part	09882716
09476521	_similar_to	00290740
09476521	_similar_to	00224901
09476521	_member_meronym	00290740
09476521	_member_meronym	00224901
09476521	_instance_hypernym	00290740
09476521	_instance_hypernym	00224901
09476521	_has_part	00290740
09476521	_has_part	00224901
09442838	_similar_to	00709625
09442838	_member_meronym	00709625
09442838	_instance_hypernym	00709625
09442838	_has_part	00709625
09366317	_similar_to	09303008
09366317	_member_meronym	09303008
09366317	_instance_hypernym	09303008
09366317	_has_part	09303008
09326662	_similar_to	09303008
09326662	_similar_to	01660386
09326662	_member_meronym	09303008
09326662	_member_meronym	01660386
09326662	_instance_hypernym	09303008
09326662	_instance_hypernym	01660386
09326662	_has_part	09303008
09326662	_has_part	01660386
09303008	_similar_to	09366317
09303008	_similar_to	09326662
09303008	_similar_to	01660640
09303008	_member_meronym	09366317
09303008	_member_meronym	09326662
09303008	_member_meronym	01660640
09303008	_instance_hypernym	09366317
09303008	_instance_hypernym	09326662
09303008	_instance_hypernym	01660640
09303008	_has_part	09366317
09303008	_has_part	09326662
09303008	_has_part	01660640
09273291	_similar_to	02711114
09273291	_member_meronym	02711114
09273291	_instance_hypernym	02711114
09273291	_has_part	02711114
09260907	_similar_to	01740608
09260907	_member_meronym	01740608
09260907	_instance_hypernym	01740608
09260907	_has_part	01740608
08688247	_similar_to	08664443
08688247	_similar_to	02512150
08688247	_member_meronym	08664443
08688247	_member_meronym	02512150
08688247	_instance_hypernym	08664443
08688247	_instance_hypernym	02512150
08688247	_has_part	08664443
08688247	_has_part	02512150
08677628	_similar_to	08645963
08677628	_similar_to	02695895
08677628	_similar_to	01711749
08677628	_member_meronym	08645963
08677628	_member_meronym	02695895
08677628	_member_meronym	01711749
08677628	_instance_hypernym	08645963
08677628	_instance_hypernym	02695895
08677628	_instance_hypernym	01711749
08677628	_has_part	08645963
08677628	_has_part	02695895
08677628	_has_part	01711749
08664443	_similar_to	08688247
08664443	_similar_to	08620061
08664443	_similar_to	01711749
08664443	_similar_to	01150559
08664443	_member_meronym	08688247
08664443	_member_meronym	08620061
08664443	_member_meronym	01711749
08664443	_member_meronym	01150559
08664443	_instance_hypernym	08688247
08664443	_instance_hypernym	08620061
08664443	_instance_hypernym	01711749
08664443	_instance_hypernym	01150559
08664443	_has_part	08688247
08664443	_has_part	08620061
08664443	_has_part	01711749
08664443	_has_part	01150559
08645963	_similar_to	08677628
08645963	_similar_to	08497294
08645963	_member_meronym	08677628
08645963	_member_meronym	08497294
08645963	_instance_hypernym	08677628
08645963	_instance_hypernym	08497294
08645963	_has_part	08677628
08645963	_has_part	08497294
08630985	_similar_to	08574314
08630985	_similar_to	08552138
08630985	_similar_to	08497294
08630985	_member_meronym	08574314
08630985	_member_meronym	08552138
08630985	_member_meronym	08497294
08630985	_instance_hypernym	08574314
08630985	_instance_hypernym	08552138
08630985	_instance_hypernym	08497294
08630985	_has_part	08574314
08630985	_has_part	08552138
08630985	_has_part	08497294
08630039	_similar_to	08568978
08630039	_member_meronym	08568978
08630039	_instance_hypernym	08568978
08630039	_has_part	08568978
08622950	_similar_to	02694933
08622950	_member_meronym	02694933
08622950	_instance_hypernym	02694933
08622950	_has_part	02694933
08620763	_similar_to	08620061
08620763	_similar_to	01466978
08620763	_member_meronym	08620061
08620763	_member_meronym	01466978
08620763	_instance_hypernym	08620061
08620763	_instance_hypernym	01466978
08620763	_has_part	08620061
08620763	_has_part	01466978
08620061	_similar_to	08664443
08620061	_similar_to	08620763
08620061	_member_meronym	08664443
08620061	_member_meronym	08620763
08620061	_instance_hypernym	08664443
08620061	_instance_hypernym	08620763
08620061	_has_part	08664443
08620061	_has_part	08620763
08612786	_similar_to	08512259
08612786	_similar_to	01689379
08612786	_similar_to	01582645
08612786	_similar_to	01276361
08612786	_member_meronym	08512259
08612786	_member_meronym	01689379
08612786	_member_meronym	01582645
08612786	_member_meronym	01276361
08612786	_instance_hypernym	08512259
08612786	_instance_hypernym	01689379
08612786	_instance_hypernym	01582645
08612786	_instance_hypernym	01276361
08612786	_has_part	08512259
08612786	_has_part	01689379
08612786	_has_part	01582645
08612786	_has_part	01276361
08592656	_similar_to	08512259
08592656	_similar_to	03264542
08592656	_similar_to	00730301
08592656	_member_meronym	08512259
08592656	_member_meronym	03264542
08592656	_member_meronym	00730301
08592656	_instance_hypernym	08512259
08592656	_instance_hypernym	03264542
08592656	_instance_hypernym	00730301
08592656	_has_part	08512259
08592656	_has_part	03264542
08592656	_has_part	00730301
08574314	_similar_to	08630985
08574314	_similar_to	08567235
08574314	_member_meronym	08630985
08574314	_member_meronym	08567235
08574314	_instance_hypernym	08630985
08574314	_instance_hypernym	08567235
08574314	_has_part	08630985
08574314	_has_part	08567235
08568978	_similar_to	08630039
08568978	_similar_to	08512259
08568978	_member_meronym	08630039
08568978	_member_meronym	08512259
08568978	_instance_hypernym	08630039
08568978	_instance_hypernym	08512259
08568978	_has_part	08630039
08568978	_has_part	08512259
08567235	_similar_to	08574314
08567235	_similar_to	01467370
08567235	_similar_to	01130607
08567235	_member_meronym	08574314
08567235	_member_meronym	01467370
08567235	_member_meronym	01130607
08567235	_instance_hypernym	08574314
08567235	_instance_hypernym	01467370
08567235	_instance_hypernym	01130607
08567235	_has_part	08574314
08567235	_has_part	01467370
08567235	_has_part	01130607
08566028	_similar_to	02845576
08566028	_member_meronym	02845576
08566028	_instance_hypernym	02845576
08566028	_has_part	02845576
08565701	_similar_to	08512259
08565701	_similar_to	02710673
08565701	_similar_to	01467370
08565701	_similar_to	01466978
08565701	_member_meronym	08512259
08565701	_member_meronym	02710673
08565701	_member_meronym	01467370
08565701	_member_meronym	01466978
08565701	_instance_hypernym	08512259
08565701	_instance_hypernym	02710673
08565701	_instance_hypernym	01467370
08565701	_instance_hypernym	01466978
08565701	_has_part	08512259
08565701	_has_part	02710673
08565701	_has_part	01467370
08565701	_has_part	01466978
08552138	_similar_to	08630985
08552138	_similar_to	08513163
08552138	_similar_to	02812482
08552138	_similar_to	02512150
08552138	_member_meronym	08630985
08552138	_member_meronym	08513163
08552138	_member_meronym	02812482
08552138	_member_meronym	02512150
08552138	_instance_hypernym	08630985
08552138	_instance_hypernym	08513163
08552138	_instance_hypernym	02812482
08552138	_instance_hypernym	02512150
08552138	_has_part	08630985
08552138	_has_part	08513163
08552138	_has_part	02812482
08552138	_has_part	02512150
08513163	_similar_to	08552138
08513163	_similar_to	01466978
08513163	_member_meronym	08552138
08513163	_member_meronym	01466978
08513163	_instance_hypernym	08552138
08513163	_instance_hypernym	01466978
08513163	_has_part	08552138
08513163	_has_part	01466978
08512736	_similar_to	08512259
08512736	_similar_to	02710673
08512736	_similar_to	01467370
08512736	_similar_to	01466978
08512736	_similar_to	00730301
08512736	_member_meronym	08512259
08512736	_member_meronym	02710673
08512736	_member_meronym	01467370
08512736	_member_meronym	01466978
08512736	_member_meronym	00730301
08512736	_instance_hypernym	08512259
08512736	_instance_hypernym	02710673
08512736	_instance_hypernym	01467370
08512736	_instance_hypernym	01466978
08512736	_instance_hypernym	00730301
08512736	_has_part	08512259
08512736	_has_part	02710673
08512736	_has_part	01467370
08512736	_has_part	01466978
08512736	_has_part	00730301
08512259	_similar_to	08612786
08512259	_similar_to	08592656
08512259	_similar_to	08568978
08512259	_similar_to	08565701
08512259	_similar_to	08512736
08512259	_similar_to	02710673
08512259	_similar_to	00233335
08512259	_member_meronym	08612786
08512259	_member_meronym	08592656
08512259	_member_meronym	08568978
08512259	_member_meronym	08565701
08512259	_member_meronym	08512736
08512259	_member_meronym	02710673
08512259	_member_meronym	00233335
08512259	_instance_hypernym	08612786
08512259	_instance_hypernym	08592656
08512259	_instance_hypernym	08568978
08512259	_instance_hypernym	08565701
08512259	_instance_hypernym	08512736
08512259	_instance_hypernym	02710673
08512259	_instance_hypernym	00233335
08512259	_has_part	08612786
08512259	_has_part	08592656
08512259	_has_part	08568978
08512259	_has_part	08565701
08512259	_has_part	08512736
08512259	_has_part	02710673
08512259	_has_part	00233335
08497294	_similar_to	08645963
08497294	_similar_to	08630985
08497294	_member_meronym	08645963
08497294	_member_meronym	08630985
08497294	_instance_hypernym	08645963
08497294	_instance_hypernym	08630985
08497294	_has_part	08645963
08497294	_has_part	08630985
08493064	_similar_to	02812482
08493064	_member_meronym	02812482
08493064	_instance_hypernym	02812482
08493064	_has_part	02812482
08438067	_similar_to	08436759
08438067	_similar_to	01739814
08438067	_member_meronym	08436759
08438067	_member_meronym	01739814
08438067	_instance_hypernym	08436759
08438067	_instance_hypernym	01739814
08438067	_has_part	08436759
08438067	_has_part	01739814
08436759	_similar_to	08438067
08436759	_similar_to	00017222
08436759	_member_meronym	08438067
08436759	_member_meronym	00017222
08436759	_instance_hypernym	08438067
08436759	_instance_hypernym	00017222
08436759	_has_part	08438067
08436759	_has_part	00017222
08398036	_similar_to	01089137
08398036	_member_meronym	01089137
08398036	_instance_hypernym	01089137
08398036	_has_part	01089137
08197742	_similar_to	01087197
08197742	_member_meronym	01087197
08197742	_instance_hypernym	01087197
08197742	_has_part	01087197
08060694	_similar_to	10402417
08060694	_similar_to	09935434
08060694	_member_meronym	10402417
08060694	_member_meronym	09935434
08060694	_instance_hypernym	10402417
08060694	_instance_hypernym	09935434
08060694	_has_part	10402417
08060694	_has_part	09935434
07996689	_similar_to	07985223
07996689	_member_meronym	07985223
07996689	_instance_hypernym	07985223
07996689	_has_part	07985223
07988857	_similar_to	07970406
07988857	_similar_to	01428853
07988857	_similar_to	01293389
07988857	_similar_to	01292885
07988857	_member_meronym	07970406
07988857	_member_meronym	01428853
07988857	_member_meronym	01293389
07988857	_member_meronym	01292885
07988857	_instance_hypernym	07970406
07988857	_instance_hypernym	01428853
07988857	_instance_hypernym	01293389
07988857	_instance_hypernym	01292885
07988857	_has_part	07970406
07988857	_has_part	01428853
07988857	_has_part	01293389
07988857	_has_part	01292885
07985223	_similar_to	07996689
07985223	_similar_to	01465365
07985223	_similar_to	01292885
07985223	_member_meronym	07996689
07985223	_member_meronym	01465365
07985223	_member_meronym	01292885
07985223	_instance_hypernym	07996689
07985223	_instance_hypernym	01465365
07985223	_instance_hypernym	01292885
07985223	_has_part	07996689
07985223	_has_part	01465365
07985223	_has_part	01292885
07976936	_similar_to	07975026
07976936	_similar_to	01428853
07976936	_similar_to	01292885
07976936	_member_meronym	07975026
07976936	_member_meronym	01428853
07976936	_member_meronym	01292885
07976936	_instance_hypernym	07975026
07976936	_instance_hypernym	01428853
07976936	_instance_hypernym	01292885
07976936	_has_part	07975026
07976936	_has_part	01428853
07976936	_has_part	01292885
07975026	_similar_to	07976936
07975026	_member_meronym	07976936
07975026	_instance_hypernym	07976936
07975026	_has_part	07976936
07970406	_similar_to	10595164
07970406	_similar_to	10399491
07970406	_similar_to	09918248
07970406	_similar_to	07988857
07970406	_member_meronym	10595164
07970406	_member_meronym	10399491
07970406	_member_meronym	09918248
07970406	_member_meronym	07988857
07970406	_instance_hypernym	10595164
07970406	_instance_hypernym	10399491
07970406	_instance_hypernym	09918248
07970406	_instance_hypernym	07988857
07970406	_has_part	10595164
07970406	_has_part	10399491
07970406	_has_part	09918248
07970406	_has_part	07988857
07705711	_similar_to	07555863
07705711	_similar_to	01739814
07705711	_member_meronym	07555863
07705711	_member_meronym	01739814
07705711	_instance_hypernym	07555863
07705711	_instance_hypernym	01739814
07705711	_has_part	07555863
07705711	_has_part	01739814
07555863	_similar_to	15046900
07555863	_similar_to	07705711
07555863	_member_meronym	15046900
07555863	_member_meronym	07705711
07555863	_instance_hypernym	15046900
07555863	_instance_hypernym	07705711
07555863	_has_part	15046900
07555863	_has_part	07705711
07537259	_similar_to	01785748
07537259	_member_meronym	01785748
07537259	_instance_hypernym	01785748
07537259	_has_part	01785748
07537068	_similar_to	00364479
07537068	_member_meronym	00364479
07537068	_instance_hypernym	00364479
07537068	_has_part	00364479
07532440	_similar_to	01149494
07532440	_similar_to	00909363
07532440	_member_meronym	01149494
07532440	_member_meronym	00909363
07532440	_instance_hypernym	01149494
07532440	_instance_hypernym	00909363
07532440	_has_part	01149494
07532440	_has_part	00909363
07529563	_similar_to	01813884
07529563	_member_meronym	01813884
07529563	_instance_hypernym	01813884
07529563	_has_part	01813884
07527352	_similar_to	01366718
07527352	_similar_to	01363613
07527352	_member_meronym	01366718
07527352	_member_meronym	01363613
07527352	_instance_hypernym	01366718
07527352	_instance_hypernym	01363613
07527352	_has_part	01366718
07527352	_has_part	01363613
07520612	_similar_to	07519253
07520612	_similar_to	02506361
07520612	_similar_to	01782218
07520612	_similar_to	01781983
07520612	_similar_to	01780941
07520612	_similar_to	01779165
07520612	_member_meronym	07519253
07520612	_member_meronym	02506361
07520612	_member_meronym	01782218
07520612	_member_meronym	01781983
07520612	_member_meronym	01780941
07520612	_member_meronym	01779165
07520612	_instance_hypernym	07519253
07520612	_instance_hypernym	02506361
07520612	_instance_hypernym	01782218
07520612	_instance_hypernym	01781983
07520612	_instance_hypernym	01780941
07520612	_instance_hypernym	01779165
07520612	_has_part	07519253
07520612	_has_part	02506361
07520612	_has_part	01782218
07520612	_has_part	01781983
07520612	_has_part	01780941
07520612	_has_part	01779165
07519253	_similar_to	14405774
07519253	_similar_to	07520612
07519253	_similar_to	01780202
07519253	_similar_to	01779165
07519253	_member_meronym	14405774
07519253	_member_meronym	07520612
07519253	_member_meronym	01780202
07519253	_member_meronym	01779165
07519253	_instance_hypernym	14405774
07519253	_instance_hypernym	07520612
07519253	_instance_hypernym	01780202
07519253	_instance_hypernym	01779165
07519253	_has_part	14405774
07519253	_has_part	07520612
07519253	_has_part	01780202
07519253	_has_part	01779165
07515790	_similar_to	07515560
07515790	_similar_to	01765392
07515790	_member_meronym	07515560
07515790	_member_meronym	01765392
07515790	_instance_hypernym	07515560
07515790	_instance_hypernym	01765392
07515790	_has_part	07515560
07515790	_has_part	01765392
07515560	_similar_to	07515790
07515560	_similar_to	07514968
07515560	_similar_to	01922763
07515560	_member_meronym	07515790
07515560	_member_meronym	07514968
07515560	_member_meronym	01922763
07515560	_instance_hypernym	07515790
07515560	_instance_hypernym	07514968
07515560	_instance_hypernym	01922763
07515560	_has_part	07515790
07515560	_has_part	07514968
07515560	_has_part	01922763
07514968	_similar_to	07515560
07514968	_member_meronym	07515560
07514968	_instance_hypernym	07515560
07514968	_has_part	07515560
07493280	_similar_to	00064095
07493280	_member_meronym	00064095
07493280	_instance_hypernym	00064095
07493280	_has_part	00064095
07423001	_similar_to	07355887
07423001	_similar_to	00431826
07423001	_member_meronym	07355887
07423001	_member_meronym	00431826
07423001	_instance_hypernym	07355887
07423001	_instance_hypernym	00431826
07423001	_has_part	07355887
07423001	_has_part	00431826
07369604	_similar_to	02702830
07369604	_similar_to	00482893
07369604	_similar_to	00456740
07369604	_similar_to	00300537
07369604	_similar_to	00299580
07369604	_similar_to	00150287
07369604	_member_meronym	02702830
07369604	_member_meronym	00482893
07369604	_member_meronym	00456740
07369604	_member_meronym	00300537
07369604	_member_meronym	00299580
07369604	_member_meronym	00150287
07369604	_instance_hypernym	02702830
07369604	_instance_hypernym	00482893
07369604	_instance_hypernym	00456740
07369604	_instance_hypernym	00300537
07369604	_instance_hypernym	00299580
07369604	_instance_hypernym	00150287
07369604	_has_part	02702830
07369604	_has_part	00482893
07369604	_has_part	00456740
07369604	_has_part	00300537
07369604	_has_part	00299580
07369604	_has_part	00150287
07366627	_similar_to	02661252
07366627	_member_meronym	02661252
07366627	_instance_hypernym	02661252
07366627	_has_part	02661252
07366289	_similar_to	07337390
07366289	_similar_to	02661252
07366289	_similar_to	00651991
07366289	_similar_to	00650353
07366289	_similar_to	00119074
07366289	_member_meronym	07337390
07366289	_member_meronym	02661252
07366289	_member_meronym	00651991
07366289	_member_meronym	00650353
07366289	_member_meronym	00119074
07366289	_instance_hypernym	07337390
07366289	_instance_hypernym	02661252
07366289	_instance_hypernym	00651991
07366289	_instance_hypernym	00650353
07366289	_instance_hypernym	00119074
07366289	_has_part	07337390
07366289	_has_part	02661252
07366289	_has_part	00651991
07366289	_has_part	00650353
07366289	_has_part	00119074
07355887	_similar_to	07423001
07355887	_similar_to	00441445
07355887	_similar_to	00152887
07355887	_similar_to	00151689
07355887	_member_meronym	07423001
07355887	_member_meronym	00441445
07355887	_member_meronym	00152887
07355887	_member_meronym	00151689
07355887	_instance_hypernym	07423001
07355887	_instance_hypernym	00441445
07355887	_instance_hypernym	00152887
07355887	_instance_hypernym	00151689
07355887	_has_part	07423001
07355887	_has_part	00441445
07355887	_has_part	00152887
07355887	_has_part	00151689
07346057	_similar_to	01877204
07346057	_similar_to	01876907
07346057	_member_meronym	01877204
07346057	_member_meronym	01876907
07346057	_instance_hypernym	01877204
07346057	_instance_hypernym	01876907
07346057	_has_part	01877204
07346057	_has_part	01876907
07338114	_similar_to	01510827
07338114	_member_meronym	01510827
07338114	_instance_hypernym	01510827
07338114	_has_part	01510827
07337390	_similar_to	07366289
07337390	_similar_to	01876907
07337390	_member_meronym	07366289
07337390	_member_meronym	01876907
07337390	_instance_hypernym	07366289
07337390	_instance_hypernym	01876907
07337390	_has_part	07366289
07337390	_has_part	01876907
07273136	_similar_to	01588493
07273136	_member_meronym	01588493
07273136	_instance_hypernym	01588493
07273136	_has_part	01588493
07270179	_similar_to	06806469
07270179	_similar_to	01588493
07270179	_similar_to	00651991
07270179	_similar_to	00508032
07270179	_member_meronym	06806469
07270179	_member_meronym	01588493
07270179	_member_meronym	00651991
07270179	_member_meronym	00508032
07270179	_instance_hypernym	06806469
07270179	_instance_hypernym	01588493
07270179	_instance_hypernym	00651991
07270179	_instance_hypernym	00508032
07270179	_has_part	06806469
07270179	_has_part	01588493
07270179	_has_part	00651991
07270179	_has_part	00508032
07254057	_similar_to	07253637
07254057	_similar_to	01819554
07254057	_similar_to	01781180
07254057	_similar_to	00770141
07254057	_member_meronym	07253637
07254057	_member_meronym	01819554
07254057	_member_meronym	01781180
07254057	_member_meronym	00770141
07254057	_instance_hypernym	07253637
07254057	_instance_hypernym	01819554
07254057	_instance_hypernym	01781180
07254057	_instance_hypernym	00770141
07254057	_has_part	07253637
07254057	_has_part	01819554
07254057	_has_part	01781180
07254057	_has_part	00770141
07253637	_similar_to	07254057
07253637	_similar_to	06709533
07253637	_member_meronym	07254057
07253637	_member_meronym	06709533
07253637	_instance_hypernym	07254057
07253637	_instance_hypernym	06709533
07253637	_has_part	07254057
07253637	_has_part	06709533
07202579	_similar_to	01588493
07202579	_similar_to	01029852
07202579	_member_meronym	01588493
07202579	_member_meronym	01029852
07202579	_instance_hypernym	01588493
07202579	_instance_hypernym	01029852
07202579	_has_part	01588493
07202579	_has_part	01029852
07177437	_similar_to	00482893
07177437	_member_meronym	00482893
07177437	_instance_hypernym	00482893
07177437	_has_part	00482893
07151122	_similar_to	07150644
07151122	_similar_to	00764902
07151122	_member_meronym	07150644
07151122	_member_meronym	00764902
07151122	_instance_hypernym	07150644
07151122	_instance_hypernym	00764902
07151122	_has_part	07150644
07151122	_has_part	00764902
07150850	_similar_to	07150644
07150850	_similar_to	00760956
07150850	_member_meronym	07150644
07150850	_member_meronym	00760956
07150850	_instance_hypernym	07150644
07150850	_instance_hypernym	00760956
07150850	_has_part	07150644
07150850	_has_part	00760956
07150644	_similar_to	07151122
07150644	_similar_to	07150850
07150644	_similar_to	07148192
07150644	_similar_to	00760956
07150644	_member_meronym	07151122
07150644	_member_meronym	07150850
07150644	_member_meronym	07148192
07150644	_member_meronym	00760956
07150644	_instance_hypernym	07151122
07150644	_instance_hypernym	07150850
07150644	_instance_hypernym	07148192
07150644	_instance_hypernym	00760956
07150644	_has_part	07151122
07150644	_has_part	07150850
07150644	_has_part	07148192
07150644	_has_part	00760956
07148192	_similar_to	07150644
07148192	_similar_to	00761713
07148192	_member_meronym	07150644
07148192	_member_meronym	00761713
07148192	_instance_hypernym	07150644
07148192	_instance_hypernym	00761713
07148192	_has_part	07150644
07148192	_has_part	00761713
07066659	_similar_to	10155849
07066659	_similar_to	07020895
07066659	_similar_to	01687569
07066659	_member_meronym	10155849
07066659	_member_meronym	07020895
07066659	_member_meronym	01687569
07066659	_instance_hypernym	10155849
07066659	_instance_hypernym	07020895
07066659	_instance_hypernym	01687569
07066659	_has_part	10155849
07066659	_has_part	07020895
07066659	_has_part	01687569
07020895	_similar_to	07066659
07020895	_member_meronym	07066659
07020895	_instance_hypernym	07066659
07020895	_has_part	07066659
07006712	_similar_to	07006119
07006712	_similar_to	01711445
07006712	_member_meronym	07006119
07006712	_member_meronym	01711445
07006712	_instance_hypernym	07006119
07006712	_instance_hypernym	01711445
07006712	_has_part	07006119
07006712	_has_part	01711445
07006119	_similar_to	07006712
07006119	_similar_to	00796047
07006119	_member_meronym	07006712
07006119	_member_meronym	00796047
07006119	_instance_hypernym	07006712
07006119	_instance_hypernym	00796047
07006119	_has_part	07006712
07006119	_has_part	00796047
07003119	_similar_to	06998748
07003119	_similar_to	01690294
07003119	_similar_to	01643464
07003119	_member_meronym	06998748
07003119	_member_meronym	01690294
07003119	_member_meronym	01643464
07003119	_instance_hypernym	06998748
07003119	_instance_hypernym	01690294
07003119	_instance_hypernym	01643464
07003119	_has_part	06998748
07003119	_has_part	01690294
07003119	_has_part	01643464
06998748	_similar_to	09812338
06998748	_similar_to	07003119
06998748	_similar_to	06873252
06998748	_member_meronym	09812338
06998748	_member_meronym	07003119
06998748	_member_meronym	06873252
06998748	_instance_hypernym	09812338
06998748	_instance_hypernym	07003119
06998748	_instance_hypernym	06873252
06998748	_has_part	09812338
06998748	_has_part	07003119
06998748	_has_part	06873252
06893885	_similar_to	06891493
06893885	_similar_to	01719302
06893885	_similar_to	01711445
06893885	_similar_to	00796047
06893885	_member_meronym	06891493
06893885	_member_meronym	01719302
06893885	_member_meronym	01711445
06893885	_member_meronym	00796047
06893885	_instance_hypernym	06891493
06893885	_instance_hypernym	01719302
06893885	_instance_hypernym	01711445
06893885	_instance_hypernym	00796047
06893885	_has_part	06891493
06893885	_has_part	01719302
06893885	_has_part	01711445
06893885	_has_part	00796047
06891493	_similar_to	06893885
06891493	_member_meronym	06893885
06891493	_instance_hypernym	06893885
06891493	_has_part	06893885
06873252	_similar_to	06998748
06873252	_member_meronym	06998748
06873252	_instance_hypernym	06998748
06873252	_has_part	06998748
06817782	_similar_to	01004062
06817782	_member_meronym	01004062
06817782	_instance_hypernym	01004062
06817782	_has_part	01004062
06806469	_similar_to	07270179
06806469	_similar_to	06791372
06806469	_similar_to	02806907
06806469	_member_meronym	07270179
06806469	_member_meronym	06791372
06806469	_member_meronym	02806907
06806469	_instance_hypernym	07270179
06806469	_instance_hypernym	06791372
06806469	_instance_hypernym	02806907
06806469	_has_part	07270179
06806469	_has_part	06791372
06806469	_has_part	02806907
06799897	_similar_to	06798750
06799897	_similar_to	01582645
06799897	_similar_to	01276361
06799897	_member_meronym	06798750
06799897	_member_meronym	01582645
06799897	_member_meronym	01276361
06799897	_instance_hypernym	06798750
06799897	_instance_hypernym	01582645
06799897	_instance_hypernym	01276361
06799897	_has_part	06798750
06799897	_has_part	01582645
06799897	_has_part	01276361
06798750	_similar_to	06799897
06798750	_similar_to	01275762
06798750	_similar_to	00921738
06798750	_similar_to	00508032
06798750	_member_meronym	06799897
06798750	_member_meronym	01275762
06798750	_member_meronym	00921738
06798750	_member_meronym	00508032
06798750	_instance_hypernym	06799897
06798750	_instance_hypernym	01275762
06798750	_instance_hypernym	00921738
06798750	_instance_hypernym	00508032
06798750	_has_part	06799897
06798750	_has_part	01275762
06798750	_has_part	00921738
06798750	_has_part	00508032
06791372	_similar_to	06806469
06791372	_similar_to	02296984
06791372	_similar_to	01039330
06791372	_similar_to	00924612
06791372	_similar_to	00922438
06791372	_similar_to	00867231
06791372	_member_meronym	06806469
06791372	_member_meronym	02296984
06791372	_member_meronym	01039330
06791372	_member_meronym	00924612
06791372	_member_meronym	00922438
06791372	_member_meronym	00867231
06791372	_instance_hypernym	06806469
06791372	_instance_hypernym	02296984
06791372	_instance_hypernym	01039330
06791372	_instance_hypernym	00924612
06791372	_instance_hypernym	00922438
06791372	_instance_hypernym	00867231
06791372	_has_part	06806469
06791372	_has_part	02296984
06791372	_has_part	01039330
06791372	_has_part	00924612
06791372	_has_part	00922438
06791372	_has_part	00867231
06773976	_similar_to	06773434
06773976	_similar_to	01647867
06773976	_member_meronym	06773434
06773976	_member_meronym	01647867
06773976	_instance_hypernym	06773434
06773976	_instance_hypernym	01647867
06773976	_has_part	06773434
06773976	_has_part	01647867
06773434	_similar_to	06773976
06773434	_member_meronym	06773976
06773434	_instance_hypernym	06773976
06773434	_has_part	06773976
06709533	_similar_to	07253637
06709533	_member_meronym	07253637
06709533	_instance_hypernym	07253637
06709533	_has_part	07253637
06661562	_similar_to	02538765
06661562	_member_meronym	02538765
06661562	_instance_hypernym	02538765
06661562	_has_part	02538765
06526291	_similar_to	10402417
06526291	_similar_to	09935434
06526291	_similar_to	06520944
06526291	_member_meronym	10402417
06526291	_member_meronym	09935434
06526291	_member_meronym	06520944
06526291	_instance_hypernym	10402417
06526291	_instance_hypernym	09935434
06526291	_instance_hypernym	06520944
06526291	_has_part	10402417
06526291	_has_part	09935434
06526291	_has_part	06520944
06520944	_similar_to	06526291
06520944	_member_meronym	06526291
06520944	_instance_hypernym	06526291
06520944	_has_part	06526291
06473381	_similar_to	00187526
06473381	_member_meronym	00187526
06473381	_instance_hypernym	00187526
06473381	_has_part	00187526
06157326	_similar_to	06153846
06157326	_similar_to	01719302
06157326	_similar_to	01711445
06157326	_member_meronym	06153846
06157326	_member_meronym	01719302
06157326	_member_meronym	01711445
06157326	_instance_hypernym	06153846
06157326	_instance_hypernym	01719302
06157326	_instance_hypernym	01711445
06157326	_has_part	06153846
06157326	_has_part	01719302
06157326	_has_part	01711445
06153846	_similar_to	06157326
06153846	_member_meronym	06157326
06153846	_instance_hypernym	06157326
06153846	_has_part	06157326
06149484	_similar_to	00913705
06149484	_member_meronym	00913705
06149484	_instance_hypernym	00913705
06149484	_has_part	00913705
06099269	_similar_to	03669886
06099269	_member_meronym	03669886
06099269	_instance_hypernym	03669886
06099269	_has_part	03669886
06084469	_similar_to	14479615
06084469	_member_meronym	14479615
06084469	_instance_hypernym	14479615
06084469	_has_part	14479615
06063588	_similar_to	01169194
06063588	_similar_to	00671351
06063588	_similar_to	00083334
06063588	_member_meronym	01169194
06063588	_member_meronym	00671351
06063588	_member_meronym	00083334
06063588	_instance_hypernym	01169194
06063588	_instance_hypernym	00671351
06063588	_instance_hypernym	00083334
06063588	_has_part	01169194
06063588	_has_part	00671351
06063588	_has_part	00083334
06043075	_similar_to	03430091
06043075	_similar_to	00612160
06043075	_similar_to	00084230
06043075	_member_meronym	03430091
06043075	_member_meronym	00612160
06043075	_member_meronym	00084230
06043075	_instance_hypernym	03430091
06043075	_instance_hypernym	00612160
06043075	_instance_hypernym	00084230
06043075	_has_part	03430091
06043075	_has_part	00612160
06043075	_has_part	00084230
06022291	_similar_to	06018465
06022291	_similar_to	02661252
06022291	_member_meronym	06018465
06022291	_member_meronym	02661252
06022291	_instance_hypernym	06018465
06022291	_instance_hypernym	02661252
06022291	_has_part	06018465
06022291	_has_part	02661252
06018465	_similar_to	06022291
06018465	_member_meronym	06022291
06018465	_instance_hypernym	06022291
06018465	_has_part	06022291
06004685	_similar_to	06003682
06004685	_similar_to	06000644
06004685	_similar_to	01583656
06004685	_member_meronym	06003682
06004685	_member_meronym	06000644
06004685	_member_meronym	01583656
06004685	_instance_hypernym	06003682
06004685	_instance_hypernym	06000644
06004685	_instance_hypernym	01583656
06004685	_has_part	06003682
06004685	_has_part	06000644
06004685	_has_part	01583656
06003682	_similar_to	06004685
06003682	_member_meronym	06004685
06003682	_instance_hypernym	06004685
06003682	_has_part	06004685
06000644	_similar_to	10301261
06000644	_similar_to	06004685
06000644	_member_meronym	10301261
06000644	_member_meronym	06004685
06000644	_instance_hypernym	10301261
06000644	_instance_hypernym	06004685
06000644	_has_part	10301261
06000644	_has_part	06004685
05981230	_similar_to	05980875
05981230	_similar_to	01150559
05981230	_member_meronym	05980875
05981230	_member_meronym	01150559
05981230	_instance_hypernym	05980875
05981230	_instance_hypernym	01150559
05981230	_has_part	05980875
05981230	_has_part	01150559
05980875	_similar_to	05981230
05980875	_member_meronym	05981230
05980875	_instance_hypernym	05981230
05980875	_has_part	05981230
05938795	_similar_to	05925366
05938795	_similar_to	01743784
05938795	_member_meronym	05925366
05938795	_member_meronym	01743784
05938795	_instance_hypernym	05925366
05938795	_instance_hypernym	01743784
05938795	_has_part	05925366
05938795	_has_part	01743784
05937112	_similar_to	02723733
05937112	_similar_to	01743784
05937112	_similar_to	01021128
05937112	_member_meronym	02723733
05937112	_member_meronym	01743784
05937112	_member_meronym	01021128
05937112	_instance_hypernym	02723733
05937112	_instance_hypernym	01743784
05937112	_instance_hypernym	01021128
05937112	_has_part	02723733
05937112	_has_part	01743784
05937112	_has_part	01021128
05925366	_similar_to	05938795
05925366	_similar_to	01021128
05925366	_member_meronym	05938795
05925366	_member_meronym	01021128
05925366	_instance_hypernym	05938795
05925366	_instance_hypernym	01021128
05925366	_has_part	05938795
05925366	_has_part	01021128
05902327	_similar_to	01683582
05902327	_member_meronym	01683582
05902327	_instance_hypernym	01683582
05902327	_has_part	01683582
05890249	_similar_to	01743784
05890249	_similar_to	01722980
05890249	_member_meronym	01743784
05890249	_member_meronym	01722980
05890249	_instance_hypernym	01743784
05890249	_instance_hypernym	01722980
05890249	_has_part	01743784
05890249	_has_part	01722980
05849789	_similar_to	05849040
05849789	_similar_to	02630189
05849789	_member_meronym	05849040
05849789	_member_meronym	02630189
05849789	_instance_hypernym	05849040
05849789	_instance_hypernym	02630189
05849789	_has_part	05849040
05849789	_has_part	02630189
05849040	_similar_to	05849789
05849040	_member_meronym	05849789
05849040	_instance_hypernym	05849789
05849040	_has_part	05849789
05846355	_similar_to	00235368
05846355	_similar_to	00233335
05846355	_member_meronym	00235368
05846355	_member_meronym	00233335
05846355	_instance_hypernym	00235368
05846355	_instance_hypernym	00233335
05846355	_has_part	00235368
05846355	_has_part	00233335
05844105	_similar_to	01687569
05844105	_similar_to	01666894
05844105	_member_meronym	01687569
05844105	_member_meronym	01666894
05844105	_instance_hypernym	01687569
05844105	_instance_hypernym	01666894
05844105	_has_part	01687569
05844105	_has_part	01666894
05765415	_similar_to	02806907
05765415	_member_meronym	02806907
05765415	_instance_hypernym	02806907
05765415	_has_part	02806907
05755486	_similar_to	00482893
05755486	_similar_to	00299580
05755486	_member_meronym	00482893
05755486	_member_meronym	00299580
05755486	_instance_hypernym	00482893
05755486	_instance_hypernym	00299580
05755486	_has_part	00482893
05755486	_has_part	00299580
05750657	_similar_to	05750163
05750657	_similar_to	01666894
05750657	_similar_to	01666717
05750657	_member_meronym	05750163
05750657	_member_meronym	01666894
05750657	_member_meronym	01666717
05750657	_instance_hypernym	05750163
05750657	_instance_hypernym	01666894
05750657	_instance_hypernym	01666717
05750657	_has_part	05750163
05750657	_has_part	01666894
05750657	_has_part	01666717
05750163	_similar_to	10155849
05750163	_similar_to	05750657
05750163	_similar_to	05749619
05750163	_similar_to	01687569
05750163	_member_meronym	10155849
05750163	_member_meronym	05750657
05750163	_member_meronym	05749619
05750163	_member_meronym	01687569
05750163	_instance_hypernym	10155849
05750163	_instance_hypernym	05750657
05750163	_instance_hypernym	05749619
05750163	_instance_hypernym	01687569
05750163	_has_part	10155849
05750163	_has_part	05750657
05750163	_has_part	05749619
05750163	_has_part	01687569
05749619	_similar_to	05750163
05749619	_similar_to	05748054
05749619	_similar_to	02868326
05749619	_member_meronym	05750163
05749619	_member_meronym	05748054
05749619	_member_meronym	02868326
05749619	_instance_hypernym	05750163
05749619	_instance_hypernym	05748054
05749619	_instance_hypernym	02868326
05749619	_has_part	05750163
05749619	_has_part	05748054
05749619	_has_part	02868326
05748786	_similar_to	05748285
05748786	_similar_to	00730499
05748786	_similar_to	00661213
05748786	_member_meronym	05748285
05748786	_member_meronym	00730499
05748786	_member_meronym	00661213
05748786	_instance_hypernym	05748285
05748786	_instance_hypernym	00730499
05748786	_instance_hypernym	00661213
05748786	_has_part	05748285
05748786	_has_part	00730499
05748786	_has_part	00661213
05748285	_similar_to	05748786
05748285	_similar_to	00651991
05748285	_similar_to	00650353
05748285	_similar_to	00119074
05748285	_member_meronym	05748786
05748285	_member_meronym	00651991
05748285	_member_meronym	00650353
05748285	_member_meronym	00119074
05748285	_instance_hypernym	05748786
05748285	_instance_hypernym	00651991
05748285	_instance_hypernym	00650353
05748285	_instance_hypernym	00119074
05748285	_has_part	05748786
05748285	_has_part	00651991
05748285	_has_part	00650353
05748285	_has_part	00119074
05748054	_similar_to	05749619
05748054	_similar_to	00650016
05748054	_member_meronym	05749619
05748054	_member_meronym	00650016
05748054	_instance_hypernym	05749619
05748054	_instance_hypernym	00650016
05748054	_has_part	05749619
05748054	_has_part	00650016
05728678	_similar_to	00709625
05728678	_member_meronym	00709625
05728678	_instance_hypernym	00709625
05728678	_has_part	00709625
05696020	_similar_to	00456740
05696020	_similar_to	00456596
05696020	_member_meronym	00456740
05696020	_member_meronym	00456596
05696020	_instance_hypernym	00456740
05696020	_instance_hypernym	00456596
05696020	_has_part	00456740
05696020	_has_part	00456596
05641959	_similar_to	05640433
05641959	_similar_to	02510337
05641959	_similar_to	00597634
05641959	_similar_to	00597385
05641959	_member_meronym	05640433
05641959	_member_meronym	02510337
05641959	_member_meronym	00597634
05641959	_member_meronym	00597385
05641959	_instance_hypernym	05640433
05641959	_instance_hypernym	02510337
05641959	_instance_hypernym	00597634
05641959	_instance_hypernym	00597385
05641959	_has_part	05640433
05641959	_has_part	02510337
05641959	_has_part	00597634
05641959	_has_part	00597385
05640433	_similar_to	05641959
05640433	_member_meronym	05641959
05640433	_instance_hypernym	05641959
05640433	_has_part	05641959
05638987	_similar_to	09812338
05638987	_member_meronym	09812338
05638987	_instance_hypernym	09812338
05638987	_has_part	09812338
05635624	_similar_to	01087197
05635624	_member_meronym	01087197
05635624	_instance_hypernym	01087197
05635624	_has_part	01087197
05257737	_similar_to	05256862
05257737	_member_meronym	05256862
05257737	_instance_hypernym	05256862
05257737	_has_part	05256862
05256862	_similar_to	10155849
05256862	_similar_to	05257737
05256862	_similar_to	04055030
05256862	_similar_to	00038849
05256862	_member_meronym	10155849
05256862	_member_meronym	05257737
05256862	_member_meronym	04055030
05256862	_member_meronym	00038849
05256862	_instance_hypernym	10155849
05256862	_instance_hypernym	05257737
05256862	_instance_hypernym	04055030
05256862	_instance_hypernym	00038849
05256862	_has_part	10155849
05256862	_has_part	05257737
05256862	_has_part	04055030
05256862	_has_part	00038849
05198036	_similar_to	10388440
05198036	_similar_to	05196582
05198036	_member_meronym	10388440
05198036	_member_meronym	05196582
05198036	_instance_hypernym	10388440
05198036	_instance_hypernym	05196582
05198036	_has_part	10388440
05198036	_has_part	05196582
05197797	_similar_to	05196582
05197797	_similar_to	02441022
05197797	_similar_to	00751887
05197797	_member_meronym	05196582
05197797	_member_meronym	02441022
05197797	_member_meronym	00751887
05197797	_instance_hypernym	05196582
05197797	_instance_hypernym	02441022
05197797	_instance_hypernym	00751887
05197797	_has_part	05196582
05197797	_has_part	02441022
05197797	_has_part	00751887
05196582	_similar_to	05198036
05196582	_similar_to	05197797
05196582	_similar_to	05196375
05196582	_similar_to	02539334
05196582	_member_meronym	05198036
05196582	_member_meronym	05197797
05196582	_member_meronym	05196375
05196582	_member_meronym	02539334
05196582	_instance_hypernym	05198036
05196582	_instance_hypernym	05197797
05196582	_instance_hypernym	05196375
05196582	_instance_hypernym	02539334
05196582	_has_part	05198036
05196582	_has_part	05197797
05196582	_has_part	05196375
05196582	_has_part	02539334
05196375	_similar_to	05196582
05196375	_similar_to	02441022
05196375	_member_meronym	05196582
05196375	_member_meronym	02441022
05196375	_instance_hypernym	05196582
05196375	_instance_hypernym	02441022
05196375	_has_part	05196582
05196375	_has_part	02441022
05162455	_similar_to	05161614
05162455	_similar_to	00235368
05162455	_similar_to	00233335
05162455	_member_meronym	05161614
05162455	_member_meronym	00235368
05162455	_member_meronym	00233335
05162455	_instance_hypernym	05161614
05162455	_instance_hypernym	00235368
05162455	_instance_hypernym	00233335
05162455	_has_part	05161614
05162455	_has_part	00235368
05162455	_has_part	00233335
05161614	_similar_to	05162455
05161614	_similar_to	02513460
05161614	_member_meronym	05162455
05161614	_member_meronym	02513460
05161614	_instance_hypernym	05162455
05161614	_instance_hypernym	02513460
05161614	_has_part	05162455
05161614	_has_part	02513460
05117660	_similar_to	05093890
05117660	_similar_to	02510337
05117660	_similar_to	01531375
05117660	_similar_to	00933566
05117660	_member_meronym	05093890
05117660	_member_meronym	02510337
05117660	_member_meronym	01531375
05117660	_member_meronym	00933566
05117660	_instance_hypernym	05093890
05117660	_instance_hypernym	02510337
05117660	_instance_hypernym	01531375
05117660	_instance_hypernym	00933566
05117660	_has_part	05093890
05117660	_has_part	02510337
05117660	_has_part	01531375
05117660	_has_part	00933566
05111835	_similar_to	05109808
05111835	_similar_to	00432683
05111835	_similar_to	00151689
05111835	_member_meronym	05109808
05111835	_member_meronym	00432683
05111835	_member_meronym	00151689
05111835	_instance_hypernym	05109808
05111835	_instance_hypernym	00432683
05111835	_instance_hypernym	00151689
05111835	_has_part	05109808
05111835	_has_part	00432683
05111835	_has_part	00151689
05109808	_similar_to	05111835
05109808	_similar_to	05107765
05109808	_similar_to	00151689
05109808	_member_meronym	05111835
05109808	_member_meronym	05107765
05109808	_member_meronym	00151689
05109808	_instance_hypernym	05111835
05109808	_instance_hypernym	05107765
05109808	_instance_hypernym	00151689
05109808	_has_part	05111835
05109808	_has_part	05107765
05109808	_has_part	00151689
05107765	_similar_to	05109808
05107765	_similar_to	05090441
05107765	_member_meronym	05109808
05107765	_member_meronym	05090441
05107765	_instance_hypernym	05109808
05107765	_instance_hypernym	05090441
05107765	_has_part	05109808
05107765	_has_part	05090441
05093890	_similar_to	05117660
05093890	_similar_to	04916342
05093890	_member_meronym	05117660
05093890	_member_meronym	04916342
05093890	_instance_hypernym	05117660
05093890	_instance_hypernym	04916342
05093890	_has_part	05117660
05093890	_has_part	04916342
05090441	_similar_to	05107765
05090441	_similar_to	04916342
05090441	_member_meronym	05107765
05090441	_member_meronym	04916342
05090441	_instance_hypernym	05107765
05090441	_instance_hypernym	04916342
05090441	_has_part	05107765
05090441	_has_part	04916342
05085572	_similar_to	05084201
05085572	_similar_to	00444519
05085572	_member_meronym	05084201
05085572	_member_meronym	00444519
05085572	_instance_hypernym	05084201
05085572	_instance_hypernym	00444519
05085572	_has_part	05084201
05085572	_has_part	00444519
05084201	_similar_to	05085572
05084201	_member_meronym	05085572
05084201	_instance_hypernym	05085572
05084201	_has_part	05085572
05075602	_similar_to	05074774
05075602	_similar_to	02695895
05075602	_similar_to	02333689
05075602	_similar_to	01711749
05075602	_member_meronym	05074774
05075602	_member_meronym	02695895
05075602	_member_meronym	02333689
05075602	_member_meronym	01711749
05075602	_instance_hypernym	05074774
05075602	_instance_hypernym	02695895
05075602	_instance_hypernym	02333689
05075602	_instance_hypernym	01711749
05075602	_has_part	05074774
05075602	_has_part	02695895
05075602	_has_part	02333689
05075602	_has_part	01711749
05074774	_similar_to	05075602
05074774	_similar_to	01987160
05074774	_member_meronym	05075602
05074774	_member_meronym	01987160
05074774	_instance_hypernym	05075602
05074774	_instance_hypernym	01987160
05074774	_has_part	05075602
05074774	_has_part	01987160
04930307	_similar_to	04928903
04930307	_similar_to	02659763
04930307	_similar_to	00300537
04930307	_member_meronym	04928903
04930307	_member_meronym	02659763
04930307	_member_meronym	00300537
04930307	_instance_hypernym	04928903
04930307	_instance_hypernym	02659763
04930307	_instance_hypernym	00300537
04930307	_has_part	04928903
04930307	_has_part	02659763
04930307	_has_part	00300537
04928903	_similar_to	10155849
04928903	_similar_to	04930307
04928903	_similar_to	04916342
04928903	_similar_to	01687569
04928903	_member_meronym	10155849
04928903	_member_meronym	04930307
04928903	_member_meronym	04916342
04928903	_member_meronym	01687569
04928903	_instance_hypernym	10155849
04928903	_instance_hypernym	04930307
04928903	_instance_hypernym	04916342
04928903	_instance_hypernym	01687569
04928903	_has_part	10155849
04928903	_has_part	04930307
04928903	_has_part	04916342
04928903	_has_part	01687569
04916342	_similar_to	05093890
04916342	_similar_to	05090441
04916342	_similar_to	04928903
04916342	_member_meronym	05093890
04916342	_member_meronym	05090441
04916342	_member_meronym	04928903
04916342	_instance_hypernym	05093890
04916342	_instance_hypernym	05090441
04916342	_instance_hypernym	04928903
04916342	_has_part	05093890
04916342	_has_part	05090441
04916342	_has_part	04928903
04910973	_similar_to	04910135
04910973	_similar_to	01508719
04910973	_member_meronym	04910135
04910973	_member_meronym	01508719
04910973	_instance_hypernym	04910135
04910973	_instance_hypernym	01508719
04910973	_has_part	04910135
04910973	_has_part	01508719
04910135	_similar_to	04910973
04910135	_member_meronym	04910973
04910135	_instance_hypernym	04910973
04910135	_has_part	04910973
04906273	_similar_to	02542795
04906273	_similar_to	01612053
04906273	_member_meronym	02542795
04906273	_member_meronym	01612053
04906273	_instance_hypernym	02542795
04906273	_instance_hypernym	01612053
04906273	_has_part	02542795
04906273	_has_part	01612053
04906026	_similar_to	04905188
04906026	_similar_to	00619972
04906026	_member_meronym	04905188
04906026	_member_meronym	00619972
04906026	_instance_hypernym	04905188
04906026	_instance_hypernym	00619972
04906026	_has_part	04905188
04906026	_has_part	00619972
04905842	_similar_to	04905188
04905842	_member_meronym	04905188
04905842	_instance_hypernym	04905188
04905842	_has_part	04905188
04905188	_similar_to	04906026
04905188	_similar_to	04905842
04905188	_similar_to	02451113
04905188	_similar_to	01026262
04905188	_member_meronym	04906026
04905188	_member_meronym	04905842
04905188	_member_meronym	02451113
04905188	_member_meronym	01026262
04905188	_instance_hypernym	04906026
04905188	_instance_hypernym	04905842
04905188	_instance_hypernym	02451113
04905188	_instance_hypernym	01026262
04905188	_has_part	04906026
04905188	_has_part	04905842
04905188	_has_part	02451113
04905188	_has_part	01026262
04802776	_similar_to	04802629
04802776	_similar_to	02661252
04802776	_member_meronym	04802629
04802776	_member_meronym	02661252
04802776	_instance_hypernym	04802629
04802776	_instance_hypernym	02661252
04802776	_has_part	04802629
04802776	_has_part	02661252
04802629	_similar_to	04802776
04802629	_member_meronym	04802776
04802629	_instance_hypernym	04802776
04802629	_has_part	04802776
04777098	_similar_to	04776699
04777098	_similar_to	02095311
04777098	_similar_to	01340439
04777098	_similar_to	01059400
04777098	_member_meronym	04776699
04777098	_member_meronym	02095311
04777098	_member_meronym	01340439
04777098	_member_meronym	01059400
04777098	_instance_hypernym	04776699
04777098	_instance_hypernym	02095311
04777098	_instance_hypernym	01340439
04777098	_instance_hypernym	01059400
04777098	_has_part	04776699
04777098	_has_part	02095311
04777098	_has_part	01340439
04777098	_has_part	01059400
04776699	_similar_to	04777098
04776699	_member_meronym	04777098
04776699	_instance_hypernym	04777098
04776699	_has_part	04777098
04770911	_similar_to	01876907
04770911	_member_meronym	01876907
04770911	_instance_hypernym	01876907
04770911	_has_part	01876907
04750764	_similar_to	04750164
04750764	_similar_to	01410363
04750764	_member_meronym	04750164
04750764	_member_meronym	01410363
04750764	_instance_hypernym	04750164
04750764	_instance_hypernym	01410363
04750764	_has_part	04750164
04750764	_has_part	01410363
04750164	_similar_to	04750764
04750164	_similar_to	04748836
04750164	_similar_to	01410905
04750164	_similar_to	01410363
04750164	_member_meronym	04750764
04750164	_member_meronym	04748836
04750164	_member_meronym	01410905
04750164	_member_meronym	01410363
04750164	_instance_hypernym	04750764
04750164	_instance_hypernym	04748836
04750164	_instance_hypernym	01410905
04750164	_instance_hypernym	01410363
04750164	_has_part	04750764
04750164	_has_part	04748836
04750164	_has_part	01410905
04750164	_has_part	01410363
04748836	_similar_to	04750164
04748836	_similar_to	02666239
04748836	_similar_to	02064745
04748836	_similar_to	01410363
04748836	_similar_to	00651991
04748836	_similar_to	00650353
04748836	_similar_to	00119524
04748836	_similar_to	00119074
04748836	_member_meronym	04750164
04748836	_member_meronym	02666239
04748836	_member_meronym	02064745
04748836	_member_meronym	01410363
04748836	_member_meronym	00651991
04748836	_member_meronym	00650353
04748836	_member_meronym	00119524
04748836	_member_meronym	00119074
04748836	_instance_hypernym	04750164
04748836	_instance_hypernym	02666239
04748836	_instance_hypernym	02064745
04748836	_instance_hypernym	01410363
04748836	_instance_hypernym	00651991
04748836	_instance_hypernym	00650353
04748836	_instance_hypernym	00119524
04748836	_instance_hypernym	00119074
04748836	_has_part	04750164
04748836	_has_part	02666239
04748836	_has_part	02064745
04748836	_has_part	01410363
04748836	_has_part	00651991
04748836	_has_part	00650353
04748836	_has_part	00119524
04748836	_has_part	00119074
04731497	_similar_to	04714440
04731497	_similar_to	04712735
04731497	_member_meronym	04714440
04731497	_member_meronym	04712735
04731497	_instance_hypernym	04714440
04731497	_instance_hypernym	04712735
04731497	_has_part	04714440
04731497	_has_part	04712735
04714440	_similar_to	04731497
04714440	_similar_to	00508192
04714440	_member_meronym	04731497
04714440	_member_meronym	00508192
04714440	_instance_hypernym	04731497
04714440	_instance_hypernym	00508192
04714440	_has_part	04731497
04714440	_has_part	00508192
04713428	_similar_to	04712735
04713428	_similar_to	02657219
04713428	_member_meronym	04712735
04713428	_member_meronym	02657219
04713428	_instance_hypernym	04712735
04713428	_instance_hypernym	02657219
04713428	_has_part	04712735
04713428	_has_part	02657219
04713332	_similar_to	04712735
04713332	_similar_to	02700104
04713332	_member_meronym	04712735
04713332	_member_meronym	02700104
04713332	_instance_hypernym	04712735
04713332	_instance_hypernym	02700104
04713332	_has_part	04712735
04713332	_has_part	02700104
04713118	_similar_to	04712735
04713118	_similar_to	02700104
04713118	_member_meronym	04712735
04713118	_member_meronym	02700104
04713118	_instance_hypernym	04712735
04713118	_instance_hypernym	02700104
04713118	_has_part	04712735
04713118	_has_part	02700104
04712735	_similar_to	04731497
04712735	_similar_to	04713428
04712735	_similar_to	04713332
04712735	_similar_to	04713118
04712735	_member_meronym	04731497
04712735	_member_meronym	04713428
04712735	_member_meronym	04713332
04712735	_member_meronym	04713118
04712735	_instance_hypernym	04731497
04712735	_instance_hypernym	04713428
04712735	_instance_hypernym	04713332
04712735	_instance_hypernym	04713118
04712735	_has_part	04731497
04712735	_has_part	04713428
04712735	_has_part	04713332
04712735	_has_part	04713118
04681387	_similar_to	01275762
04681387	_similar_to	01004062
04681387	_member_meronym	01275762
04681387	_member_meronym	01004062
04681387	_instance_hypernym	01275762
04681387	_instance_hypernym	01004062
04681387	_has_part	01275762
04681387	_has_part	01004062
04659287	_similar_to	04659090
04659287	_similar_to	01026262
04659287	_member_meronym	04659090
04659287	_member_meronym	01026262
04659287	_instance_hypernym	04659090
04659287	_instance_hypernym	01026262
04659287	_has_part	04659090
04659287	_has_part	01026262
04659090	_similar_to	04659287
04659090	_similar_to	01027263
04659090	_member_meronym	04659287
04659090	_member_meronym	01027263
04659090	_instance_hypernym	04659287
04659090	_instance_hypernym	01027263
04659090	_has_part	04659287
04659090	_has_part	01027263
04644512	_similar_to	04623612
04644512	_similar_to	02564986
04644512	_member_meronym	04623612
04644512	_member_meronym	02564986
04644512	_instance_hypernym	04623612
04644512	_instance_hypernym	02564986
04644512	_has_part	04623612
04644512	_has_part	02564986
04641153	_similar_to	04640927
04641153	_similar_to	02542280
04641153	_similar_to	00696518
04641153	_member_meronym	04640927
04641153	_member_meronym	02542280
04641153	_member_meronym	00696518
04641153	_instance_hypernym	04640927
04641153	_instance_hypernym	02542280
04641153	_instance_hypernym	00696518
04641153	_has_part	04640927
04641153	_has_part	02542280
04641153	_has_part	00696518
04640927	_similar_to	04641153
04640927	_similar_to	04623612
04640927	_member_meronym	04641153
04640927	_member_meronym	04623612
04640927	_instance_hypernym	04641153
04640927	_instance_hypernym	04623612
04640927	_has_part	04641153
04640927	_has_part	04623612
04639113	_similar_to	04623612
04639113	_similar_to	02003725
04639113	_member_meronym	04623612
04639113	_member_meronym	02003725
04639113	_instance_hypernym	04623612
04639113	_instance_hypernym	02003725
04639113	_has_part	04623612
04639113	_has_part	02003725
04631298	_similar_to	04623612
04631298	_similar_to	00364479
04631298	_member_meronym	04623612
04631298	_member_meronym	00364479
04631298	_instance_hypernym	04623612
04631298	_instance_hypernym	00364479
04631298	_has_part	04623612
04631298	_has_part	00364479
04630689	_similar_to	04623612
04630689	_similar_to	00859325
04630689	_similar_to	00859153
04630689	_similar_to	00362467
04630689	_member_meronym	04623612
04630689	_member_meronym	00859325
04630689	_member_meronym	00859153
04630689	_member_meronym	00362467
04630689	_instance_hypernym	04623612
04630689	_instance_hypernym	00859325
04630689	_instance_hypernym	00859153
04630689	_instance_hypernym	00362467
04630689	_has_part	04623612
04630689	_has_part	00859325
04630689	_has_part	00859153
04630689	_has_part	00362467
04623612	_similar_to	04644512
04623612	_similar_to	04640927
04623612	_similar_to	04639113
04623612	_similar_to	04631298
04623612	_similar_to	04630689
04623612	_member_meronym	04644512
04623612	_member_meronym	04640927
04623612	_member_meronym	04639113
04623612	_member_meronym	04631298
04623612	_member_meronym	04630689
04623612	_instance_hypernym	04644512
04623612	_instance_hypernym	04640927
04623612	_instance_hypernym	04639113
04623612	_instance_hypernym	04631298
04623612	_instance_hypernym	04630689
04623612	_has_part	04644512
04623612	_has_part	04640927
04623612	_has_part	04639113
04623612	_has_part	04631298
04623612	_has_part	04630689
04613158	_similar_to	03091374
04613158	_similar_to	01492052
04613158	_similar_to	01292885
04613158	_member_meronym	03091374
04613158	_member_meronym	01492052
04613158	_member_meronym	01292885
04613158	_instance_hypernym	03091374
04613158	_instance_hypernym	01492052
04613158	_instance_hypernym	01292885
04613158	_has_part	03091374
04613158	_has_part	01492052
04613158	_has_part	01292885
04612840	_similar_to	04295081
04612840	_similar_to	01492052
04612840	_member_meronym	04295081
04612840	_member_meronym	01492052
04612840	_instance_hypernym	04295081
04612840	_instance_hypernym	01492052
04612840	_has_part	04295081
04612840	_has_part	01492052
04608567	_similar_to	03722007
04608567	_similar_to	03563967
04608567	_member_meronym	03722007
04608567	_member_meronym	03563967
04608567	_instance_hypernym	03722007
04608567	_instance_hypernym	03563967
04608567	_has_part	03722007
04608567	_has_part	03563967
04605726	_similar_to	01580467
04605726	_similar_to	01283208
04605726	_member_meronym	01580467
04605726	_member_meronym	01283208
04605726	_instance_hypernym	01580467
04605726	_instance_hypernym	01283208
04605726	_has_part	01580467
04605726	_has_part	01283208
04602044	_similar_to	03322099
04602044	_member_meronym	03322099
04602044	_instance_hypernym	03322099
04602044	_has_part	03322099
04596852	_similar_to	03817647
04596852	_similar_to	03051540
04596852	_member_meronym	03817647
04596852	_member_meronym	03051540
04596852	_instance_hypernym	03817647
04596852	_instance_hypernym	03051540
04596852	_has_part	03817647
04596852	_has_part	03051540
04565375	_similar_to	03574816
04565375	_similar_to	01087197
04565375	_member_meronym	03574816
04565375	_member_meronym	01087197
04565375	_instance_hypernym	03574816
04565375	_instance_hypernym	01087197
04565375	_has_part	03574816
04565375	_has_part	01087197
04550426	_similar_to	03051540
04550426	_member_meronym	03051540
04550426	_instance_hypernym	03051540
04550426	_has_part	03051540
04547592	_similar_to	01130607
04547592	_member_meronym	01130607
04547592	_instance_hypernym	01130607
04547592	_has_part	01130607
04463273	_similar_to	01582645
04463273	_member_meronym	01582645
04463273	_instance_hypernym	01582645
04463273	_has_part	01582645
04433185	_similar_to	03106110
04433185	_similar_to	01285440
04433185	_member_meronym	03106110
04433185	_member_meronym	01285440
04433185	_instance_hypernym	03106110
04433185	_instance_hypernym	01285440
04433185	_has_part	03106110
04433185	_has_part	01285440
04377057	_similar_to	03778600
04377057	_similar_to	03533486
04377057	_member_meronym	03778600
04377057	_member_meronym	03533486
04377057	_instance_hypernym	03778600
04377057	_instance_hypernym	03533486
04377057	_has_part	03778600
04377057	_has_part	03533486
04369025	_similar_to	02785648
04369025	_similar_to	01283208
04369025	_member_meronym	02785648
04369025	_member_meronym	01283208
04369025	_instance_hypernym	02785648
04369025	_instance_hypernym	01283208
04369025	_has_part	02785648
04369025	_has_part	01283208
04361641	_similar_to	00462092
04361641	_member_meronym	00462092
04361641	_instance_hypernym	00462092
04361641	_has_part	00462092
04321238	_similar_to	04179385
04321238	_similar_to	01329239
04321238	_member_meronym	04179385
04321238	_member_meronym	01329239
04321238	_instance_hypernym	04179385
04321238	_instance_hypernym	01329239
04321238	_has_part	04179385
04321238	_has_part	01329239
04296562	_similar_to	03961939
04296562	_similar_to	01711445
04296562	_member_meronym	03961939
04296562	_member_meronym	01711445
04296562	_instance_hypernym	03961939
04296562	_instance_hypernym	01711445
04296562	_has_part	03961939
04296562	_has_part	01711445
04295081	_similar_to	04612840
04295081	_similar_to	03430959
04295081	_member_meronym	04612840
04295081	_member_meronym	03430959
04295081	_instance_hypernym	04612840
04295081	_instance_hypernym	03430959
04295081	_has_part	04612840
04295081	_has_part	03430959
04272054	_similar_to	03852280
04272054	_similar_to	03391301
04272054	_similar_to	02899439
04272054	_member_meronym	03852280
04272054	_member_meronym	03391301
04272054	_member_meronym	02899439
04272054	_instance_hypernym	03852280
04272054	_instance_hypernym	03391301
04272054	_instance_hypernym	02899439
04272054	_has_part	03852280
04272054	_has_part	03391301
04272054	_has_part	02899439
04181228	_similar_to	03330947
04181228	_similar_to	01288052
04181228	_similar_to	01085474
04181228	_similar_to	00236289
04181228	_similar_to	00233335
04181228	_member_meronym	03330947
04181228	_member_meronym	01288052
04181228	_member_meronym	01085474
04181228	_member_meronym	00236289
04181228	_member_meronym	00233335
04181228	_instance_hypernym	03330947
04181228	_instance_hypernym	01288052
04181228	_instance_hypernym	01085474
04181228	_instance_hypernym	00236289
04181228	_instance_hypernym	00233335
04181228	_has_part	03330947
04181228	_has_part	01288052
04181228	_has_part	01085474
04181228	_has_part	00236289
04181228	_has_part	00233335
04179385	_similar_to	04321238
04179385	_similar_to	03745285
04179385	_similar_to	01666327
04179385	_similar_to	01329239
04179385	_member_meronym	04321238
04179385	_member_meronym	03745285
04179385	_member_meronym	01666327
04179385	_member_meronym	01329239
04179385	_instance_hypernym	04321238
04179385	_instance_hypernym	03745285
04179385	_instance_hypernym	01666327
04179385	_instance_hypernym	01329239
04179385	_has_part	04321238
04179385	_has_part	03745285
04179385	_has_part	01666327
04179385	_has_part	01329239
04160372	_similar_to	10689564
04160372	_similar_to	03600977
04160372	_member_meronym	10689564
04160372	_member_meronym	03600977
04160372	_instance_hypernym	10689564
04160372	_instance_hypernym	03600977
04160372	_has_part	10689564
04160372	_has_part	03600977
04157320	_similar_to	03958097
04157320	_similar_to	03779621
04157320	_similar_to	01684337
04157320	_similar_to	01551871
04157320	_member_meronym	03958097
04157320	_member_meronym	03779621
04157320	_member_meronym	01684337
04157320	_member_meronym	01551871
04157320	_instance_hypernym	03958097
04157320	_instance_hypernym	03779621
04157320	_instance_hypernym	01684337
04157320	_instance_hypernym	01551871
04157320	_has_part	03958097
04157320	_has_part	03779621
04157320	_has_part	01684337
04157320	_has_part	01551871
04143712	_similar_to	01779165
04143712	_member_meronym	01779165
04143712	_instance_hypernym	01779165
04143712	_has_part	01779165
04110439	_similar_to	01987160
04110439	_member_meronym	01987160
04110439	_instance_hypernym	01987160
04110439	_has_part	01987160
04085873	_similar_to	03315644
04085873	_similar_to	01271658
04085873	_member_meronym	03315644
04085873	_member_meronym	01271658
04085873	_instance_hypernym	03315644
04085873	_instance_hypernym	01271658
04085873	_has_part	03315644
04085873	_has_part	01271658
04055030	_similar_to	05256862
04055030	_member_meronym	05256862
04055030	_instance_hypernym	05256862
04055030	_has_part	05256862
04051825	_similar_to	03385557
04051825	_similar_to	03282060
04051825	_similar_to	01130607
04051825	_similar_to	01128071
04051825	_member_meronym	03385557
04051825	_member_meronym	03282060
04051825	_member_meronym	01130607
04051825	_member_meronym	01128071
04051825	_instance_hypernym	03385557
04051825	_instance_hypernym	03282060
04051825	_instance_hypernym	01130607
04051825	_instance_hypernym	01128071
04051825	_has_part	03385557
04051825	_has_part	03282060
04051825	_has_part	01130607
04051825	_has_part	01128071
04033995	_similar_to	02820210
04033995	_similar_to	01667449
04033995	_similar_to	01667304
04033995	_similar_to	00082308
04033995	_member_meronym	02820210
04033995	_member_meronym	01667449
04033995	_member_meronym	01667304
04033995	_member_meronym	00082308
04033995	_instance_hypernym	02820210
04033995	_instance_hypernym	01667449
04033995	_instance_hypernym	01667304
04033995	_instance_hypernym	00082308
04033995	_has_part	02820210
04033995	_has_part	01667449
04033995	_has_part	01667304
04033995	_has_part	00082308
03961939	_similar_to	04296562
03961939	_member_meronym	04296562
03961939	_instance_hypernym	04296562
03961939	_has_part	04296562
03958097	_similar_to	04157320
03958097	_similar_to	02743547
03958097	_member_meronym	04157320
03958097	_member_meronym	02743547
03958097	_instance_hypernym	04157320
03958097	_instance_hypernym	02743547
03958097	_has_part	04157320
03958097	_has_part	02743547
03932670	_similar_to	03309808
03932670	_member_meronym	03309808
03932670	_instance_hypernym	03309808
03932670	_has_part	03309808
03932203	_similar_to	01656788
03932203	_similar_to	01590171
03932203	_similar_to	00261705
03932203	_member_meronym	01656788
03932203	_member_meronym	01590171
03932203	_member_meronym	00261705
03932203	_instance_hypernym	01656788
03932203	_instance_hypernym	01590171
03932203	_instance_hypernym	00261705
03932203	_has_part	01656788
03932203	_has_part	01590171
03932203	_has_part	00261705
03879854	_similar_to	00064095
03879854	_member_meronym	00064095
03879854	_instance_hypernym	00064095
03879854	_has_part	00064095
03878963	_similar_to	03385557
03878963	_similar_to	01130607
03878963	_member_meronym	03385557
03878963	_member_meronym	01130607
03878963	_instance_hypernym	03385557
03878963	_instance_hypernym	01130607
03878963	_has_part	03385557
03878963	_has_part	01130607
03852280	_similar_to	04272054
03852280	_similar_to	03574816
03852280	_member_meronym	04272054
03852280	_member_meronym	03574816
03852280	_instance_hypernym	04272054
03852280	_instance_hypernym	03574816
03852280	_has_part	04272054
03852280	_has_part	03574816
03817647	_similar_to	04596852
03817647	_similar_to	01283208
03817647	_member_meronym	04596852
03817647	_member_meronym	01283208
03817647	_instance_hypernym	04596852
03817647	_instance_hypernym	01283208
03817647	_has_part	04596852
03817647	_has_part	01283208
03792334	_similar_to	02799897
03792334	_similar_to	01660640
03792334	_member_meronym	02799897
03792334	_member_meronym	01660640
03792334	_instance_hypernym	02799897
03792334	_instance_hypernym	01660640
03792334	_has_part	02799897
03792334	_has_part	01660640
03792048	_similar_to	03282060
03792048	_similar_to	01660386
03792048	_member_meronym	03282060
03792048	_member_meronym	01660386
03792048	_instance_hypernym	03282060
03792048	_instance_hypernym	01660386
03792048	_has_part	03282060
03792048	_has_part	01660386
03779621	_similar_to	04157320
03779621	_similar_to	01697027
03779621	_similar_to	01662771
03779621	_member_meronym	04157320
03779621	_member_meronym	01697027
03779621	_member_meronym	01662771
03779621	_instance_hypernym	04157320
03779621	_instance_hypernym	01697027
03779621	_instance_hypernym	01662771
03779621	_has_part	04157320
03779621	_has_part	01697027
03779621	_has_part	01662771
03779370	_similar_to	01697027
03779370	_similar_to	01662771
03779370	_member_meronym	01697027
03779370	_member_meronym	01662771
03779370	_instance_hypernym	01697027
03779370	_instance_hypernym	01662771
03779370	_has_part	01697027
03779370	_has_part	01662771
03778600	_similar_to	04377057
03778600	_member_meronym	04377057
03778600	_instance_hypernym	04377057
03778600	_has_part	04377057
03777283	_similar_to	01743784
03777283	_similar_to	01697406
03777283	_similar_to	01697027
03777283	_member_meronym	01743784
03777283	_member_meronym	01697406
03777283	_member_meronym	01697027
03777283	_instance_hypernym	01743784
03777283	_instance_hypernym	01697406
03777283	_instance_hypernym	01697027
03777283	_has_part	01743784
03777283	_has_part	01697406
03777283	_has_part	01697027
03763727	_similar_to	03763403
03763727	_member_meronym	03763403
03763727	_instance_hypernym	03763403
03763727	_has_part	03763403
03763403	_similar_to	03763727
03763403	_similar_to	03420559
03763403	_member_meronym	03763727
03763403	_member_meronym	03420559
03763403	_instance_hypernym	03763727
03763403	_instance_hypernym	03420559
03763403	_has_part	03763727
03763403	_has_part	03420559
03745285	_similar_to	04179385
03745285	_similar_to	01590171
03745285	_similar_to	00262703
03745285	_member_meronym	04179385
03745285	_member_meronym	01590171
03745285	_member_meronym	00262703
03745285	_instance_hypernym	04179385
03745285	_instance_hypernym	01590171
03745285	_instance_hypernym	00262703
03745285	_has_part	04179385
03745285	_has_part	01590171
03745285	_has_part	00262703
03738241	_similar_to	03674440
03738241	_member_meronym	03674440
03738241	_instance_hypernym	03674440
03738241	_has_part	03674440
03728811	_similar_to	03257343
03728811	_similar_to	02657219
03728811	_similar_to	01292885
03728811	_member_meronym	03257343
03728811	_member_meronym	02657219
03728811	_member_meronym	01292885
03728811	_instance_hypernym	03257343
03728811	_instance_hypernym	02657219
03728811	_instance_hypernym	01292885
03728811	_has_part	03257343
03728811	_has_part	02657219
03728811	_has_part	01292885
03722007	_similar_to	04608567
03722007	_similar_to	01004062
03722007	_similar_to	00921738
03722007	_similar_to	00508032
03722007	_member_meronym	04608567
03722007	_member_meronym	01004062
03722007	_member_meronym	00921738
03722007	_member_meronym	00508032
03722007	_instance_hypernym	04608567
03722007	_instance_hypernym	01004062
03722007	_instance_hypernym	00921738
03722007	_instance_hypernym	00508032
03722007	_has_part	04608567
03722007	_has_part	01004062
03722007	_has_part	00921738
03722007	_has_part	00508032
03721797	_similar_to	00921738
03721797	_member_meronym	00921738
03721797	_instance_hypernym	00921738
03721797	_has_part	00921738
03674440	_similar_to	03738241
03674440	_similar_to	02622234
03674440	_member_meronym	03738241
03674440	_member_meronym	02622234
03674440	_instance_hypernym	03738241
03674440	_instance_hypernym	02622234
03674440	_has_part	03738241
03674440	_has_part	02622234
03673971	_similar_to	01354673
03673971	_similar_to	01285440
03673971	_member_meronym	01354673
03673971	_member_meronym	01285440
03673971	_instance_hypernym	01354673
03673971	_instance_hypernym	01285440
03673971	_has_part	01354673
03673971	_has_part	01285440
03670849	_similar_to	03106110
03670849	_similar_to	02845576
03670849	_member_meronym	03106110
03670849	_member_meronym	02845576
03670849	_instance_hypernym	03106110
03670849	_instance_hypernym	02845576
03670849	_has_part	03106110
03670849	_has_part	02845576
03669886	_similar_to	06099269
03669886	_similar_to	00233335
03669886	_member_meronym	06099269
03669886	_member_meronym	00233335
03669886	_instance_hypernym	06099269
03669886	_instance_hypernym	00233335
03669886	_has_part	06099269
03669886	_has_part	00233335
03605915	_similar_to	03600977
03605915	_similar_to	03091374
03605915	_member_meronym	03600977
03605915	_member_meronym	03091374
03605915	_instance_hypernym	03600977
03605915	_instance_hypernym	03091374
03605915	_has_part	03600977
03605915	_has_part	03091374
03600977	_similar_to	04160372
03600977	_similar_to	03605915
03600977	_similar_to	02660147
03600977	_member_meronym	04160372
03600977	_member_meronym	03605915
03600977	_member_meronym	02660147
03600977	_instance_hypernym	04160372
03600977	_instance_hypernym	03605915
03600977	_instance_hypernym	02660147
03600977	_has_part	04160372
03600977	_has_part	03605915
03600977	_has_part	02660147
03574816	_similar_to	04565375
03574816	_similar_to	03852280
03574816	_member_meronym	04565375
03574816	_member_meronym	03852280
03574816	_instance_hypernym	04565375
03574816	_instance_hypernym	03852280
03574816	_has_part	04565375
03574816	_has_part	03852280
03573282	_similar_to	01421622
03573282	_similar_to	00188466
03573282	_similar_to	00187526
03573282	_member_meronym	01421622
03573282	_member_meronym	00188466
03573282	_member_meronym	00187526
03573282	_instance_hypernym	01421622
03573282	_instance_hypernym	00188466
03573282	_instance_hypernym	00187526
03573282	_has_part	01421622
03573282	_has_part	00188466
03573282	_has_part	00187526
03563967	_similar_to	04608567
03563967	_member_meronym	04608567
03563967	_instance_hypernym	04608567
03563967	_has_part	04608567
03533486	_similar_to	04377057
03533486	_similar_to	01656788
03533486	_member_meronym	04377057
03533486	_member_meronym	01656788
03533486	_instance_hypernym	04377057
03533486	_instance_hypernym	01656788
03533486	_has_part	04377057
03533486	_has_part	01656788
03525252	_similar_to	01301410
03525252	_member_meronym	01301410
03525252	_instance_hypernym	01301410
03525252	_has_part	01301410
03513627	_similar_to	03309808
03513627	_similar_to	03264542
03513627	_member_meronym	03309808
03513627	_member_meronym	03264542
03513627	_instance_hypernym	03309808
03513627	_instance_hypernym	03264542
03513627	_has_part	03309808
03513627	_has_part	03264542
03496892	_similar_to	03322940
03496892	_similar_to	01320009
03496892	_member_meronym	03322940
03496892	_member_meronym	01320009
03496892	_instance_hypernym	03322940
03496892	_instance_hypernym	01320009
03496892	_has_part	03322940
03496892	_has_part	01320009
03430959	_similar_to	04295081
03430959	_member_meronym	04295081
03430959	_instance_hypernym	04295081
03430959	_has_part	04295081
03430091	_similar_to	06043075
03430091	_similar_to	02785648
03430091	_member_meronym	06043075
03430091	_member_meronym	02785648
03430091	_instance_hypernym	06043075
03430091	_instance_hypernym	02785648
03430091	_has_part	06043075
03430091	_has_part	02785648
03420559	_similar_to	03763403
03420559	_similar_to	02023992
03420559	_similar_to	01606205
03420559	_similar_to	01155421
03420559	_similar_to	01089137
03420559	_similar_to	01087197
03420559	_member_meronym	03763403
03420559	_member_meronym	02023992
03420559	_member_meronym	01606205
03420559	_member_meronym	01155421
03420559	_member_meronym	01089137
03420559	_member_meronym	01087197
03420559	_instance_hypernym	03763403
03420559	_instance_hypernym	02023992
03420559	_instance_hypernym	01606205
03420559	_instance_hypernym	01155421
03420559	_instance_hypernym	01089137
03420559	_instance_hypernym	01087197
03420559	_has_part	03763403
03420559	_has_part	02023992
03420559	_has_part	01606205
03420559	_has_part	01155421
03420559	_has_part	01089137
03420559	_has_part	01087197
03391301	_similar_to	04272054
03391301	_similar_to	01586850
03391301	_similar_to	00981276
03391301	_member_meronym	04272054
03391301	_member_meronym	01586850
03391301	_member_meronym	00981276
03391301	_instance_hypernym	04272054
03391301	_instance_hypernym	01586850
03391301	_instance_hypernym	00981276
03391301	_has_part	04272054
03391301	_has_part	01586850
03391301	_has_part	00981276
03390983	_similar_to	01586850
03390983	_member_meronym	01586850
03390983	_instance_hypernym	01586850
03390983	_has_part	01586850
03386011	_similar_to	03171356
03386011	_similar_to	02023992
03386011	_similar_to	01606205
03386011	_similar_to	01155421
03386011	_member_meronym	03171356
03386011	_member_meronym	02023992
03386011	_member_meronym	01606205
03386011	_member_meronym	01155421
03386011	_instance_hypernym	03171356
03386011	_instance_hypernym	02023992
03386011	_instance_hypernym	01606205
03386011	_instance_hypernym	01155421
03386011	_has_part	03171356
03386011	_has_part	02023992
03386011	_has_part	01606205
03386011	_has_part	01155421
03385557	_similar_to	04051825
03385557	_similar_to	03878963
03385557	_similar_to	03171356
03385557	_similar_to	01606205
03385557	_member_meronym	04051825
03385557	_member_meronym	03878963
03385557	_member_meronym	03171356
03385557	_member_meronym	01606205
03385557	_instance_hypernym	04051825
03385557	_instance_hypernym	03878963
03385557	_instance_hypernym	03171356
03385557	_instance_hypernym	01606205
03385557	_has_part	04051825
03385557	_has_part	03878963
03385557	_has_part	03171356
03385557	_has_part	01606205
03354613	_similar_to	01340439
03354613	_member_meronym	01340439
03354613	_instance_hypernym	01340439
03354613	_has_part	01340439
03330947	_similar_to	04181228
03330947	_similar_to	01288052
03330947	_member_meronym	04181228
03330947	_member_meronym	01288052
03330947	_instance_hypernym	04181228
03330947	_instance_hypernym	01288052
03330947	_has_part	04181228
03330947	_has_part	01288052
03327234	_similar_to	01588134
03327234	_similar_to	01130607
03327234	_member_meronym	01588134
03327234	_member_meronym	01130607
03327234	_instance_hypernym	01588134
03327234	_instance_hypernym	01130607
03327234	_has_part	01588134
03327234	_has_part	01130607
03322940	_similar_to	03496892
03322940	_similar_to	03146846
03322940	_member_meronym	03496892
03322940	_member_meronym	03146846
03322940	_instance_hypernym	03496892
03322940	_instance_hypernym	03146846
03322940	_has_part	03496892
03322940	_has_part	03146846
03322099	_similar_to	04602044
03322099	_similar_to	02420232
03322099	_similar_to	01739814
03322099	_member_meronym	04602044
03322099	_member_meronym	02420232
03322099	_member_meronym	01739814
03322099	_instance_hypernym	04602044
03322099	_instance_hypernym	02420232
03322099	_instance_hypernym	01739814
03322099	_has_part	04602044
03322099	_has_part	02420232
03322099	_has_part	01739814
03315644	_similar_to	04085873
03315644	_similar_to	01271189
03315644	_member_meronym	04085873
03315644	_member_meronym	01271189
03315644	_instance_hypernym	04085873
03315644	_instance_hypernym	01271189
03315644	_has_part	04085873
03315644	_has_part	01271189
03309808	_similar_to	03932670
03309808	_similar_to	03513627
03309808	_similar_to	03265479
03309808	_member_meronym	03932670
03309808	_member_meronym	03513627
03309808	_member_meronym	03265479
03309808	_instance_hypernym	03932670
03309808	_instance_hypernym	03513627
03309808	_instance_hypernym	03265479
03309808	_has_part	03932670
03309808	_has_part	03513627
03309808	_has_part	03265479
03285912	_similar_to	02711114
03285912	_similar_to	01580467
03285912	_member_meronym	02711114
03285912	_member_meronym	01580467
03285912	_instance_hypernym	02711114
03285912	_instance_hypernym	01580467
03285912	_has_part	02711114
03285912	_has_part	01580467
03282060	_similar_to	04051825
03282060	_similar_to	03792048
03282060	_member_meronym	04051825
03282060	_member_meronym	03792048
03282060	_instance_hypernym	04051825
03282060	_instance_hypernym	03792048
03282060	_has_part	04051825
03282060	_has_part	03792048
03265479	_similar_to	03309808
03265479	_similar_to	01466978
03265479	_member_meronym	03309808
03265479	_member_meronym	01466978
03265479	_instance_hypernym	03309808
03265479	_instance_hypernym	01466978
03265479	_has_part	03309808
03265479	_has_part	01466978
03264542	_similar_to	08592656
03264542	_similar_to	03513627
03264542	_similar_to	02875013
03264542	_member_meronym	08592656
03264542	_member_meronym	03513627
03264542	_member_meronym	02875013
03264542	_instance_hypernym	08592656
03264542	_instance_hypernym	03513627
03264542	_instance_hypernym	02875013
03264542	_has_part	08592656
03264542	_has_part	03513627
03264542	_has_part	02875013
03264136	_similar_to	02361600
03264136	_member_meronym	02361600
03264136	_instance_hypernym	02361600
03264136	_has_part	02361600
03257586	_similar_to	01735308
03257586	_similar_to	01693881
03257586	_member_meronym	01735308
03257586	_member_meronym	01693881
03257586	_instance_hypernym	01735308
03257586	_instance_hypernym	01693881
03257586	_has_part	01735308
03257586	_has_part	01693881
03257343	_similar_to	03728811
03257343	_similar_to	03104594
03257343	_similar_to	01735308
03257343	_member_meronym	03728811
03257343	_member_meronym	03104594
03257343	_member_meronym	01735308
03257343	_instance_hypernym	03728811
03257343	_instance_hypernym	03104594
03257343	_instance_hypernym	01735308
03257343	_has_part	03728811
03257343	_has_part	03104594
03257343	_has_part	01735308
03237639	_similar_to	02785648
03237639	_similar_to	00082714
03237639	_member_meronym	02785648
03237639	_member_meronym	00082714
03237639	_instance_hypernym	02785648
03237639	_instance_hypernym	00082714
03237639	_has_part	02785648
03237639	_has_part	00082714
03234306	_similar_to	03173524
03234306	_similar_to	01690294
03234306	_similar_to	01582645
03234306	_member_meronym	03173524
03234306	_member_meronym	01690294
03234306	_member_meronym	01582645
03234306	_instance_hypernym	03173524
03234306	_instance_hypernym	01690294
03234306	_instance_hypernym	01582645
03234306	_has_part	03173524
03234306	_has_part	01690294
03234306	_has_part	01582645
03178782	_similar_to	03169390
03178782	_similar_to	01753596
03178782	_similar_to	01640550
03178782	_member_meronym	03169390
03178782	_member_meronym	01753596
03178782	_member_meronym	01640550
03178782	_instance_hypernym	03169390
03178782	_instance_hypernym	01753596
03178782	_instance_hypernym	01640550
03178782	_has_part	03169390
03178782	_has_part	01753596
03178782	_has_part	01640550
03173524	_similar_to	03234306
03173524	_similar_to	01689379
03173524	_similar_to	01582645
03173524	_member_meronym	03234306
03173524	_member_meronym	01689379
03173524	_member_meronym	01582645
03173524	_instance_hypernym	03234306
03173524	_instance_hypernym	01689379
03173524	_instance_hypernym	01582645
03173524	_has_part	03234306
03173524	_has_part	01689379
03173524	_has_part	01582645
03171356	_similar_to	03386011
03171356	_similar_to	03385557
03171356	_member_meronym	03386011
03171356	_member_meronym	03385557
03171356	_instance_hypernym	03386011
03171356	_instance_hypernym	03385557
03171356	_has_part	03386011
03171356	_has_part	03385557
03169390	_similar_to	03178782
03169390	_similar_to	02748927
03169390	_similar_to	01675963
03169390	_similar_to	01466543
03169390	_member_meronym	03178782
03169390	_member_meronym	02748927
03169390	_member_meronym	01675963
03169390	_member_meronym	01466543
03169390	_instance_hypernym	03178782
03169390	_instance_hypernym	02748927
03169390	_instance_hypernym	01675963
03169390	_instance_hypernym	01466543
03169390	_has_part	03178782
03169390	_has_part	02748927
03169390	_has_part	01675963
03169390	_has_part	01466543
03146846	_similar_to	03322940
03146846	_similar_to	01741446
03146846	_similar_to	01740608
03146846	_member_meronym	03322940
03146846	_member_meronym	01741446
03146846	_member_meronym	01740608
03146846	_instance_hypernym	03322940
03146846	_instance_hypernym	01741446
03146846	_instance_hypernym	01740608
03146846	_has_part	03322940
03146846	_has_part	01741446
03146846	_has_part	01740608
03128583	_similar_to	03051540
03128583	_member_meronym	03051540
03128583	_instance_hypernym	03051540
03128583	_has_part	03051540
03106110	_similar_to	04433185
03106110	_similar_to	03670849
03106110	_member_meronym	04433185
03106110	_member_meronym	03670849
03106110	_instance_hypernym	04433185
03106110	_instance_hypernym	03670849
03106110	_has_part	04433185
03106110	_has_part	03670849
03104594	_similar_to	03257343
03104594	_similar_to	02979662
03104594	_similar_to	01742886
03104594	_member_meronym	03257343
03104594	_member_meronym	02979662
03104594	_member_meronym	01742886
03104594	_instance_hypernym	03257343
03104594	_instance_hypernym	02979662
03104594	_instance_hypernym	01742886
03104594	_has_part	03257343
03104594	_has_part	02979662
03104594	_has_part	01742886
03096960	_similar_to	01224744
03096960	_member_meronym	01224744
03096960	_instance_hypernym	01224744
03096960	_has_part	01224744
03093574	_similar_to	03051540
03093574	_member_meronym	03051540
03093574	_instance_hypernym	03051540
03093574	_has_part	03051540
03091374	_similar_to	04613158
03091374	_similar_to	03605915
03091374	_similar_to	01421122
03091374	_similar_to	01354673
03091374	_member_meronym	04613158
03091374	_member_meronym	03605915
03091374	_member_meronym	01421122
03091374	_member_meronym	01354673
03091374	_instance_hypernym	04613158
03091374	_instance_hypernym	03605915
03091374	_instance_hypernym	01421122
03091374	_instance_hypernym	01354673
03091374	_has_part	04613158
03091374	_has_part	03605915
03091374	_has_part	01421122
03091374	_has_part	01354673
03075768	_similar_to	01765392
03075768	_similar_to	00082308
03075768	_member_meronym	01765392
03075768	_member_meronym	00082308
03075768	_instance_hypernym	01765392
03075768	_instance_hypernym	00082308
03075768	_has_part	01765392
03075768	_has_part	00082308
03051540	_similar_to	04596852
03051540	_similar_to	04550426
03051540	_similar_to	03128583
03051540	_similar_to	03093574
03051540	_similar_to	02728440
03051540	_similar_to	00052374
03051540	_similar_to	00052043
03051540	_similar_to	00050652
03051540	_similar_to	00049197
03051540	_similar_to	00047945
03051540	_similar_to	00047745
03051540	_member_meronym	04596852
03051540	_member_meronym	04550426
03051540	_member_meronym	03128583
03051540	_member_meronym	03093574
03051540	_member_meronym	02728440
03051540	_member_meronym	00052374
03051540	_member_meronym	00052043
03051540	_member_meronym	00050652
03051540	_member_meronym	00049197
03051540	_member_meronym	00047945
03051540	_member_meronym	00047745
03051540	_instance_hypernym	04596852
03051540	_instance_hypernym	04550426
03051540	_instance_hypernym	03128583
03051540	_instance_hypernym	03093574
03051540	_instance_hypernym	02728440
03051540	_instance_hypernym	00052374
03051540	_instance_hypernym	00052043
03051540	_instance_hypernym	00050652
03051540	_instance_hypernym	00049197
03051540	_instance_hypernym	00047945
03051540	_instance_hypernym	00047745
03051540	_has_part	04596852
03051540	_has_part	04550426
03051540	_has_part	03128583
03051540	_has_part	03093574
03051540	_has_part	02728440
03051540	_has_part	00052374
03051540	_has_part	00052043
03051540	_has_part	00050652
03051540	_has_part	00049197
03051540	_has_part	00047945
03051540	_has_part	00047745
02991122	_similar_to	09812338
02991122	_similar_to	02743547
02991122	_member_meronym	09812338
02991122	_member_meronym	02743547
02991122	_instance_hypernym	09812338
02991122	_instance_hypernym	02743547
02991122	_has_part	09812338
02991122	_has_part	02743547
02987454	_similar_to	10341660
02987454	_similar_to	00119873
02987454	_member_meronym	10341660
02987454	_member_meronym	00119873
02987454	_instance_hypernym	10341660
02987454	_instance_hypernym	00119873
02987454	_has_part	10341660
02987454	_has_part	00119873
02987177	_similar_to	10341660
02987177	_member_meronym	10341660
02987177	_instance_hypernym	10341660
02987177	_has_part	10341660
02979662	_similar_to	03104594
02979662	_similar_to	01662771
02979662	_member_meronym	03104594
02979662	_member_meronym	01662771
02979662	_instance_hypernym	03104594
02979662	_instance_hypernym	01662771
02979662	_has_part	03104594
02979662	_has_part	01662771
02928413	_similar_to	01498713
02928413	_similar_to	01466978
02928413	_member_meronym	01498713
02928413	_member_meronym	01466978
02928413	_instance_hypernym	01498713
02928413	_instance_hypernym	01466978
02928413	_has_part	01498713
02928413	_has_part	01466978
02899439	_similar_to	04272054
02899439	_member_meronym	04272054
02899439	_instance_hypernym	04272054
02899439	_has_part	04272054
02894605	_similar_to	01128071
02894605	_member_meronym	01128071
02894605	_instance_hypernym	01128071
02894605	_has_part	01128071
02887741	_similar_to	01428853
02887741	_similar_to	00845523
02887741	_member_meronym	01428853
02887741	_member_meronym	00845523
02887741	_instance_hypernym	01428853
02887741	_instance_hypernym	00845523
02887741	_has_part	01428853
02887741	_has_part	00845523
02875013	_similar_to	03264542
02875013	_similar_to	01586850
02875013	_similar_to	01467370
02875013	_member_meronym	03264542
02875013	_member_meronym	01586850
02875013	_member_meronym	01467370
02875013	_instance_hypernym	03264542
02875013	_instance_hypernym	01586850
02875013	_instance_hypernym	01467370
02875013	_has_part	03264542
02875013	_has_part	01586850
02875013	_has_part	01467370
02868326	_similar_to	05749619
02868326	_member_meronym	05749619
02868326	_instance_hypernym	05749619
02868326	_has_part	05749619
02845576	_similar_to	08566028
02845576	_similar_to	03670849
02845576	_similar_to	00314469
02845576	_member_meronym	08566028
02845576	_member_meronym	03670849
02845576	_member_meronym	00314469
02845576	_instance_hypernym	08566028
02845576	_instance_hypernym	03670849
02845576	_instance_hypernym	00314469
02845576	_has_part	08566028
02845576	_has_part	03670849
02845576	_has_part	00314469
02840361	_similar_to	01303242
02840361	_similar_to	01285440
02840361	_member_meronym	01303242
02840361	_member_meronym	01285440
02840361	_instance_hypernym	01303242
02840361	_instance_hypernym	01285440
02840361	_has_part	01303242
02840361	_has_part	01285440
02820210	_similar_to	04033995
02820210	_member_meronym	04033995
02820210	_instance_hypernym	04033995
02820210	_has_part	04033995
02812482	_similar_to	08552138
02812482	_similar_to	08493064
02812482	_member_meronym	08552138
02812482	_member_meronym	08493064
02812482	_instance_hypernym	08552138
02812482	_instance_hypernym	08493064
02812482	_has_part	08552138
02812482	_has_part	08493064
02806907	_similar_to	06806469
02806907	_similar_to	05765415
02806907	_member_meronym	06806469
02806907	_member_meronym	05765415
02806907	_instance_hypernym	06806469
02806907	_instance_hypernym	05765415
02806907	_has_part	06806469
02806907	_has_part	05765415
02799897	_similar_to	03792334
02799897	_member_meronym	03792334
02799897	_instance_hypernym	03792334
02799897	_has_part	03792334
02785648	_similar_to	04369025
02785648	_similar_to	03430091
02785648	_similar_to	03237639
02785648	_similar_to	00083124
02785648	_member_meronym	04369025
02785648	_member_meronym	03430091
02785648	_member_meronym	03237639
02785648	_member_meronym	00083124
02785648	_instance_hypernym	04369025
02785648	_instance_hypernym	03430091
02785648	_instance_hypernym	03237639
02785648	_instance_hypernym	00083124
02785648	_has_part	04369025
02785648	_has_part	03430091
02785648	_has_part	03237639
02785648	_has_part	00083124
02760116	_similar_to	00612160
02760116	_member_meronym	00612160
02760116	_instance_hypernym	00612160
02760116	_has_part	00612160
02748927	_similar_to	03169390
02748927	_member_meronym	03169390
02748927	_instance_hypernym	03169390
02748927	_has_part	03169390
02743547	_similar_to	09812338
02743547	_similar_to	03958097
02743547	_similar_to	02991122
02743547	_member_meronym	09812338
02743547	_member_meronym	03958097
02743547	_member_meronym	02991122
02743547	_instance_hypernym	09812338
02743547	_instance_hypernym	03958097
02743547	_instance_hypernym	02991122
02743547	_has_part	09812338
02743547	_has_part	03958097
02743547	_has_part	02991122
02728440	_similar_to	03051540
02728440	_similar_to	00047945
02728440	_similar_to	00046534
02728440	_similar_to	00043683
02728440	_member_meronym	03051540
02728440	_member_meronym	00047945
02728440	_member_meronym	00046534
02728440	_member_meronym	00043683
02728440	_instance_hypernym	03051540
02728440	_instance_hypernym	00047945
02728440	_instance_hypernym	00046534
02728440	_instance_hypernym	00043683
02728440	_has_part	03051540
02728440	_has_part	00047945
02728440	_has_part	00046534
02728440	_has_part	00043683
02723733	_similar_to	05937112
02723733	_member_meronym	05937112
02723733	_instance_hypernym	05937112
02723733	_has_part	05937112
02711114	_similar_to	13998576
02711114	_similar_to	09273291
02711114	_similar_to	03285912
02711114	_similar_to	02710673
02711114	_member_meronym	13998576
02711114	_member_meronym	09273291
02711114	_member_meronym	03285912
02711114	_member_meronym	02710673
02711114	_instance_hypernym	13998576
02711114	_instance_hypernym	09273291
02711114	_instance_hypernym	03285912
02711114	_instance_hypernym	02710673
02711114	_has_part	13998576
02711114	_has_part	09273291
02711114	_has_part	03285912
02711114	_has_part	02710673
02710673	_similar_to	13903387
02710673	_similar_to	13903079
02710673	_similar_to	08565701
02710673	_similar_to	08512736
02710673	_similar_to	08512259
02710673	_similar_to	02711114
02710673	_similar_to	02703952
02710673	_member_meronym	13903387
02710673	_member_meronym	13903079
02710673	_member_meronym	08565701
02710673	_member_meronym	08512736
02710673	_member_meronym	08512259
02710673	_member_meronym	02711114
02710673	_member_meronym	02703952
02710673	_instance_hypernym	13903387
02710673	_instance_hypernym	13903079
02710673	_instance_hypernym	08565701
02710673	_instance_hypernym	08512736
02710673	_instance_hypernym	08512259
02710673	_instance_hypernym	02711114
02710673	_instance_hypernym	02703952
02710673	_has_part	13903387
02710673	_has_part	13903079
02710673	_has_part	08565701
02710673	_has_part	08512736
02710673	_has_part	08512259
02710673	_has_part	02711114
02710673	_has_part	02703952
02703952	_similar_to	02710673
02703952	_member_meronym	02710673
02703952	_instance_hypernym	02710673
02703952	_has_part	02710673
02702830	_similar_to	10093908
02702830	_similar_to	07369604
02702830	_similar_to	02667900
02702830	_member_meronym	10093908
02702830	_member_meronym	07369604
02702830	_member_meronym	02667900
02702830	_instance_hypernym	10093908
02702830	_instance_hypernym	07369604
02702830	_instance_hypernym	02667900
02702830	_has_part	10093908
02702830	_has_part	07369604
02702830	_has_part	02667900
02700455	_similar_to	02700104
02700455	_similar_to	02659763
02700455	_member_meronym	02700104
02700455	_member_meronym	02659763
02700455	_instance_hypernym	02700104
02700455	_instance_hypernym	02659763
02700455	_has_part	02700104
02700455	_has_part	02659763
02700104	_similar_to	13969243
02700104	_similar_to	04713332
02700104	_similar_to	04713118
02700104	_similar_to	02700455
02700104	_similar_to	02657219
02700104	_similar_to	00552841
02700104	_member_meronym	13969243
02700104	_member_meronym	04713332
02700104	_member_meronym	04713118
02700104	_member_meronym	02700455
02700104	_member_meronym	02657219
02700104	_member_meronym	00552841
02700104	_instance_hypernym	13969243
02700104	_instance_hypernym	04713332
02700104	_instance_hypernym	04713118
02700104	_instance_hypernym	02700455
02700104	_instance_hypernym	02657219
02700104	_instance_hypernym	00552841
02700104	_has_part	13969243
02700104	_has_part	04713332
02700104	_has_part	04713118
02700104	_has_part	02700455
02700104	_has_part	02657219
02700104	_has_part	00552841
02695895	_similar_to	08677628
02695895	_similar_to	05075602
02695895	_similar_to	00155487
02695895	_member_meronym	08677628
02695895	_member_meronym	05075602
02695895	_member_meronym	00155487
02695895	_instance_hypernym	08677628
02695895	_instance_hypernym	05075602
02695895	_instance_hypernym	00155487
02695895	_has_part	08677628
02695895	_has_part	05075602
02695895	_has_part	00155487
02694933	_similar_to	08622950
02694933	_similar_to	00155487
02694933	_member_meronym	08622950
02694933	_member_meronym	00155487
02694933	_instance_hypernym	08622950
02694933	_instance_hypernym	00155487
02694933	_has_part	08622950
02694933	_has_part	00155487
02671279	_similar_to	02502536
02671279	_member_meronym	02502536
02671279	_instance_hypernym	02502536
02671279	_has_part	02502536
02667900	_similar_to	02702830
02667900	_similar_to	02657219
02667900	_member_meronym	02702830
02667900	_member_meronym	02657219
02667900	_instance_hypernym	02702830
02667900	_instance_hypernym	02657219
02667900	_has_part	02702830
02667900	_has_part	02657219
02666239	_similar_to	04748836
02666239	_similar_to	02064745
02666239	_similar_to	01410363
02666239	_member_meronym	04748836
02666239	_member_meronym	02064745
02666239	_member_meronym	01410363
02666239	_instance_hypernym	04748836
02666239	_instance_hypernym	02064745
02666239	_instance_hypernym	01410363
02666239	_has_part	04748836
02666239	_has_part	02064745
02666239	_has_part	01410363
02664769	_similar_to	02657219
02664769	_member_meronym	02657219
02664769	_instance_hypernym	02657219
02664769	_has_part	02657219
02661252	_similar_to	11415084
02661252	_similar_to	10419047
02661252	_similar_to	10341660
02661252	_similar_to	07366627
02661252	_similar_to	07366289
02661252	_similar_to	06022291
02661252	_similar_to	04802776
02661252	_similar_to	00737399
02661252	_similar_to	00194969
02661252	_member_meronym	11415084
02661252	_member_meronym	10419047
02661252	_member_meronym	10341660
02661252	_member_meronym	07366627
02661252	_member_meronym	07366289
02661252	_member_meronym	06022291
02661252	_member_meronym	04802776
02661252	_member_meronym	00737399
02661252	_member_meronym	00194969
02661252	_instance_hypernym	11415084
02661252	_instance_hypernym	10419047
02661252	_instance_hypernym	10341660
02661252	_instance_hypernym	07366627
02661252	_instance_hypernym	07366289
02661252	_instance_hypernym	06022291
02661252	_instance_hypernym	04802776
02661252	_instance_hypernym	00737399
02661252	_instance_hypernym	00194969
02661252	_has_part	11415084
02661252	_has_part	10419047
02661252	_has_part	10341660
02661252	_has_part	07366627
02661252	_has_part	07366289
02661252	_has_part	06022291
02661252	_has_part	04802776
02661252	_has_part	00737399
02661252	_has_part	00194969
02660147	_similar_to	03600977
02660147	_similar_to	02659763
02660147	_member_meronym	03600977
02660147	_member_meronym	02659763
02660147	_instance_hypernym	03600977
02660147	_instance_hypernym	02659763
02660147	_has_part	03600977
02660147	_has_part	02659763
02659763	_similar_to	04930307
02659763	_similar_to	02700455
02659763	_similar_to	02660147
02659763	_similar_to	00795008
02659763	_member_meronym	04930307
02659763	_member_meronym	02700455
02659763	_member_meronym	02660147
02659763	_member_meronym	00795008
02659763	_instance_hypernym	04930307
02659763	_instance_hypernym	02700455
02659763	_instance_hypernym	02660147
02659763	_instance_hypernym	00795008
02659763	_has_part	04930307
02659763	_has_part	02700455
02659763	_has_part	02660147
02659763	_has_part	00795008
02657219	_similar_to	04713428
02657219	_similar_to	03728811
02657219	_similar_to	02700104
02657219	_similar_to	02667900
02657219	_similar_to	02664769
02657219	_member_meronym	04713428
02657219	_member_meronym	03728811
02657219	_member_meronym	02700104
02657219	_member_meronym	02667900
02657219	_member_meronym	02664769
02657219	_instance_hypernym	04713428
02657219	_instance_hypernym	03728811
02657219	_instance_hypernym	02700104
02657219	_instance_hypernym	02667900
02657219	_instance_hypernym	02664769
02657219	_has_part	04713428
02657219	_has_part	03728811
02657219	_has_part	02700104
02657219	_has_part	02667900
02657219	_has_part	02664769
02646931	_similar_to	14442530
02646931	_similar_to	14441825
02646931	_similar_to	01128390
02646931	_similar_to	00791227
02646931	_member_meronym	14442530
02646931	_member_meronym	14441825
02646931	_member_meronym	01128390
02646931	_member_meronym	00791227
02646931	_instance_hypernym	14442530
02646931	_instance_hypernym	14441825
02646931	_instance_hypernym	01128390
02646931	_instance_hypernym	00791227
02646931	_has_part	14442530
02646931	_has_part	14441825
02646931	_has_part	01128390
02646931	_has_part	00791227
02630189	_similar_to	05849789
02630189	_similar_to	02204692
02630189	_similar_to	02203362
02630189	_similar_to	00047745
02630189	_member_meronym	05849789
02630189	_member_meronym	02204692
02630189	_member_meronym	02203362
02630189	_member_meronym	00047745
02630189	_instance_hypernym	05849789
02630189	_instance_hypernym	02204692
02630189	_instance_hypernym	02203362
02630189	_instance_hypernym	00047745
02630189	_has_part	05849789
02630189	_has_part	02204692
02630189	_has_part	02203362
02630189	_has_part	00047745
02622234	_similar_to	03674440
02622234	_similar_to	00145218
02622234	_member_meronym	03674440
02622234	_member_meronym	00145218
02622234	_instance_hypernym	03674440
02622234	_instance_hypernym	00145218
02622234	_has_part	03674440
02622234	_has_part	00145218
02612368	_similar_to	01465365
02612368	_member_meronym	01465365
02612368	_instance_hypernym	01465365
02612368	_has_part	01465365
02579447	_similar_to	10419047
02579447	_member_meronym	10419047
02579447	_instance_hypernym	10419047
02579447	_has_part	10419047
02564986	_similar_to	04644512
02564986	_similar_to	01930512
02564986	_member_meronym	04644512
02564986	_member_meronym	01930512
02564986	_instance_hypernym	04644512
02564986	_instance_hypernym	01930512
02564986	_has_part	04644512
02564986	_has_part	01930512
02561332	_similar_to	00410247
02561332	_member_meronym	00410247
02561332	_instance_hypernym	00410247
02561332	_has_part	00410247
02553697	_similar_to	09953178
02553697	_similar_to	01146039
02553697	_similar_to	00253761
02553697	_member_meronym	09953178
02553697	_member_meronym	01146039
02553697	_member_meronym	00253761
02553697	_instance_hypernym	09953178
02553697	_instance_hypernym	01146039
02553697	_instance_hypernym	00253761
02553697	_has_part	09953178
02553697	_has_part	01146039
02553697	_has_part	00253761
02542795	_similar_to	04906273
02542795	_similar_to	02542280
02542795	_similar_to	01612053
02542795	_similar_to	01167146
02542795	_similar_to	00150287
02542795	_member_meronym	04906273
02542795	_member_meronym	02542280
02542795	_member_meronym	01612053
02542795	_member_meronym	01167146
02542795	_member_meronym	00150287
02542795	_instance_hypernym	04906273
02542795	_instance_hypernym	02542280
02542795	_instance_hypernym	01612053
02542795	_instance_hypernym	01167146
02542795	_instance_hypernym	00150287
02542795	_has_part	04906273
02542795	_has_part	02542280
02542795	_has_part	01612053
02542795	_has_part	01167146
02542795	_has_part	00150287
02542280	_similar_to	04641153
02542280	_similar_to	02542795
02542280	_similar_to	00696518
02542280	_member_meronym	04641153
02542280	_member_meronym	02542795
02542280	_member_meronym	00696518
02542280	_instance_hypernym	04641153
02542280	_instance_hypernym	02542795
02542280	_instance_hypernym	00696518
02542280	_has_part	04641153
02542280	_has_part	02542795
02542280	_has_part	00696518
02539359	_similar_to	00052374
02539359	_similar_to	00050652
02539359	_similar_to	00047745
02539359	_member_meronym	00052374
02539359	_member_meronym	00050652
02539359	_member_meronym	00047745
02539359	_instance_hypernym	00052374
02539359	_instance_hypernym	00050652
02539359	_instance_hypernym	00047745
02539359	_has_part	00052374
02539359	_has_part	00050652
02539359	_has_part	00047745
02539334	_similar_to	14442530
02539334	_similar_to	10388440
02539334	_similar_to	05196582
02539334	_similar_to	01128655
02539334	_similar_to	00791227
02539334	_member_meronym	14442530
02539334	_member_meronym	10388440
02539334	_member_meronym	05196582
02539334	_member_meronym	01128655
02539334	_member_meronym	00791227
02539334	_instance_hypernym	14442530
02539334	_instance_hypernym	10388440
02539334	_instance_hypernym	05196582
02539334	_instance_hypernym	01128655
02539334	_instance_hypernym	00791227
02539334	_has_part	14442530
02539334	_has_part	10388440
02539334	_has_part	05196582
02539334	_has_part	01128655
02539334	_has_part	00791227
02538765	_similar_to	10213034
02538765	_similar_to	06661562
02538765	_similar_to	01240210
02538765	_member_meronym	10213034
02538765	_member_meronym	06661562
02538765	_member_meronym	01240210
02538765	_instance_hypernym	10213034
02538765	_instance_hypernym	06661562
02538765	_instance_hypernym	01240210
02538765	_has_part	10213034
02538765	_has_part	06661562
02538765	_has_part	01240210
02513460	_similar_to	14413644
02513460	_similar_to	05161614
02513460	_similar_to	02512305
02513460	_similar_to	01085474
02513460	_member_meronym	14413644
02513460	_member_meronym	05161614
02513460	_member_meronym	02512305
02513460	_member_meronym	01085474
02513460	_instance_hypernym	14413644
02513460	_instance_hypernym	05161614
02513460	_instance_hypernym	02512305
02513460	_instance_hypernym	01085474
02513460	_has_part	14413644
02513460	_has_part	05161614
02513460	_has_part	02512305
02513460	_has_part	01085474
02512305	_similar_to	10012815
02512305	_similar_to	02513460
02512305	_similar_to	01153548
02512305	_similar_to	00650353
02512305	_member_meronym	10012815
02512305	_member_meronym	02513460
02512305	_member_meronym	01153548
02512305	_member_meronym	00650353
02512305	_instance_hypernym	10012815
02512305	_instance_hypernym	02513460
02512305	_instance_hypernym	01153548
02512305	_instance_hypernym	00650353
02512305	_has_part	10012815
02512305	_has_part	02513460
02512305	_has_part	01153548
02512305	_has_part	00650353
02512150	_similar_to	08688247
02512150	_similar_to	08552138
02512150	_member_meronym	08688247
02512150	_member_meronym	08552138
02512150	_instance_hypernym	08688247
02512150	_instance_hypernym	08552138
02512150	_has_part	08688247
02512150	_has_part	08552138
02510337	_similar_to	05641959
02510337	_similar_to	05117660
02510337	_similar_to	02509287
02510337	_similar_to	01146039
02510337	_similar_to	00462092
02510337	_similar_to	00233335
02510337	_member_meronym	05641959
02510337	_member_meronym	05117660
02510337	_member_meronym	02509287
02510337	_member_meronym	01146039
02510337	_member_meronym	00462092
02510337	_member_meronym	00233335
02510337	_instance_hypernym	05641959
02510337	_instance_hypernym	05117660
02510337	_instance_hypernym	02509287
02510337	_instance_hypernym	01146039
02510337	_instance_hypernym	00462092
02510337	_instance_hypernym	00233335
02510337	_has_part	05641959
02510337	_has_part	05117660
02510337	_has_part	02509287
02510337	_has_part	01146039
02510337	_has_part	00462092
02510337	_has_part	00233335
02509919	_similar_to	02509287
02509919	_similar_to	00155487
02509919	_member_meronym	02509287
02509919	_member_meronym	00155487
02509919	_instance_hypernym	02509287
02509919	_instance_hypernym	00155487
02509919	_has_part	02509287
02509919	_has_part	00155487
02509287	_similar_to	02510337
02509287	_similar_to	02509919
02509287	_similar_to	00808182
02509287	_member_meronym	02510337
02509287	_member_meronym	02509919
02509287	_member_meronym	00808182
02509287	_instance_hypernym	02510337
02509287	_instance_hypernym	02509919
02509287	_instance_hypernym	00808182
02509287	_has_part	02510337
02509287	_has_part	02509919
02509287	_has_part	00808182
02506555	_similar_to	02064745
02506555	_member_meronym	02064745
02506555	_instance_hypernym	02064745
02506555	_has_part	02064745
02506361	_similar_to	07520612
02506361	_member_meronym	07520612
02506361	_instance_hypernym	07520612
02506361	_has_part	07520612
02502536	_similar_to	13321495
02502536	_similar_to	02671279
02502536	_similar_to	01248191
02502536	_similar_to	00320852
02502536	_member_meronym	13321495
02502536	_member_meronym	02671279
02502536	_member_meronym	01248191
02502536	_member_meronym	00320852
02502536	_instance_hypernym	13321495
02502536	_instance_hypernym	02671279
02502536	_instance_hypernym	01248191
02502536	_instance_hypernym	00320852
02502536	_has_part	13321495
02502536	_has_part	02671279
02502536	_has_part	01248191
02502536	_has_part	00320852
02501278	_similar_to	01187810
02501278	_member_meronym	01187810
02501278	_instance_hypernym	01187810
02501278	_has_part	01187810
02496816	_similar_to	13996300
02496816	_similar_to	09625401
02496816	_similar_to	00089027
02496816	_member_meronym	13996300
02496816	_member_meronym	09625401
02496816	_member_meronym	00089027
02496816	_instance_hypernym	13996300
02496816	_instance_hypernym	09625401
02496816	_instance_hypernym	00089027
02496816	_has_part	13996300
02496816	_has_part	09625401
02496816	_has_part	00089027
02470175	_similar_to	09816771
02470175	_member_meronym	09816771
02470175	_instance_hypernym	09816771
02470175	_has_part	09816771
02458103	_similar_to	02389592
02458103	_similar_to	00040962
02458103	_member_meronym	02389592
02458103	_member_meronym	00040962
02458103	_instance_hypernym	02389592
02458103	_instance_hypernym	00040962
02458103	_has_part	02389592
02458103	_has_part	00040962
02451113	_similar_to	04905188
02451113	_similar_to	02388145
02451113	_similar_to	01612053
02451113	_similar_to	01474513
02451113	_similar_to	00696518
02451113	_member_meronym	04905188
02451113	_member_meronym	02388145
02451113	_member_meronym	01612053
02451113	_member_meronym	01474513
02451113	_member_meronym	00696518
02451113	_instance_hypernym	04905188
02451113	_instance_hypernym	02388145
02451113	_instance_hypernym	01612053
02451113	_instance_hypernym	01474513
02451113	_instance_hypernym	00696518
02451113	_has_part	04905188
02451113	_has_part	02388145
02451113	_has_part	01612053
02451113	_has_part	01474513
02451113	_has_part	00696518
02447001	_similar_to	10298912
02447001	_member_meronym	10298912
02447001	_instance_hypernym	10298912
02447001	_has_part	10298912
02443849	_similar_to	10378780
02443849	_similar_to	00409211
02443849	_member_meronym	10378780
02443849	_member_meronym	00409211
02443849	_instance_hypernym	10378780
02443849	_instance_hypernym	00409211
02443849	_has_part	10378780
02443849	_has_part	00409211
02443049	_similar_to	10676877
02443049	_similar_to	10388732
02443049	_similar_to	09931640
02443049	_similar_to	02431971
02443049	_similar_to	01474513
02443049	_similar_to	01135529
02443049	_similar_to	01133281
02443049	_member_meronym	10676877
02443049	_member_meronym	10388732
02443049	_member_meronym	09931640
02443049	_member_meronym	02431971
02443049	_member_meronym	01474513
02443049	_member_meronym	01135529
02443049	_member_meronym	01133281
02443049	_instance_hypernym	10676877
02443049	_instance_hypernym	10388732
02443049	_instance_hypernym	09931640
02443049	_instance_hypernym	02431971
02443049	_instance_hypernym	01474513
02443049	_instance_hypernym	01135529
02443049	_instance_hypernym	01133281
02443049	_has_part	10676877
02443049	_has_part	10388732
02443049	_has_part	09931640
02443049	_has_part	02431971
02443049	_has_part	01474513
02443049	_has_part	01135529
02443049	_has_part	01133281
02441022	_similar_to	10525134
02441022	_similar_to	09941964
02441022	_similar_to	09941571
02441022	_similar_to	09941383
02441022	_similar_to	09780828
02441022	_similar_to	05197797
02441022	_similar_to	05196375
02441022	_member_meronym	10525134
02441022	_member_meronym	09941964
02441022	_member_meronym	09941571
02441022	_member_meronym	09941383
02441022	_member_meronym	09780828
02441022	_member_meronym	05197797
02441022	_member_meronym	05196375
02441022	_instance_hypernym	10525134
02441022	_instance_hypernym	09941964
02441022	_instance_hypernym	09941571
02441022	_instance_hypernym	09941383
02441022	_instance_hypernym	09780828
02441022	_instance_hypernym	05197797
02441022	_instance_hypernym	05196375
02441022	_has_part	10525134
02441022	_has_part	09941964
02441022	_has_part	09941571
02441022	_has_part	09941383
02441022	_has_part	09780828
02441022	_has_part	05197797
02441022	_has_part	05196375
02439732	_similar_to	00815320
02439732	_member_meronym	00815320
02439732	_instance_hypernym	00815320
02439732	_has_part	00815320
02431971	_similar_to	02443049
02431971	_member_meronym	02443049
02431971	_instance_hypernym	02443049
02431971	_has_part	02443049
02420232	_similar_to	10078806
02420232	_similar_to	03322099
02420232	_member_meronym	10078806
02420232	_member_meronym	03322099
02420232	_instance_hypernym	10078806
02420232	_instance_hypernym	03322099
02420232	_has_part	10078806
02420232	_has_part	03322099
02416751	_similar_to	02416278
02416751	_member_meronym	02416278
02416751	_instance_hypernym	02416278
02416751	_has_part	02416278
02416278	_similar_to	09935434
02416278	_similar_to	02416751
02416278	_similar_to	01205156
02416278	_similar_to	01202904
02416278	_similar_to	00619972
02416278	_similar_to	00411384
02416278	_member_meronym	09935434
02416278	_member_meronym	02416751
02416278	_member_meronym	01205156
02416278	_member_meronym	01202904
02416278	_member_meronym	00619972
02416278	_member_meronym	00411384
02416278	_instance_hypernym	09935434
02416278	_instance_hypernym	02416751
02416278	_instance_hypernym	01205156
02416278	_instance_hypernym	01202904
02416278	_instance_hypernym	00619972
02416278	_instance_hypernym	00411384
02416278	_has_part	09935434
02416278	_has_part	02416751
02416278	_has_part	01205156
02416278	_has_part	01202904
02416278	_has_part	00619972
02416278	_has_part	00411384
02389592	_similar_to	02458103
02389592	_similar_to	02389346
02389592	_member_meronym	02458103
02389592	_member_meronym	02389346
02389592	_instance_hypernym	02458103
02389592	_instance_hypernym	02389346
02389592	_has_part	02458103
02389592	_has_part	02389346
02389346	_similar_to	02389592
02389346	_similar_to	02374149
02389346	_similar_to	00145218
02389346	_member_meronym	02389592
02389346	_member_meronym	02374149
02389346	_member_meronym	00145218
02389346	_instance_hypernym	02389592
02389346	_instance_hypernym	02374149
02389346	_instance_hypernym	00145218
02389346	_has_part	02389592
02389346	_has_part	02374149
02389346	_has_part	00145218
02388145	_similar_to	02451113
02388145	_member_meronym	02451113
02388145	_instance_hypernym	02451113
02388145	_has_part	02451113
02374149	_similar_to	02389346
02374149	_member_meronym	02389346
02374149	_instance_hypernym	02389346
02374149	_has_part	02389346
02372326	_similar_to	00040152
02372326	_member_meronym	00040152
02372326	_instance_hypernym	00040152
02372326	_has_part	00040152
02371684	_similar_to	09935434
02371684	_member_meronym	09935434
02371684	_instance_hypernym	09935434
02371684	_has_part	09935434
02361600	_similar_to	03264136
02361600	_member_meronym	03264136
02361600	_instance_hypernym	03264136
02361600	_has_part	03264136
02357693	_similar_to	00267349
02357693	_member_meronym	00267349
02357693	_instance_hypernym	00267349
02357693	_has_part	00267349
02333689	_similar_to	05075602
02333689	_similar_to	01088923
02333689	_similar_to	01051331
02333689	_member_meronym	05075602
02333689	_member_meronym	01088923
02333689	_member_meronym	01051331
02333689	_instance_hypernym	05075602
02333689	_instance_hypernym	01088923
02333689	_instance_hypernym	01051331
02333689	_has_part	05075602
02333689	_has_part	01088923
02333689	_has_part	01051331
02296984	_similar_to	06791372
02296984	_member_meronym	06791372
02296984	_instance_hypernym	06791372
02296984	_has_part	06791372
02286204	_similar_to	00155487
02286204	_member_meronym	00155487
02286204	_instance_hypernym	00155487
02286204	_has_part	00155487
02274482	_similar_to	02272549
02274482	_member_meronym	02272549
02274482	_instance_hypernym	02272549
02274482	_has_part	02272549
02272549	_similar_to	09802641
02272549	_similar_to	02274482
02272549	_similar_to	00089027
02272549	_similar_to	00088481
02272549	_member_meronym	09802641
02272549	_member_meronym	02274482
02272549	_member_meronym	00089027
02272549	_member_meronym	00088481
02272549	_instance_hypernym	09802641
02272549	_instance_hypernym	02274482
02272549	_instance_hypernym	00089027
02272549	_instance_hypernym	00088481
02272549	_has_part	09802641
02272549	_has_part	02274482
02272549	_has_part	00089027
02272549	_has_part	00088481
02257370	_similar_to	00040152
02257370	_member_meronym	00040152
02257370	_instance_hypernym	00040152
02257370	_has_part	00040152
02204692	_similar_to	10529231
02204692	_similar_to	10389398
02204692	_similar_to	10388924
02204692	_similar_to	02630189
02204692	_similar_to	00809465
02204692	_member_meronym	10529231
02204692	_member_meronym	10389398
02204692	_member_meronym	10388924
02204692	_member_meronym	02630189
02204692	_member_meronym	00809465
02204692	_instance_hypernym	10529231
02204692	_instance_hypernym	10389398
02204692	_instance_hypernym	10388924
02204692	_instance_hypernym	02630189
02204692	_instance_hypernym	00809465
02204692	_has_part	10529231
02204692	_has_part	10389398
02204692	_has_part	10388924
02204692	_has_part	02630189
02204692	_has_part	00809465
02203362	_similar_to	13244109
02203362	_similar_to	10529231
02203362	_similar_to	02630189
02203362	_member_meronym	13244109
02203362	_member_meronym	10529231
02203362	_member_meronym	02630189
02203362	_instance_hypernym	13244109
02203362	_instance_hypernym	10529231
02203362	_instance_hypernym	02630189
02203362	_has_part	13244109
02203362	_has_part	10529231
02203362	_has_part	02630189
02144644	_similar_to	13913566
02144644	_member_meronym	13913566
02144644	_instance_hypernym	13913566
02144644	_has_part	13913566
02095311	_similar_to	04777098
02095311	_similar_to	01059400
02095311	_member_meronym	04777098
02095311	_member_meronym	01059400
02095311	_instance_hypernym	04777098
02095311	_instance_hypernym	01059400
02095311	_has_part	04777098
02095311	_has_part	01059400
02064745	_similar_to	04748836
02064745	_similar_to	02666239
02064745	_similar_to	02506555
02064745	_similar_to	01410363
02064745	_similar_to	00508192
02064745	_member_meronym	04748836
02064745	_member_meronym	02666239
02064745	_member_meronym	02506555
02064745	_member_meronym	01410363
02064745	_member_meronym	00508192
02064745	_instance_hypernym	04748836
02064745	_instance_hypernym	02666239
02064745	_instance_hypernym	02506555
02064745	_instance_hypernym	01410363
02064745	_instance_hypernym	00508192
02064745	_has_part	04748836
02064745	_has_part	02666239
02064745	_has_part	02506555
02064745	_has_part	01410363
02064745	_has_part	00508192
02023992	_similar_to	03420559
02023992	_similar_to	03386011
02023992	_similar_to	02023341
02023992	_member_meronym	03420559
02023992	_member_meronym	03386011
02023992	_member_meronym	02023341
02023992	_instance_hypernym	03420559
02023992	_instance_hypernym	03386011
02023992	_instance_hypernym	02023341
02023992	_has_part	03420559
02023992	_has_part	03386011
02023992	_has_part	02023341
02023341	_similar_to	02023992
02023341	_member_meronym	02023992
02023341	_instance_hypernym	02023992
02023341	_has_part	02023992
02003725	_similar_to	04639113
02003725	_similar_to	00236592
02003725	_similar_to	00233335
02003725	_member_meronym	04639113
02003725	_member_meronym	00236592
02003725	_member_meronym	00233335
02003725	_instance_hypernym	04639113
02003725	_instance_hypernym	00236592
02003725	_instance_hypernym	00233335
02003725	_has_part	04639113
02003725	_has_part	00236592
02003725	_has_part	00233335
01987160	_similar_to	05074774
01987160	_similar_to	04110439
01987160	_similar_to	01051331
01987160	_member_meronym	05074774
01987160	_member_meronym	04110439
01987160	_member_meronym	01051331
01987160	_instance_hypernym	05074774
01987160	_instance_hypernym	04110439
01987160	_instance_hypernym	01051331
01987160	_has_part	05074774
01987160	_has_part	04110439
01987160	_has_part	01051331
01930512	_similar_to	02564986
01930512	_member_meronym	02564986
01930512	_instance_hypernym	02564986
01930512	_has_part	02564986
01922763	_similar_to	07515560
01922763	_similar_to	01740892
01922763	_similar_to	00087152
01922763	_member_meronym	07515560
01922763	_member_meronym	01740892
01922763	_member_meronym	00087152
01922763	_instance_hypernym	07515560
01922763	_instance_hypernym	01740892
01922763	_instance_hypernym	00087152
01922763	_has_part	07515560
01922763	_has_part	01740892
01922763	_has_part	00087152
01877204	_similar_to	07346057
01877204	_similar_to	01876907
01877204	_member_meronym	07346057
01877204	_member_meronym	01876907
01877204	_instance_hypernym	07346057
01877204	_instance_hypernym	01876907
01877204	_has_part	07346057
01877204	_has_part	01876907
01876907	_similar_to	07346057
01876907	_similar_to	07337390
01876907	_similar_to	04770911
01876907	_similar_to	01877204
01876907	_similar_to	00348571
01876907	_similar_to	00327824
01876907	_member_meronym	07346057
01876907	_member_meronym	07337390
01876907	_member_meronym	04770911
01876907	_member_meronym	01877204
01876907	_member_meronym	00348571
01876907	_member_meronym	00327824
01876907	_instance_hypernym	07346057
01876907	_instance_hypernym	07337390
01876907	_instance_hypernym	04770911
01876907	_instance_hypernym	01877204
01876907	_instance_hypernym	00348571
01876907	_instance_hypernym	00327824
01876907	_has_part	07346057
01876907	_has_part	07337390
01876907	_has_part	04770911
01876907	_has_part	01877204
01876907	_has_part	00348571
01876907	_has_part	00327824
01834304	_similar_to	00410247
01834304	_member_meronym	00410247
01834304	_instance_hypernym	00410247
01834304	_has_part	00410247
01819554	_similar_to	10525134
01819554	_similar_to	07254057
01819554	_similar_to	01819147
01819554	_similar_to	01785748
01819554	_member_meronym	10525134
01819554	_member_meronym	07254057
01819554	_member_meronym	01819147
01819554	_member_meronym	01785748
01819554	_instance_hypernym	10525134
01819554	_instance_hypernym	07254057
01819554	_instance_hypernym	01819147
01819554	_instance_hypernym	01785748
01819554	_has_part	10525134
01819554	_has_part	07254057
01819554	_has_part	01819147
01819554	_has_part	01785748
01819147	_similar_to	01819554
01819147	_member_meronym	01819554
01819147	_instance_hypernym	01819554
01819147	_has_part	01819554
01815185	_similar_to	00354884
01815185	_member_meronym	00354884
01815185	_instance_hypernym	00354884
01815185	_has_part	00354884
01813884	_similar_to	07529563
01813884	_similar_to	00859153
01813884	_member_meronym	07529563
01813884	_member_meronym	00859153
01813884	_instance_hypernym	07529563
01813884	_instance_hypernym	00859153
01813884	_has_part	07529563
01813884	_has_part	00859153
01804414	_similar_to	09931640
01804414	_member_meronym	09931640
01804414	_instance_hypernym	09931640
01804414	_has_part	09931640
01785748	_similar_to	14405931
01785748	_similar_to	07537259
01785748	_similar_to	01819554
01785748	_similar_to	01779165
01785748	_member_meronym	14405931
01785748	_member_meronym	07537259
01785748	_member_meronym	01819554
01785748	_member_meronym	01779165
01785748	_instance_hypernym	14405931
01785748	_instance_hypernym	07537259
01785748	_instance_hypernym	01819554
01785748	_instance_hypernym	01779165
01785748	_has_part	14405931
01785748	_has_part	07537259
01785748	_has_part	01819554
01785748	_has_part	01779165
01782218	_similar_to	07520612
01782218	_similar_to	01780202
01782218	_member_meronym	07520612
01782218	_member_meronym	01780202
01782218	_instance_hypernym	07520612
01782218	_instance_hypernym	01780202
01782218	_has_part	07520612
01782218	_has_part	01780202
01781983	_similar_to	14405931
01781983	_similar_to	07520612
01781983	_similar_to	01780941
01781983	_member_meronym	14405931
01781983	_member_meronym	07520612
01781983	_member_meronym	01780941
01781983	_instance_hypernym	14405931
01781983	_instance_hypernym	07520612
01781983	_instance_hypernym	01780941
01781983	_has_part	14405931
01781983	_has_part	07520612
01781983	_has_part	01780941
01781180	_similar_to	07254057
01781180	_similar_to	01779165
01781180	_similar_to	01222477
01781180	_member_meronym	07254057
01781180	_member_meronym	01779165
01781180	_member_meronym	01222477
01781180	_instance_hypernym	07254057
01781180	_instance_hypernym	01779165
01781180	_instance_hypernym	01222477
01781180	_has_part	07254057
01781180	_has_part	01779165
01781180	_has_part	01222477
01780941	_similar_to	07520612
01780941	_similar_to	01781983
01780941	_similar_to	01779165
01780941	_similar_to	01222666
01780941	_member_meronym	07520612
01780941	_member_meronym	01781983
01780941	_member_meronym	01779165
01780941	_member_meronym	01222666
01780941	_instance_hypernym	07520612
01780941	_instance_hypernym	01781983
01780941	_instance_hypernym	01779165
01780941	_instance_hypernym	01222666
01780941	_has_part	07520612
01780941	_has_part	01781983
01780941	_has_part	01779165
01780941	_has_part	01222666
01780202	_similar_to	07519253
01780202	_similar_to	01782218
01780202	_member_meronym	07519253
01780202	_member_meronym	01782218
01780202	_instance_hypernym	07519253
01780202	_instance_hypernym	01782218
01780202	_has_part	07519253
01780202	_has_part	01782218
01779165	_similar_to	07520612
01779165	_similar_to	07519253
01779165	_similar_to	04143712
01779165	_similar_to	01785748
01779165	_similar_to	01781180
01779165	_similar_to	01780941
01779165	_similar_to	01222666
01779165	_member_meronym	07520612
01779165	_member_meronym	07519253
01779165	_member_meronym	04143712
01779165	_member_meronym	01785748
01779165	_member_meronym	01781180
01779165	_member_meronym	01780941
01779165	_member_meronym	01222666
01779165	_instance_hypernym	07520612
01779165	_instance_hypernym	07519253
01779165	_instance_hypernym	04143712
01779165	_instance_hypernym	01785748
01779165	_instance_hypernym	01781180
01779165	_instance_hypernym	01780941
01779165	_instance_hypernym	01222666
01779165	_has_part	07520612
01779165	_has_part	07519253
01779165	_has_part	04143712
01779165	_has_part	01785748
01779165	_has_part	01781180
01779165	_has_part	01780941
01779165	_has_part	01222666
01765392	_similar_to	13971561
01765392	_similar_to	13970764
01765392	_similar_to	13969700
01765392	_similar_to	09952163
01765392	_similar_to	07515790
01765392	_similar_to	03075768
01765392	_similar_to	01151407
01765392	_similar_to	01151097
01765392	_similar_to	00759551
01765392	_member_meronym	13971561
01765392	_member_meronym	13970764
01765392	_member_meronym	13969700
01765392	_member_meronym	09952163
01765392	_member_meronym	07515790
01765392	_member_meronym	03075768
01765392	_member_meronym	01151407
01765392	_member_meronym	01151097
01765392	_member_meronym	00759551
01765392	_instance_hypernym	13971561
01765392	_instance_hypernym	13970764
01765392	_instance_hypernym	13969700
01765392	_instance_hypernym	09952163
01765392	_instance_hypernym	07515790
01765392	_instance_hypernym	03075768
01765392	_instance_hypernym	01151407
01765392	_instance_hypernym	01151097
01765392	_instance_hypernym	00759551
01765392	_has_part	13971561
01765392	_has_part	13970764
01765392	_has_part	13969700
01765392	_has_part	09952163
01765392	_has_part	07515790
01765392	_has_part	03075768
01765392	_has_part	01151407
01765392	_has_part	01151097
01765392	_has_part	00759551
01753596	_similar_to	10210648
01753596	_similar_to	09972157
01753596	_similar_to	03178782
01753596	_similar_to	01640550
01753596	_member_meronym	10210648
01753596	_member_meronym	09972157
01753596	_member_meronym	03178782
01753596	_member_meronym	01640550
01753596	_instance_hypernym	10210648
01753596	_instance_hypernym	09972157
01753596	_instance_hypernym	03178782
01753596	_instance_hypernym	01640550
01753596	_has_part	10210648
01753596	_has_part	09972157
01753596	_has_part	03178782
01753596	_has_part	01640550
01743784	_similar_to	10325774
01743784	_similar_to	05938795
01743784	_similar_to	05937112
01743784	_similar_to	05890249
01743784	_similar_to	03777283
01743784	_similar_to	01742886
01743784	_similar_to	00898804
01743784	_member_meronym	10325774
01743784	_member_meronym	05938795
01743784	_member_meronym	05937112
01743784	_member_meronym	05890249
01743784	_member_meronym	03777283
01743784	_member_meronym	01742886
01743784	_member_meronym	00898804
01743784	_instance_hypernym	10325774
01743784	_instance_hypernym	05938795
01743784	_instance_hypernym	05937112
01743784	_instance_hypernym	05890249
01743784	_instance_hypernym	03777283
01743784	_instance_hypernym	01742886
01743784	_instance_hypernym	00898804
01743784	_has_part	10325774
01743784	_has_part	05938795
01743784	_has_part	05937112
01743784	_has_part	05890249
01743784	_has_part	03777283
01743784	_has_part	01742886
01743784	_has_part	00898804
01742886	_similar_to	09964411
01742886	_similar_to	03104594
01742886	_similar_to	01743784
01742886	_similar_to	01736822
01742886	_similar_to	01020936
01742886	_similar_to	01019524
01742886	_member_meronym	09964411
01742886	_member_meronym	03104594
01742886	_member_meronym	01743784
01742886	_member_meronym	01736822
01742886	_member_meronym	01020936
01742886	_member_meronym	01019524
01742886	_instance_hypernym	09964411
01742886	_instance_hypernym	03104594
01742886	_instance_hypernym	01743784
01742886	_instance_hypernym	01736822
01742886	_instance_hypernym	01020936
01742886	_instance_hypernym	01019524
01742886	_has_part	09964411
01742886	_has_part	03104594
01742886	_has_part	01743784
01742886	_has_part	01736822
01742886	_has_part	01020936
01742886	_has_part	01019524
01742726	_similar_to	13454318
01742726	_similar_to	09779790
01742726	_similar_to	01739814
01742726	_similar_to	00916464
01742726	_similar_to	00915722
01742726	_member_meronym	13454318
01742726	_member_meronym	09779790
01742726	_member_meronym	01739814
01742726	_member_meronym	00916464
01742726	_member_meronym	00915722
01742726	_instance_hypernym	13454318
01742726	_instance_hypernym	09779790
01742726	_instance_hypernym	01739814
01742726	_instance_hypernym	00916464
01742726	_instance_hypernym	00915722
01742726	_has_part	13454318
01742726	_has_part	09779790
01742726	_has_part	01739814
01742726	_has_part	00916464
01742726	_has_part	00915722
01741446	_similar_to	13085864
01741446	_similar_to	03146846
01741446	_similar_to	00916464
01741446	_similar_to	00915722
01741446	_similar_to	00406243
01741446	_member_meronym	13085864
01741446	_member_meronym	03146846
01741446	_member_meronym	00916464
01741446	_member_meronym	00915722
01741446	_member_meronym	00406243
01741446	_instance_hypernym	13085864
01741446	_instance_hypernym	03146846
01741446	_instance_hypernym	00916464
01741446	_instance_hypernym	00915722
01741446	_instance_hypernym	00406243
01741446	_has_part	13085864
01741446	_has_part	03146846
01741446	_has_part	00916464
01741446	_has_part	00915722
01741446	_has_part	00406243
01740892	_similar_to	01922763
01740892	_member_meronym	01922763
01740892	_instance_hypernym	01922763
01740892	_has_part	01922763
01740608	_similar_to	09260907
01740608	_similar_to	03146846
01740608	_similar_to	00918820
01740608	_similar_to	00916464
01740608	_member_meronym	09260907
01740608	_member_meronym	03146846
01740608	_member_meronym	00918820
01740608	_member_meronym	00916464
01740608	_instance_hypernym	09260907
01740608	_instance_hypernym	03146846
01740608	_instance_hypernym	00918820
01740608	_instance_hypernym	00916464
01740608	_has_part	09260907
01740608	_has_part	03146846
01740608	_has_part	00918820
01740608	_has_part	00916464
01739814	_similar_to	10078806
01739814	_similar_to	09779790
01739814	_similar_to	08438067
01739814	_similar_to	07705711
01739814	_similar_to	03322099
01739814	_similar_to	01742726
01739814	_similar_to	00916464
01739814	_member_meronym	10078806
01739814	_member_meronym	09779790
01739814	_member_meronym	08438067
01739814	_member_meronym	07705711
01739814	_member_meronym	03322099
01739814	_member_meronym	01742726
01739814	_member_meronym	00916464
01739814	_instance_hypernym	10078806
01739814	_instance_hypernym	09779790
01739814	_instance_hypernym	08438067
01739814	_instance_hypernym	07705711
01739814	_instance_hypernym	03322099
01739814	_instance_hypernym	01742726
01739814	_instance_hypernym	00916464
01739814	_has_part	10078806
01739814	_has_part	09779790
01739814	_has_part	08438067
01739814	_has_part	07705711
01739814	_has_part	03322099
01739814	_has_part	01742726
01739814	_has_part	00916464
01736822	_similar_to	01742886
01736822	_similar_to	01735308
01736822	_member_meronym	01742886
01736822	_member_meronym	01735308
01736822	_instance_hypernym	01742886
01736822	_instance_hypernym	01735308
01736822	_has_part	01742886
01736822	_has_part	01735308
01735308	_similar_to	03257586
01735308	_similar_to	03257343
01735308	_similar_to	01736822
01735308	_member_meronym	03257586
01735308	_member_meronym	03257343
01735308	_member_meronym	01736822
01735308	_instance_hypernym	03257586
01735308	_instance_hypernym	03257343
01735308	_instance_hypernym	01736822
01735308	_has_part	03257586
01735308	_has_part	03257343
01735308	_has_part	01736822
01722980	_similar_to	05890249
01722980	_member_meronym	05890249
01722980	_instance_hypernym	05890249
01722980	_has_part	05890249
01719302	_similar_to	06893885
01719302	_similar_to	06157326
01719302	_member_meronym	06893885
01719302	_member_meronym	06157326
01719302	_instance_hypernym	06893885
01719302	_instance_hypernym	06157326
01719302	_has_part	06893885
01719302	_has_part	06157326
01711749	_similar_to	08677628
01711749	_similar_to	08664443
01711749	_similar_to	05075602
01711749	_similar_to	01711445
01711749	_similar_to	01052853
01711749	_similar_to	00155487
01711749	_member_meronym	08677628
01711749	_member_meronym	08664443
01711749	_member_meronym	05075602
01711749	_member_meronym	01711445
01711749	_member_meronym	01052853
01711749	_member_meronym	00155487
01711749	_instance_hypernym	08677628
01711749	_instance_hypernym	08664443
01711749	_instance_hypernym	05075602
01711749	_instance_hypernym	01711445
01711749	_instance_hypernym	01052853
01711749	_instance_hypernym	00155487
01711749	_has_part	08677628
01711749	_has_part	08664443
01711749	_has_part	05075602
01711749	_has_part	01711445
01711749	_has_part	01052853
01711749	_has_part	00155487
01711445	_similar_to	07006712
01711445	_similar_to	06893885
01711445	_similar_to	06157326
01711445	_similar_to	04296562
01711445	_similar_to	01711749
01711445	_similar_to	00521562
01711445	_member_meronym	07006712
01711445	_member_meronym	06893885
01711445	_member_meronym	06157326
01711445	_member_meronym	04296562
01711445	_member_meronym	01711749
01711445	_member_meronym	00521562
01711445	_instance_hypernym	07006712
01711445	_instance_hypernym	06893885
01711445	_instance_hypernym	06157326
01711445	_instance_hypernym	04296562
01711445	_instance_hypernym	01711749
01711445	_instance_hypernym	00521562
01711445	_has_part	07006712
01711445	_has_part	06893885
01711445	_has_part	06157326
01711445	_has_part	04296562
01711445	_has_part	01711749
01711445	_has_part	00521562
01697406	_similar_to	10325774
01697406	_similar_to	03777283
01697406	_similar_to	00898804
01697406	_member_meronym	10325774
01697406	_member_meronym	03777283
01697406	_member_meronym	00898804
01697406	_instance_hypernym	10325774
01697406	_instance_hypernym	03777283
01697406	_instance_hypernym	00898804
01697406	_has_part	10325774
01697406	_has_part	03777283
01697406	_has_part	00898804
01697027	_similar_to	13913566
01697027	_similar_to	03779621
01697027	_similar_to	03779370
01697027	_similar_to	03777283
01697027	_similar_to	00909899
01697027	_similar_to	00898804
01697027	_member_meronym	13913566
01697027	_member_meronym	03779621
01697027	_member_meronym	03779370
01697027	_member_meronym	03777283
01697027	_member_meronym	00909899
01697027	_member_meronym	00898804
01697027	_instance_hypernym	13913566
01697027	_instance_hypernym	03779621
01697027	_instance_hypernym	03779370
01697027	_instance_hypernym	03777283
01697027	_instance_hypernym	00909899
01697027	_instance_hypernym	00898804
01697027	_has_part	13913566
01697027	_has_part	03779621
01697027	_has_part	03779370
01697027	_has_part	03777283
01697027	_has_part	00909899
01697027	_has_part	00898804
01693881	_similar_to	09964805
01693881	_similar_to	03257586
01693881	_similar_to	01019524
01693881	_similar_to	00908772
01693881	_member_meronym	09964805
01693881	_member_meronym	03257586
01693881	_member_meronym	01019524
01693881	_member_meronym	00908772
01693881	_instance_hypernym	09964805
01693881	_instance_hypernym	03257586
01693881	_instance_hypernym	01019524
01693881	_instance_hypernym	00908772
01693881	_has_part	09964805
01693881	_has_part	03257586
01693881	_has_part	01019524
01693881	_has_part	00908772
01690294	_similar_to	10029068
01690294	_similar_to	07003119
01690294	_similar_to	03234306
01690294	_similar_to	01689379
01690294	_similar_to	01582645
01690294	_member_meronym	10029068
01690294	_member_meronym	07003119
01690294	_member_meronym	03234306
01690294	_member_meronym	01689379
01690294	_member_meronym	01582645
01690294	_instance_hypernym	10029068
01690294	_instance_hypernym	07003119
01690294	_instance_hypernym	03234306
01690294	_instance_hypernym	01689379
01690294	_instance_hypernym	01582645
01690294	_has_part	10029068
01690294	_has_part	07003119
01690294	_has_part	03234306
01690294	_has_part	01689379
01690294	_has_part	01582645
01689379	_similar_to	08612786
01689379	_similar_to	03173524
01689379	_similar_to	01690294
01689379	_member_meronym	08612786
01689379	_member_meronym	03173524
01689379	_member_meronym	01690294
01689379	_instance_hypernym	08612786
01689379	_instance_hypernym	03173524
01689379	_instance_hypernym	01690294
01689379	_has_part	08612786
01689379	_has_part	03173524
01689379	_has_part	01690294
01688771	_similar_to	00521562
01688771	_member_meronym	00521562
01688771	_instance_hypernym	00521562
01688771	_has_part	00521562
01687569	_similar_to	07066659
01687569	_similar_to	05844105
01687569	_similar_to	05750163
01687569	_similar_to	04928903
01687569	_similar_to	01159964
01687569	_member_meronym	07066659
01687569	_member_meronym	05844105
01687569	_member_meronym	05750163
01687569	_member_meronym	04928903
01687569	_member_meronym	01159964
01687569	_instance_hypernym	07066659
01687569	_instance_hypernym	05844105
01687569	_instance_hypernym	05750163
01687569	_instance_hypernym	04928903
01687569	_instance_hypernym	01159964
01687569	_has_part	07066659
01687569	_has_part	05844105
01687569	_has_part	05750163
01687569	_has_part	04928903
01687569	_has_part	01159964
01684337	_similar_to	10566072
01684337	_similar_to	04157320
01684337	_similar_to	01551871
01684337	_member_meronym	10566072
01684337	_member_meronym	04157320
01684337	_member_meronym	01551871
01684337	_instance_hypernym	10566072
01684337	_instance_hypernym	04157320
01684337	_instance_hypernym	01551871
01684337	_has_part	10566072
01684337	_has_part	04157320
01684337	_has_part	01551871
01683582	_similar_to	05902327
01683582	_member_meronym	05902327
01683582	_instance_hypernym	05902327
01683582	_has_part	05902327
01675963	_similar_to	03169390
01675963	_member_meronym	03169390
01675963	_instance_hypernym	03169390
01675963	_has_part	03169390
01667449	_similar_to	04033995
01667449	_similar_to	01291069
01667449	_member_meronym	04033995
01667449	_member_meronym	01291069
01667449	_instance_hypernym	04033995
01667449	_instance_hypernym	01291069
01667449	_has_part	04033995
01667449	_has_part	01291069
01667304	_similar_to	04033995
01667304	_similar_to	01666327
01667304	_member_meronym	04033995
01667304	_member_meronym	01666327
01667304	_instance_hypernym	04033995
01667304	_instance_hypernym	01666327
01667304	_has_part	04033995
01667304	_has_part	01666327
01666894	_similar_to	10155849
01666894	_similar_to	05844105
01666894	_similar_to	05750657
01666894	_member_meronym	10155849
01666894	_member_meronym	05844105
01666894	_member_meronym	05750657
01666894	_instance_hypernym	10155849
01666894	_instance_hypernym	05844105
01666894	_instance_hypernym	05750657
01666894	_has_part	10155849
01666894	_has_part	05844105
01666894	_has_part	05750657
01666717	_similar_to	10689564
01666717	_similar_to	05750657
01666717	_similar_to	01640550
01666717	_member_meronym	10689564
01666717	_member_meronym	05750657
01666717	_member_meronym	01640550
01666717	_instance_hypernym	10689564
01666717	_instance_hypernym	05750657
01666717	_instance_hypernym	01640550
01666717	_has_part	10689564
01666717	_has_part	05750657
01666717	_has_part	01640550
01666327	_similar_to	10689564
01666327	_similar_to	10584318
01666327	_similar_to	04179385
01666327	_similar_to	01667304
01666327	_member_meronym	10689564
01666327	_member_meronym	10584318
01666327	_member_meronym	04179385
01666327	_member_meronym	01667304
01666327	_instance_hypernym	10689564
01666327	_instance_hypernym	10584318
01666327	_instance_hypernym	04179385
01666327	_instance_hypernym	01667304
01666327	_has_part	10689564
01666327	_has_part	10584318
01666327	_has_part	04179385
01666327	_has_part	01667304
01662771	_similar_to	13913566
01662771	_similar_to	03779621
01662771	_similar_to	03779370
01662771	_similar_to	02979662
01662771	_similar_to	00909899
01662771	_member_meronym	13913566
01662771	_member_meronym	03779621
01662771	_member_meronym	03779370
01662771	_member_meronym	02979662
01662771	_member_meronym	00909899
01662771	_instance_hypernym	13913566
01662771	_instance_hypernym	03779621
01662771	_instance_hypernym	03779370
01662771	_instance_hypernym	02979662
01662771	_instance_hypernym	00909899
01662771	_has_part	13913566
01662771	_has_part	03779621
01662771	_has_part	03779370
01662771	_has_part	02979662
01662771	_has_part	00909899
01660640	_similar_to	09303008
01660640	_similar_to	03792334
01660640	_member_meronym	09303008
01660640	_member_meronym	03792334
01660640	_instance_hypernym	09303008
01660640	_instance_hypernym	03792334
01660640	_has_part	09303008
01660640	_has_part	03792334
01660386	_similar_to	09326662
01660386	_similar_to	03792048
01660386	_member_meronym	09326662
01660386	_member_meronym	03792048
01660386	_instance_hypernym	09326662
01660386	_instance_hypernym	03792048
01660386	_has_part	09326662
01660386	_has_part	03792048
01656788	_similar_to	03932203
01656788	_similar_to	03533486
01656788	_similar_to	01295275
01656788	_member_meronym	03932203
01656788	_member_meronym	03533486
01656788	_member_meronym	01295275
01656788	_instance_hypernym	03932203
01656788	_instance_hypernym	03533486
01656788	_instance_hypernym	01295275
01656788	_has_part	03932203
01656788	_has_part	03533486
01656788	_has_part	01295275
01648126	_similar_to	10645611
01648126	_member_meronym	10645611
01648126	_instance_hypernym	10645611
01648126	_has_part	10645611
01647867	_similar_to	13970236
01647867	_similar_to	09952163
01647867	_similar_to	06773976
01647867	_similar_to	01647672
01647867	_member_meronym	13970236
01647867	_member_meronym	09952163
01647867	_member_meronym	06773976
01647867	_member_meronym	01647672
01647867	_instance_hypernym	13970236
01647867	_instance_hypernym	09952163
01647867	_instance_hypernym	06773976
01647867	_instance_hypernym	01647672
01647867	_has_part	13970236
01647867	_has_part	09952163
01647867	_has_part	06773976
01647867	_has_part	01647672
01647672	_similar_to	01647867
01647672	_similar_to	01629000
01647672	_member_meronym	01647867
01647672	_member_meronym	01629000
01647672	_instance_hypernym	01647867
01647672	_instance_hypernym	01629000
01647672	_has_part	01647867
01647672	_has_part	01629000
01643464	_similar_to	10029068
01643464	_similar_to	07003119
01643464	_similar_to	01582645
01643464	_similar_to	00935940
01643464	_member_meronym	10029068
01643464	_member_meronym	07003119
01643464	_member_meronym	01582645
01643464	_member_meronym	00935940
01643464	_instance_hypernym	10029068
01643464	_instance_hypernym	07003119
01643464	_instance_hypernym	01582645
01643464	_instance_hypernym	00935940
01643464	_has_part	10029068
01643464	_has_part	07003119
01643464	_has_part	01582645
01643464	_has_part	00935940
01640550	_similar_to	09972157
01640550	_similar_to	03178782
01640550	_similar_to	01753596
01640550	_similar_to	01666717
01640550	_similar_to	00928077
01640550	_member_meronym	09972157
01640550	_member_meronym	03178782
01640550	_member_meronym	01753596
01640550	_member_meronym	01666717
01640550	_member_meronym	00928077
01640550	_instance_hypernym	09972157
01640550	_instance_hypernym	03178782
01640550	_instance_hypernym	01753596
01640550	_instance_hypernym	01666717
01640550	_instance_hypernym	00928077
01640550	_has_part	09972157
01640550	_has_part	03178782
01640550	_has_part	01753596
01640550	_has_part	01666717
01640550	_has_part	00928077
01629000	_similar_to	01647672
01629000	_similar_to	00914632
01629000	_member_meronym	01647672
01629000	_member_meronym	00914632
01629000	_instance_hypernym	01647672
01629000	_instance_hypernym	00914632
01629000	_has_part	01647672
01629000	_has_part	00914632
01624568	_similar_to	13913566
01624568	_member_meronym	13913566
01624568	_instance_hypernym	13913566
01624568	_has_part	13913566
01613239	_similar_to	01052853
01613239	_member_meronym	01052853
01613239	_instance_hypernym	01052853
01613239	_has_part	01052853
01612053	_similar_to	04906273
01612053	_similar_to	02542795
01612053	_similar_to	02451113
01612053	_similar_to	01474513
01612053	_similar_to	01167146
01612053	_similar_to	01123148
01612053	_similar_to	00788821
01612053	_similar_to	00696518
01612053	_member_meronym	04906273
01612053	_member_meronym	02542795
01612053	_member_meronym	02451113
01612053	_member_meronym	01474513
01612053	_member_meronym	01167146
01612053	_member_meronym	01123148
01612053	_member_meronym	00788821
01612053	_member_meronym	00696518
01612053	_instance_hypernym	04906273
01612053	_instance_hypernym	02542795
01612053	_instance_hypernym	02451113
01612053	_instance_hypernym	01474513
01612053	_instance_hypernym	01167146
01612053	_instance_hypernym	01123148
01612053	_instance_hypernym	00788821
01612053	_instance_hypernym	00696518
01612053	_has_part	04906273
01612053	_has_part	02542795
01612053	_has_part	02451113
01612053	_has_part	01474513
01612053	_has_part	01167146
01612053	_has_part	01123148
01612053	_has_part	00788821
01612053	_has_part	00696518
01606205	_similar_to	03420559
01606205	_similar_to	03386011
01606205	_similar_to	03385557
01606205	_member_meronym	03420559
01606205	_member_meronym	03386011
01606205	_member_meronym	03385557
01606205	_instance_hypernym	03420559
01606205	_instance_hypernym	03386011
01606205	_instance_hypernym	03385557
01606205	_has_part	03420559
01606205	_has_part	03386011
01606205	_has_part	03385557
01590171	_similar_to	03932203
01590171	_similar_to	03745285
01590171	_similar_to	01291069
01590171	_similar_to	00267349
01590171	_member_meronym	03932203
01590171	_member_meronym	03745285
01590171	_member_meronym	01291069
01590171	_member_meronym	00267349
01590171	_instance_hypernym	03932203
01590171	_instance_hypernym	03745285
01590171	_instance_hypernym	01291069
01590171	_instance_hypernym	00267349
01590171	_has_part	03932203
01590171	_has_part	03745285
01590171	_has_part	01291069
01590171	_has_part	00267349
01588493	_similar_to	07273136
01588493	_similar_to	07270179
01588493	_similar_to	07202579
01588493	_similar_to	01296462
01588493	_similar_to	00508032
01588493	_member_meronym	07273136
01588493	_member_meronym	07270179
01588493	_member_meronym	07202579
01588493	_member_meronym	01296462
01588493	_member_meronym	00508032
01588493	_instance_hypernym	07273136
01588493	_instance_hypernym	07270179
01588493	_instance_hypernym	07202579
01588493	_instance_hypernym	01296462
01588493	_instance_hypernym	00508032
01588493	_has_part	07273136
01588493	_has_part	07270179
01588493	_has_part	07202579
01588493	_has_part	01296462
01588493	_has_part	00508032
01588134	_similar_to	03327234
01588134	_member_meronym	03327234
01588134	_instance_hypernym	03327234
01588134	_has_part	03327234
01586850	_similar_to	03391301
01586850	_similar_to	03390983
01586850	_similar_to	02875013
01586850	_member_meronym	03391301
01586850	_member_meronym	03390983
01586850	_member_meronym	02875013
01586850	_instance_hypernym	03391301
01586850	_instance_hypernym	03390983
01586850	_instance_hypernym	02875013
01586850	_has_part	03391301
01586850	_has_part	03390983
01586850	_has_part	02875013
01583656	_similar_to	06004685
01583656	_similar_to	01583494
01583656	_similar_to	01582645
01583656	_similar_to	01149480
01583656	_member_meronym	06004685
01583656	_member_meronym	01583494
01583656	_member_meronym	01582645
01583656	_member_meronym	01149480
01583656	_instance_hypernym	06004685
01583656	_instance_hypernym	01583494
01583656	_instance_hypernym	01582645
01583656	_instance_hypernym	01149480
01583656	_has_part	06004685
01583656	_has_part	01583494
01583656	_has_part	01582645
01583656	_has_part	01149480
01583494	_similar_to	01583656
01583494	_similar_to	01582645
01583494	_similar_to	01149480
01583494	_member_meronym	01583656
01583494	_member_meronym	01582645
01583494	_member_meronym	01149480
01583494	_instance_hypernym	01583656
01583494	_instance_hypernym	01582645
01583494	_instance_hypernym	01149480
01583494	_has_part	01583656
01583494	_has_part	01582645
01583494	_has_part	01149480
01582645	_similar_to	08612786
01582645	_similar_to	06799897
01582645	_similar_to	04463273
01582645	_similar_to	03234306
01582645	_similar_to	03173524
01582645	_similar_to	01690294
01582645	_similar_to	01643464
01582645	_similar_to	01583656
01582645	_similar_to	01583494
01582645	_similar_to	00938419
01582645	_similar_to	00508032
01582645	_similar_to	00263813
01582645	_member_meronym	08612786
01582645	_member_meronym	06799897
01582645	_member_meronym	04463273
01582645	_member_meronym	03234306
01582645	_member_meronym	03173524
01582645	_member_meronym	01690294
01582645	_member_meronym	01643464
01582645	_member_meronym	01583656
01582645	_member_meronym	01583494
01582645	_member_meronym	00938419
01582645	_member_meronym	00508032
01582645	_member_meronym	00263813
01582645	_instance_hypernym	08612786
01582645	_instance_hypernym	06799897
01582645	_instance_hypernym	04463273
01582645	_instance_hypernym	03234306
01582645	_instance_hypernym	03173524
01582645	_instance_hypernym	01690294
01582645	_instance_hypernym	01643464
01582645	_instance_hypernym	01583656
01582645	_instance_hypernym	01583494
01582645	_instance_hypernym	00938419
01582645	_instance_hypernym	00508032
01582645	_instance_hypernym	00263813
01582645	_has_part	08612786
01582645	_has_part	06799897
01582645	_has_part	04463273
01582645	_has_part	03234306
01582645	_has_part	03173524
01582645	_has_part	01690294
01582645	_has_part	01643464
01582645	_has_part	01583656
01582645	_has_part	01583494
01582645	_has_part	00938419
01582645	_has_part	00508032
01582645	_has_part	00263813
01580467	_similar_to	04605726
01580467	_similar_to	03285912
01580467	_similar_to	00406365
01580467	_similar_to	00321956
01580467	_member_meronym	04605726
01580467	_member_meronym	03285912
01580467	_member_meronym	00406365
01580467	_member_meronym	00321956
01580467	_instance_hypernym	04605726
01580467	_instance_hypernym	03285912
01580467	_instance_hypernym	00406365
01580467	_instance_hypernym	00321956
01580467	_has_part	04605726
01580467	_has_part	03285912
01580467	_has_part	00406365
01580467	_has_part	00321956
01575675	_similar_to	01051331
01575675	_member_meronym	01051331
01575675	_instance_hypernym	01051331
01575675	_has_part	01051331
01567275	_similar_to	01052853
01567275	_similar_to	00919513
01567275	_similar_to	00017222
01567275	_member_meronym	01052853
01567275	_member_meronym	00919513
01567275	_member_meronym	00017222
01567275	_instance_hypernym	01052853
01567275	_instance_hypernym	00919513
01567275	_instance_hypernym	00017222
01567275	_has_part	01052853
01567275	_has_part	00919513
01567275	_has_part	00017222
01551871	_similar_to	10566072
01551871	_similar_to	04157320
01551871	_similar_to	01684337
01551871	_similar_to	01256157
01551871	_member_meronym	10566072
01551871	_member_meronym	04157320
01551871	_member_meronym	01684337
01551871	_member_meronym	01256157
01551871	_instance_hypernym	10566072
01551871	_instance_hypernym	04157320
01551871	_instance_hypernym	01684337
01551871	_instance_hypernym	01256157
01551871	_has_part	10566072
01551871	_has_part	04157320
01551871	_has_part	01684337
01551871	_has_part	01256157
01531375	_similar_to	05117660
01531375	_similar_to	01508719
01531375	_member_meronym	05117660
01531375	_member_meronym	01508719
01531375	_instance_hypernym	05117660
01531375	_instance_hypernym	01508719
01531375	_has_part	05117660
01531375	_has_part	01508719
01510827	_similar_to	14008806
01510827	_similar_to	07338114
01510827	_similar_to	00409211
01510827	_similar_to	00140393
01510827	_member_meronym	14008806
01510827	_member_meronym	07338114
01510827	_member_meronym	00409211
01510827	_member_meronym	00140393
01510827	_instance_hypernym	14008806
01510827	_instance_hypernym	07338114
01510827	_instance_hypernym	00409211
01510827	_instance_hypernym	00140393
01510827	_has_part	14008806
01510827	_has_part	07338114
01510827	_has_part	00409211
01510827	_has_part	00140393
01508719	_similar_to	04910973
01508719	_similar_to	01531375
01508719	_member_meronym	04910973
01508719	_member_meronym	01531375
01508719	_instance_hypernym	04910973
01508719	_instance_hypernym	01531375
01508719	_has_part	04910973
01508719	_has_part	01531375
01498713	_similar_to	02928413
01498713	_member_meronym	02928413
01498713	_instance_hypernym	02928413
01498713	_has_part	02928413
01496630	_similar_to	01051331
01496630	_member_meronym	01051331
01496630	_instance_hypernym	01051331
01496630	_has_part	01051331
01492052	_similar_to	13792692
01492052	_similar_to	04613158
01492052	_similar_to	04612840
01492052	_similar_to	01296462
01492052	_similar_to	00917211
01492052	_member_meronym	13792692
01492052	_member_meronym	04613158
01492052	_member_meronym	04612840
01492052	_member_meronym	01296462
01492052	_member_meronym	00917211
01492052	_instance_hypernym	13792692
01492052	_instance_hypernym	04613158
01492052	_instance_hypernym	04612840
01492052	_instance_hypernym	01296462
01492052	_instance_hypernym	00917211
01492052	_has_part	13792692
01492052	_has_part	04613158
01492052	_has_part	04612840
01492052	_has_part	01296462
01492052	_has_part	00917211
01474513	_similar_to	02451113
01474513	_similar_to	02443049
01474513	_similar_to	01612053
01474513	_similar_to	00696518
01474513	_member_meronym	02451113
01474513	_member_meronym	02443049
01474513	_member_meronym	01612053
01474513	_member_meronym	00696518
01474513	_instance_hypernym	02451113
01474513	_instance_hypernym	02443049
01474513	_instance_hypernym	01612053
01474513	_instance_hypernym	00696518
01474513	_has_part	02451113
01474513	_has_part	02443049
01474513	_has_part	01612053
01474513	_has_part	00696518
01467370	_similar_to	08567235
01467370	_similar_to	08565701
01467370	_similar_to	08512736
01467370	_similar_to	02875013
01467370	_member_meronym	08567235
01467370	_member_meronym	08565701
01467370	_member_meronym	08512736
01467370	_member_meronym	02875013
01467370	_instance_hypernym	08567235
01467370	_instance_hypernym	08565701
01467370	_instance_hypernym	08512736
01467370	_instance_hypernym	02875013
01467370	_has_part	08567235
01467370	_has_part	08565701
01467370	_has_part	08512736
01467370	_has_part	02875013
01466978	_similar_to	13903079
01466978	_similar_to	09758781
01466978	_similar_to	08620763
01466978	_similar_to	08565701
01466978	_similar_to	08513163
01466978	_similar_to	08512736
01466978	_similar_to	03265479
01466978	_similar_to	02928413
01466978	_member_meronym	13903079
01466978	_member_meronym	09758781
01466978	_member_meronym	08620763
01466978	_member_meronym	08565701
01466978	_member_meronym	08513163
01466978	_member_meronym	08512736
01466978	_member_meronym	03265479
01466978	_member_meronym	02928413
01466978	_instance_hypernym	13903079
01466978	_instance_hypernym	09758781
01466978	_instance_hypernym	08620763
01466978	_instance_hypernym	08565701
01466978	_instance_hypernym	08513163
01466978	_instance_hypernym	08512736
01466978	_instance_hypernym	03265479
01466978	_instance_hypernym	02928413
01466978	_has_part	13903079
01466978	_has_part	09758781
01466978	_has_part	08620763
01466978	_has_part	08565701
01466978	_has_part	08513163
01466978	_has_part	08512736
01466978	_has_part	03265479
01466978	_has_part	02928413
01466543	_similar_to	03169390
01466543	_member_meronym	03169390
01466543	_instance_hypernym	03169390
01466543	_has_part	03169390
01465365	_similar_to	13743605
01465365	_similar_to	07985223
01465365	_similar_to	02612368
01465365	_similar_to	01465218
01465365	_member_meronym	13743605
01465365	_member_meronym	07985223
01465365	_member_meronym	02612368
01465365	_member_meronym	01465218
01465365	_instance_hypernym	13743605
01465365	_instance_hypernym	07985223
01465365	_instance_hypernym	02612368
01465365	_instance_hypernym	01465218
01465365	_has_part	13743605
01465365	_has_part	07985223
01465365	_has_part	02612368
01465365	_has_part	01465218
01465218	_similar_to	13743605
01465218	_similar_to	01465365
01465218	_member_meronym	13743605
01465218	_member_meronym	01465365
01465218	_instance_hypernym	13743605
01465218	_instance_hypernym	01465365
01465218	_has_part	13743605
01465218	_has_part	01465365
01428853	_similar_to	10640620
01428853	_similar_to	10300303
01428853	_similar_to	07988857
01428853	_similar_to	07976936
01428853	_similar_to	02887741
01428853	_similar_to	01291069
01428853	_similar_to	00847340
01428853	_similar_to	00845523
01428853	_member_meronym	10640620
01428853	_member_meronym	10300303
01428853	_member_meronym	07988857
01428853	_member_meronym	07976936
01428853	_member_meronym	02887741
01428853	_member_meronym	01291069
01428853	_member_meronym	00847340
01428853	_member_meronym	00845523
01428853	_instance_hypernym	10640620
01428853	_instance_hypernym	10300303
01428853	_instance_hypernym	07988857
01428853	_instance_hypernym	07976936
01428853	_instance_hypernym	02887741
01428853	_instance_hypernym	01291069
01428853	_instance_hypernym	00847340
01428853	_instance_hypernym	00845523
01428853	_has_part	10640620
01428853	_has_part	10300303
01428853	_has_part	07988857
01428853	_has_part	07976936
01428853	_has_part	02887741
01428853	_has_part	01291069
01428853	_has_part	00847340
01428853	_has_part	00845523
01421622	_similar_to	03573282
01421622	_similar_to	01421122
01421622	_similar_to	00320852
01421622	_member_meronym	03573282
01421622	_member_meronym	01421122
01421622	_member_meronym	00320852
01421622	_instance_hypernym	03573282
01421622	_instance_hypernym	01421122
01421622	_instance_hypernym	00320852
01421622	_has_part	03573282
01421622	_has_part	01421122
01421622	_has_part	00320852
01421122	_similar_to	03091374
01421122	_similar_to	01421622
01421122	_member_meronym	03091374
01421122	_member_meronym	01421622
01421122	_instance_hypernym	03091374
01421122	_instance_hypernym	01421622
01421122	_has_part	03091374
01421122	_has_part	01421622
01410905	_similar_to	04750164
01410905	_member_meronym	04750164
01410905	_instance_hypernym	04750164
01410905	_has_part	04750164
01410363	_similar_to	04750764
01410363	_similar_to	04750164
01410363	_similar_to	04748836
01410363	_similar_to	02666239
01410363	_similar_to	02064745
01410363	_member_meronym	04750764
01410363	_member_meronym	04750164
01410363	_member_meronym	04748836
01410363	_member_meronym	02666239
01410363	_member_meronym	02064745
01410363	_instance_hypernym	04750764
01410363	_instance_hypernym	04750164
01410363	_instance_hypernym	04748836
01410363	_instance_hypernym	02666239
01410363	_instance_hypernym	02064745
01410363	_has_part	04750764
01410363	_has_part	04750164
01410363	_has_part	04748836
01410363	_has_part	02666239
01410363	_has_part	02064745
01389942	_similar_to	01130607
01389942	_member_meronym	01130607
01389942	_instance_hypernym	01130607
01389942	_has_part	01130607
01389776	_similar_to	00320852
01389776	_member_meronym	00320852
01389776	_instance_hypernym	00320852
01389776	_has_part	00320852
01368192	_similar_to	01364008
01368192	_similar_to	01149494
01368192	_similar_to	00364479
01368192	_member_meronym	01364008
01368192	_member_meronym	01149494
01368192	_member_meronym	00364479
01368192	_instance_hypernym	01364008
01368192	_instance_hypernym	01149494
01368192	_instance_hypernym	00364479
01368192	_has_part	01364008
01368192	_has_part	01149494
01368192	_has_part	00364479
01366718	_similar_to	07527352
01366718	_similar_to	01363613
01366718	_similar_to	01148283
01366718	_member_meronym	07527352
01366718	_member_meronym	01363613
01366718	_member_meronym	01148283
01366718	_instance_hypernym	07527352
01366718	_instance_hypernym	01363613
01366718	_instance_hypernym	01148283
01366718	_has_part	07527352
01366718	_has_part	01363613
01366718	_has_part	01148283
01364008	_similar_to	01368192
01364008	_similar_to	01149494
01364008	_member_meronym	01368192
01364008	_member_meronym	01149494
01364008	_instance_hypernym	01368192
01364008	_instance_hypernym	01149494
01364008	_has_part	01368192
01364008	_has_part	01149494
01363613	_similar_to	07527352
01363613	_similar_to	01366718
01363613	_similar_to	01148283
01363613	_member_meronym	07527352
01363613	_member_meronym	01366718
01363613	_member_meronym	01148283
01363613	_instance_hypernym	07527352
01363613	_instance_hypernym	01366718
01363613	_instance_hypernym	01148283
01363613	_has_part	07527352
01363613	_has_part	01366718
01363613	_has_part	01148283
01354673	_similar_to	13792692
01354673	_similar_to	03673971
01354673	_similar_to	03091374
01354673	_similar_to	01296462
01354673	_similar_to	01295275
01354673	_similar_to	00148978
01354673	_member_meronym	13792692
01354673	_member_meronym	03673971
01354673	_member_meronym	03091374
01354673	_member_meronym	01296462
01354673	_member_meronym	01295275
01354673	_member_meronym	00148978
01354673	_instance_hypernym	13792692
01354673	_instance_hypernym	03673971
01354673	_instance_hypernym	03091374
01354673	_instance_hypernym	01296462
01354673	_instance_hypernym	01295275
01354673	_instance_hypernym	00148978
01354673	_has_part	13792692
01354673	_has_part	03673971
01354673	_has_part	03091374
01354673	_has_part	01296462
01354673	_has_part	01295275
01354673	_has_part	00148978
01340439	_similar_to	10080337
01340439	_similar_to	04777098
01340439	_similar_to	03354613
01340439	_similar_to	01329239
01340439	_similar_to	01296462
01340439	_similar_to	01285440
01340439	_similar_to	00147595
01340439	_member_meronym	10080337
01340439	_member_meronym	04777098
01340439	_member_meronym	03354613
01340439	_member_meronym	01329239
01340439	_member_meronym	01296462
01340439	_member_meronym	01285440
01340439	_member_meronym	00147595
01340439	_instance_hypernym	10080337
01340439	_instance_hypernym	04777098
01340439	_instance_hypernym	03354613
01340439	_instance_hypernym	01329239
01340439	_instance_hypernym	01296462
01340439	_instance_hypernym	01285440
01340439	_instance_hypernym	00147595
01340439	_has_part	10080337
01340439	_has_part	04777098
01340439	_has_part	03354613
01340439	_has_part	01329239
01340439	_has_part	01296462
01340439	_has_part	01285440
01340439	_has_part	00147595
01329239	_similar_to	10657306
01329239	_similar_to	10584318
01329239	_similar_to	04321238
01329239	_similar_to	04179385
01329239	_similar_to	01340439
01329239	_similar_to	00715674
01329239	_member_meronym	10657306
01329239	_member_meronym	10584318
01329239	_member_meronym	04321238
01329239	_member_meronym	04179385
01329239	_member_meronym	01340439
01329239	_member_meronym	00715674
01329239	_instance_hypernym	10657306
01329239	_instance_hypernym	10584318
01329239	_instance_hypernym	04321238
01329239	_instance_hypernym	04179385
01329239	_instance_hypernym	01340439
01329239	_instance_hypernym	00715674
01329239	_has_part	10657306
01329239	_has_part	10584318
01329239	_has_part	04321238
01329239	_has_part	04179385
01329239	_has_part	01340439
01329239	_has_part	00715674
01321002	_similar_to	13085864
01321002	_similar_to	00359903
01321002	_member_meronym	13085864
01321002	_member_meronym	00359903
01321002	_instance_hypernym	13085864
01321002	_instance_hypernym	00359903
01321002	_has_part	13085864
01321002	_has_part	00359903
01320009	_similar_to	13085864
01320009	_similar_to	10161363
01320009	_similar_to	03496892
01320009	_similar_to	01015310
01320009	_similar_to	00921790
01320009	_member_meronym	13085864
01320009	_member_meronym	10161363
01320009	_member_meronym	03496892
01320009	_member_meronym	01015310
01320009	_member_meronym	00921790
01320009	_instance_hypernym	13085864
01320009	_instance_hypernym	10161363
01320009	_instance_hypernym	03496892
01320009	_instance_hypernym	01015310
01320009	_instance_hypernym	00921790
01320009	_has_part	13085864
01320009	_has_part	10161363
01320009	_has_part	03496892
01320009	_has_part	01015310
01320009	_has_part	00921790
01303242	_similar_to	02840361
01303242	_member_meronym	02840361
01303242	_instance_hypernym	02840361
01303242	_has_part	02840361
01301410	_similar_to	13999663
01301410	_similar_to	13998781
01301410	_similar_to	03525252
01301410	_similar_to	01288052
01301410	_similar_to	01286913
01301410	_similar_to	00512186
01301410	_member_meronym	13999663
01301410	_member_meronym	13998781
01301410	_member_meronym	03525252
01301410	_member_meronym	01288052
01301410	_member_meronym	01286913
01301410	_member_meronym	00512186
01301410	_instance_hypernym	13999663
01301410	_instance_hypernym	13998781
01301410	_instance_hypernym	03525252
01301410	_instance_hypernym	01288052
01301410	_instance_hypernym	01286913
01301410	_instance_hypernym	00512186
01301410	_has_part	13999663
01301410	_has_part	13998781
01301410	_has_part	03525252
01301410	_has_part	01288052
01301410	_has_part	01286913
01301410	_has_part	00512186
01301051	_similar_to	10525134
01301051	_similar_to	00233335
01301051	_member_meronym	10525134
01301051	_member_meronym	00233335
01301051	_instance_hypernym	10525134
01301051	_instance_hypernym	00233335
01301051	_has_part	10525134
01301051	_has_part	00233335
01296462	_similar_to	01588493
01296462	_similar_to	01492052
01296462	_similar_to	01354673
01296462	_similar_to	01340439
01296462	_similar_to	00147595
01296462	_member_meronym	01588493
01296462	_member_meronym	01492052
01296462	_member_meronym	01354673
01296462	_member_meronym	01340439
01296462	_member_meronym	00147595
01296462	_instance_hypernym	01588493
01296462	_instance_hypernym	01492052
01296462	_instance_hypernym	01354673
01296462	_instance_hypernym	01340439
01296462	_instance_hypernym	00147595
01296462	_has_part	01588493
01296462	_has_part	01492052
01296462	_has_part	01354673
01296462	_has_part	01340439
01296462	_has_part	00147595
01295275	_similar_to	01656788
01295275	_similar_to	01354673
01295275	_similar_to	01293389
01295275	_similar_to	01292885
01295275	_similar_to	01069391
01295275	_similar_to	00145218
01295275	_member_meronym	01656788
01295275	_member_meronym	01354673
01295275	_member_meronym	01293389
01295275	_member_meronym	01292885
01295275	_member_meronym	01069391
01295275	_member_meronym	00145218
01295275	_instance_hypernym	01656788
01295275	_instance_hypernym	01354673
01295275	_instance_hypernym	01293389
01295275	_instance_hypernym	01292885
01295275	_instance_hypernym	01069391
01295275	_instance_hypernym	00145218
01295275	_has_part	01656788
01295275	_has_part	01354673
01295275	_has_part	01293389
01295275	_has_part	01292885
01295275	_has_part	01069391
01295275	_has_part	00145218
01293389	_similar_to	10299875
01293389	_similar_to	07988857
01293389	_similar_to	01295275
01293389	_similar_to	01292885
01293389	_member_meronym	10299875
01293389	_member_meronym	07988857
01293389	_member_meronym	01295275
01293389	_member_meronym	01292885
01293389	_instance_hypernym	10299875
01293389	_instance_hypernym	07988857
01293389	_instance_hypernym	01295275
01293389	_instance_hypernym	01292885
01293389	_has_part	10299875
01293389	_has_part	07988857
01293389	_has_part	01295275
01293389	_has_part	01292885
01292885	_similar_to	13743605
01292885	_similar_to	07988857
01292885	_similar_to	07985223
01292885	_similar_to	07976936
01292885	_similar_to	04613158
01292885	_similar_to	03728811
01292885	_similar_to	01295275
01292885	_similar_to	01293389
01292885	_member_meronym	13743605
01292885	_member_meronym	07988857
01292885	_member_meronym	07985223
01292885	_member_meronym	07976936
01292885	_member_meronym	04613158
01292885	_member_meronym	03728811
01292885	_member_meronym	01295275
01292885	_member_meronym	01293389
01292885	_instance_hypernym	13743605
01292885	_instance_hypernym	07988857
01292885	_instance_hypernym	07985223
01292885	_instance_hypernym	07976936
01292885	_instance_hypernym	04613158
01292885	_instance_hypernym	03728811
01292885	_instance_hypernym	01295275
01292885	_instance_hypernym	01293389
01292885	_has_part	13743605
01292885	_has_part	07988857
01292885	_has_part	07985223
01292885	_has_part	07976936
01292885	_has_part	04613158
01292885	_has_part	03728811
01292885	_has_part	01295275
01292885	_has_part	01293389
01291069	_similar_to	01667449
01291069	_similar_to	01590171
01291069	_similar_to	01428853
01291069	_similar_to	00145218
01291069	_member_meronym	01667449
01291069	_member_meronym	01590171
01291069	_member_meronym	01428853
01291069	_member_meronym	00145218
01291069	_instance_hypernym	01667449
01291069	_instance_hypernym	01590171
01291069	_instance_hypernym	01428853
01291069	_instance_hypernym	00145218
01291069	_has_part	01667449
01291069	_has_part	01590171
01291069	_has_part	01428853
01291069	_has_part	00145218
01288052	_similar_to	04181228
01288052	_similar_to	03330947
01288052	_similar_to	01301410
01288052	_member_meronym	04181228
01288052	_member_meronym	03330947
01288052	_member_meronym	01301410
01288052	_instance_hypernym	04181228
01288052	_instance_hypernym	03330947
01288052	_instance_hypernym	01301410
01288052	_has_part	04181228
01288052	_has_part	03330947
01288052	_has_part	01301410
01286913	_similar_to	01301410
01286913	_similar_to	01285440
01286913	_member_meronym	01301410
01286913	_member_meronym	01285440
01286913	_instance_hypernym	01301410
01286913	_instance_hypernym	01285440
01286913	_has_part	01301410
01286913	_has_part	01285440
01285440	_similar_to	04433185
01285440	_similar_to	03673971
01285440	_similar_to	02840361
01285440	_similar_to	01340439
01285440	_similar_to	01286913
01285440	_similar_to	00149084
01285440	_member_meronym	04433185
01285440	_member_meronym	03673971
01285440	_member_meronym	02840361
01285440	_member_meronym	01340439
01285440	_member_meronym	01286913
01285440	_member_meronym	00149084
01285440	_instance_hypernym	04433185
01285440	_instance_hypernym	03673971
01285440	_instance_hypernym	02840361
01285440	_instance_hypernym	01340439
01285440	_instance_hypernym	01286913
01285440	_instance_hypernym	00149084
01285440	_has_part	04433185
01285440	_has_part	03673971
01285440	_has_part	02840361
01285440	_has_part	01340439
01285440	_has_part	01286913
01285440	_has_part	00149084
01283208	_similar_to	04605726
01283208	_similar_to	04369025
01283208	_similar_to	03817647
01283208	_member_meronym	04605726
01283208	_member_meronym	04369025
01283208	_member_meronym	03817647
01283208	_instance_hypernym	04605726
01283208	_instance_hypernym	04369025
01283208	_instance_hypernym	03817647
01283208	_has_part	04605726
01283208	_has_part	04369025
01283208	_has_part	03817647
01276361	_similar_to	13905792
01276361	_similar_to	08612786
01276361	_similar_to	06799897
01276361	_similar_to	01275762
01276361	_similar_to	00263813
01276361	_member_meronym	13905792
01276361	_member_meronym	08612786
01276361	_member_meronym	06799897
01276361	_member_meronym	01275762
01276361	_member_meronym	00263813
01276361	_instance_hypernym	13905792
01276361	_instance_hypernym	08612786
01276361	_instance_hypernym	06799897
01276361	_instance_hypernym	01275762
01276361	_instance_hypernym	00263813
01276361	_has_part	13905792
01276361	_has_part	08612786
01276361	_has_part	06799897
01276361	_has_part	01275762
01276361	_has_part	00263813
01275762	_similar_to	06798750
01275762	_similar_to	04681387
01275762	_similar_to	01276361
01275762	_member_meronym	06798750
01275762	_member_meronym	04681387
01275762	_member_meronym	01276361
01275762	_instance_hypernym	06798750
01275762	_instance_hypernym	04681387
01275762	_instance_hypernym	01276361
01275762	_has_part	06798750
01275762	_has_part	04681387
01275762	_has_part	01276361
01271658	_similar_to	04085873
01271658	_member_meronym	04085873
01271658	_instance_hypernym	04085873
01271658	_has_part	04085873
01271189	_similar_to	03315644
01271189	_similar_to	00827379
01271189	_member_meronym	03315644
01271189	_member_meronym	00827379
01271189	_instance_hypernym	03315644
01271189	_instance_hypernym	00827379
01271189	_has_part	03315644
01271189	_has_part	00827379
01256157	_similar_to	10566072
01256157	_similar_to	01551871
01256157	_member_meronym	10566072
01256157	_member_meronym	01551871
01256157	_instance_hypernym	10566072
01256157	_instance_hypernym	01551871
01256157	_has_part	10566072
01256157	_has_part	01551871
01248191	_similar_to	02502536
01248191	_similar_to	00049003
01248191	_member_meronym	02502536
01248191	_member_meronym	00049003
01248191	_instance_hypernym	02502536
01248191	_instance_hypernym	00049003
01248191	_has_part	02502536
01248191	_has_part	00049003
01240432	_similar_to	01240210
01240432	_similar_to	00760956
01240432	_member_meronym	01240210
01240432	_member_meronym	00760956
01240432	_instance_hypernym	01240210
01240432	_instance_hypernym	00760956
01240432	_has_part	01240210
01240432	_has_part	00760956
01240210	_similar_to	02538765
01240210	_similar_to	01240432
01240210	_similar_to	00760956
01240210	_member_meronym	02538765
01240210	_member_meronym	01240432
01240210	_member_meronym	00760956
01240210	_instance_hypernym	02538765
01240210	_instance_hypernym	01240432
01240210	_instance_hypernym	00760956
01240210	_has_part	02538765
01240210	_has_part	01240432
01240210	_has_part	00760956
01224744	_similar_to	10378412
01224744	_similar_to	03096960
01224744	_similar_to	01211699
01224744	_similar_to	00830448
01224744	_similar_to	00597385
01224744	_similar_to	00409211
01224744	_member_meronym	10378412
01224744	_member_meronym	03096960
01224744	_member_meronym	01211699
01224744	_member_meronym	00830448
01224744	_member_meronym	00597385
01224744	_member_meronym	00409211
01224744	_instance_hypernym	10378412
01224744	_instance_hypernym	03096960
01224744	_instance_hypernym	01211699
01224744	_instance_hypernym	00830448
01224744	_instance_hypernym	00597385
01224744	_instance_hypernym	00409211
01224744	_has_part	10378412
01224744	_has_part	03096960
01224744	_has_part	01211699
01224744	_has_part	00830448
01224744	_has_part	00597385
01224744	_has_part	00409211
01222666	_similar_to	01780941
01222666	_similar_to	01779165
01222666	_similar_to	01222477
01222666	_similar_to	00759694
01222666	_member_meronym	01780941
01222666	_member_meronym	01779165
01222666	_member_meronym	01222477
01222666	_member_meronym	00759694
01222666	_instance_hypernym	01780941
01222666	_instance_hypernym	01779165
01222666	_instance_hypernym	01222477
01222666	_instance_hypernym	00759694
01222666	_has_part	01780941
01222666	_has_part	01779165
01222666	_has_part	01222477
01222666	_has_part	00759694
01222477	_similar_to	01781180
01222477	_similar_to	01222666
01222477	_similar_to	01221611
01222477	_member_meronym	01781180
01222477	_member_meronym	01222666
01222477	_member_meronym	01221611
01222477	_instance_hypernym	01781180
01222477	_instance_hypernym	01222666
01222477	_instance_hypernym	01221611
01222477	_has_part	01781180
01222477	_has_part	01222666
01222477	_has_part	01221611
01221611	_similar_to	01222477
01221611	_member_meronym	01222477
01221611	_instance_hypernym	01222477
01221611	_has_part	01222477
01211699	_similar_to	10291110
01211699	_similar_to	01224744
01211699	_similar_to	00140652
01211699	_member_meronym	10291110
01211699	_member_meronym	01224744
01211699	_member_meronym	00140652
01211699	_instance_hypernym	10291110
01211699	_instance_hypernym	01224744
01211699	_instance_hypernym	00140652
01211699	_has_part	10291110
01211699	_has_part	01224744
01211699	_has_part	00140652
01205827	_similar_to	01202904
01205827	_similar_to	00764902
01205827	_member_meronym	01202904
01205827	_member_meronym	00764902
01205827	_instance_hypernym	01202904
01205827	_instance_hypernym	00764902
01205827	_has_part	01202904
01205827	_has_part	00764902
01205156	_similar_to	02416278
01205156	_similar_to	01202904
01205156	_member_meronym	02416278
01205156	_member_meronym	01202904
01205156	_instance_hypernym	02416278
01205156	_instance_hypernym	01202904
01205156	_has_part	02416278
01205156	_has_part	01202904
01203715	_similar_to	10470460
01203715	_similar_to	01162754
01203715	_member_meronym	10470460
01203715	_member_meronym	01162754
01203715	_instance_hypernym	10470460
01203715	_instance_hypernym	01162754
01203715	_has_part	10470460
01203715	_has_part	01162754
01202904	_similar_to	02416278
01202904	_similar_to	01205827
01202904	_similar_to	01205156
01202904	_member_meronym	02416278
01202904	_member_meronym	01205827
01202904	_member_meronym	01205156
01202904	_instance_hypernym	02416278
01202904	_instance_hypernym	01205827
01202904	_instance_hypernym	01205156
01202904	_has_part	02416278
01202904	_has_part	01205827
01202904	_has_part	01205156
01195536	_similar_to	00619972
01195536	_member_meronym	00619972
01195536	_instance_hypernym	00619972
01195536	_has_part	00619972
01190884	_similar_to	00760956
01190884	_member_meronym	00760956
01190884	_instance_hypernym	00760956
01190884	_has_part	00760956
01187810	_similar_to	02501278
01187810	_similar_to	01181475
01187810	_member_meronym	02501278
01187810	_member_meronym	01181475
01187810	_instance_hypernym	02501278
01187810	_instance_hypernym	01181475
01187810	_has_part	02501278
01187810	_has_part	01181475
01181475	_similar_to	01187810
01181475	_member_meronym	01187810
01181475	_instance_hypernym	01187810
01181475	_has_part	01187810
01169194	_similar_to	06063588
01169194	_similar_to	00671351
01169194	_similar_to	00083809
01169194	_member_meronym	06063588
01169194	_member_meronym	00671351
01169194	_member_meronym	00083809
01169194	_instance_hypernym	06063588
01169194	_instance_hypernym	00671351
01169194	_instance_hypernym	00083809
01169194	_has_part	06063588
01169194	_has_part	00671351
01169194	_has_part	00083809
01167146	_similar_to	02542795
01167146	_similar_to	01612053
01167146	_member_meronym	02542795
01167146	_member_meronym	01612053
01167146	_instance_hypernym	02542795
01167146	_instance_hypernym	01612053
01167146	_has_part	02542795
01167146	_has_part	01612053
01162754	_similar_to	01203715
01162754	_member_meronym	01203715
01162754	_instance_hypernym	01203715
01162754	_has_part	01203715
01159964	_similar_to	01687569
01159964	_similar_to	01159776
01159964	_similar_to	00527367
01159964	_member_meronym	01687569
01159964	_member_meronym	01159776
01159964	_member_meronym	00527367
01159964	_instance_hypernym	01687569
01159964	_instance_hypernym	01159776
01159964	_instance_hypernym	00527367
01159964	_has_part	01687569
01159964	_has_part	01159776
01159964	_has_part	00527367
01159776	_similar_to	01159964
01159776	_member_meronym	01159964
01159776	_instance_hypernym	01159964
01159776	_has_part	01159964
01156899	_similar_to	01087197
01156899	_member_meronym	01087197
01156899	_instance_hypernym	01087197
01156899	_has_part	01087197
01155421	_similar_to	03420559
01155421	_similar_to	03386011
01155421	_similar_to	01088923
01155421	_member_meronym	03420559
01155421	_member_meronym	03386011
01155421	_member_meronym	01088923
01155421	_instance_hypernym	03420559
01155421	_instance_hypernym	03386011
01155421	_instance_hypernym	01088923
01155421	_has_part	03420559
01155421	_has_part	03386011
01155421	_has_part	01088923
01153548	_similar_to	02512305
01153548	_member_meronym	02512305
01153548	_instance_hypernym	02512305
01153548	_has_part	02512305
01151407	_similar_to	01765392
01151407	_similar_to	01150938
01151407	_similar_to	00765213
01151407	_member_meronym	01765392
01151407	_member_meronym	01150938
01151407	_member_meronym	00765213
01151407	_instance_hypernym	01765392
01151407	_instance_hypernym	01150938
01151407	_instance_hypernym	00765213
01151407	_has_part	01765392
01151407	_has_part	01150938
01151407	_has_part	00765213
01151110	_similar_to	01150559
01151110	_similar_to	00815644
01151110	_member_meronym	01150559
01151110	_member_meronym	00815644
01151110	_instance_hypernym	01150559
01151110	_instance_hypernym	00815644
01151110	_has_part	01150559
01151110	_has_part	00815644
01151097	_similar_to	01765392
01151097	_similar_to	01150938
01151097	_similar_to	00294884
01151097	_member_meronym	01765392
01151097	_member_meronym	01150938
01151097	_member_meronym	00294884
01151097	_instance_hypernym	01765392
01151097	_instance_hypernym	01150938
01151097	_instance_hypernym	00294884
01151097	_has_part	01765392
01151097	_has_part	01150938
01151097	_has_part	00294884
01150938	_similar_to	01151407
01150938	_similar_to	01151097
01150938	_member_meronym	01151407
01150938	_member_meronym	01151097
01150938	_instance_hypernym	01151407
01150938	_instance_hypernym	01151097
01150938	_has_part	01151407
01150938	_has_part	01151097
01150559	_similar_to	10470460
01150559	_similar_to	08664443
01150559	_similar_to	05981230
01150559	_similar_to	01151110
01150559	_similar_to	00815644
01150559	_member_meronym	10470460
01150559	_member_meronym	08664443
01150559	_member_meronym	05981230
01150559	_member_meronym	01151110
01150559	_member_meronym	00815644
01150559	_instance_hypernym	10470460
01150559	_instance_hypernym	08664443
01150559	_instance_hypernym	05981230
01150559	_instance_hypernym	01151110
01150559	_instance_hypernym	00815644
01150559	_has_part	10470460
01150559	_has_part	08664443
01150559	_has_part	05981230
01150559	_has_part	01151110
01150559	_has_part	00815644
01149494	_similar_to	13988663
01149494	_similar_to	07532440
01149494	_similar_to	01368192
01149494	_similar_to	01364008
01149494	_similar_to	00909363
01149494	_similar_to	00589624
01149494	_similar_to	00364479
01149494	_member_meronym	13988663
01149494	_member_meronym	07532440
01149494	_member_meronym	01368192
01149494	_member_meronym	01364008
01149494	_member_meronym	00909363
01149494	_member_meronym	00589624
01149494	_member_meronym	00364479
01149494	_instance_hypernym	13988663
01149494	_instance_hypernym	07532440
01149494	_instance_hypernym	01368192
01149494	_instance_hypernym	01364008
01149494	_instance_hypernym	00909363
01149494	_instance_hypernym	00589624
01149494	_instance_hypernym	00364479
01149494	_has_part	13988663
01149494	_has_part	07532440
01149494	_has_part	01368192
01149494	_has_part	01364008
01149494	_has_part	00909363
01149494	_has_part	00589624
01149494	_has_part	00364479
01149480	_similar_to	01583656
01149480	_similar_to	01583494
01149480	_similar_to	01148614
01149480	_similar_to	00235368
01149480	_member_meronym	01583656
01149480	_member_meronym	01583494
01149480	_member_meronym	01148614
01149480	_member_meronym	00235368
01149480	_instance_hypernym	01583656
01149480	_instance_hypernym	01583494
01149480	_instance_hypernym	01148614
01149480	_instance_hypernym	00235368
01149480	_has_part	01583656
01149480	_has_part	01583494
01149480	_has_part	01148614
01149480	_has_part	00235368
01148614	_similar_to	01149480
01148614	_similar_to	00233335
01148614	_member_meronym	01149480
01148614	_member_meronym	00233335
01148614	_instance_hypernym	01149480
01148614	_instance_hypernym	00233335
01148614	_has_part	01149480
01148614	_has_part	00233335
01148283	_similar_to	13987423
01148283	_similar_to	01366718
01148283	_similar_to	01363613
01148283	_similar_to	01127623
01148283	_similar_to	00999817
01148283	_similar_to	00588797
01148283	_similar_to	00362467
01148283	_member_meronym	13987423
01148283	_member_meronym	01366718
01148283	_member_meronym	01363613
01148283	_member_meronym	01127623
01148283	_member_meronym	00999817
01148283	_member_meronym	00588797
01148283	_member_meronym	00362467
01148283	_instance_hypernym	13987423
01148283	_instance_hypernym	01366718
01148283	_instance_hypernym	01363613
01148283	_instance_hypernym	01127623
01148283	_instance_hypernym	00999817
01148283	_instance_hypernym	00588797
01148283	_instance_hypernym	00362467
01148283	_has_part	13987423
01148283	_has_part	01366718
01148283	_has_part	01363613
01148283	_has_part	01127623
01148283	_has_part	00999817
01148283	_has_part	00588797
01148283	_has_part	00362467
01146039	_similar_to	02553697
01146039	_similar_to	02510337
01146039	_similar_to	00236592
01146039	_member_meronym	02553697
01146039	_member_meronym	02510337
01146039	_member_meronym	00236592
01146039	_instance_hypernym	02553697
01146039	_instance_hypernym	02510337
01146039	_instance_hypernym	00236592
01146039	_has_part	02553697
01146039	_has_part	02510337
01146039	_has_part	00236592
01135529	_similar_to	02443049
01135529	_similar_to	01133281
01135529	_member_meronym	02443049
01135529	_member_meronym	01133281
01135529	_instance_hypernym	02443049
01135529	_instance_hypernym	01133281
01135529	_has_part	02443049
01135529	_has_part	01133281
01133281	_similar_to	02443049
01133281	_similar_to	01135529
01133281	_member_meronym	02443049
01133281	_member_meronym	01135529
01133281	_instance_hypernym	02443049
01133281	_instance_hypernym	01135529
01133281	_has_part	02443049
01133281	_has_part	01135529
01130607	_similar_to	08567235
01130607	_similar_to	04547592
01130607	_similar_to	04051825
01130607	_similar_to	03878963
01130607	_similar_to	03327234
01130607	_similar_to	01389942
01130607	_member_meronym	08567235
01130607	_member_meronym	04547592
01130607	_member_meronym	04051825
01130607	_member_meronym	03878963
01130607	_member_meronym	03327234
01130607	_member_meronym	01389942
01130607	_instance_hypernym	08567235
01130607	_instance_hypernym	04547592
01130607	_instance_hypernym	04051825
01130607	_instance_hypernym	03878963
01130607	_instance_hypernym	03327234
01130607	_instance_hypernym	01389942
01130607	_has_part	08567235
01130607	_has_part	04547592
01130607	_has_part	04051825
01130607	_has_part	03878963
01130607	_has_part	03327234
01130607	_has_part	01389942
01128655	_similar_to	02539334
01128655	_similar_to	01128390
01128655	_similar_to	00579712
01128655	_member_meronym	02539334
01128655	_member_meronym	01128390
01128655	_member_meronym	00579712
01128655	_instance_hypernym	02539334
01128655	_instance_hypernym	01128390
01128655	_instance_hypernym	00579712
01128655	_has_part	02539334
01128655	_has_part	01128390
01128655	_has_part	00579712
01128390	_similar_to	02646931
01128390	_similar_to	01128655
01128390	_member_meronym	02646931
01128390	_member_meronym	01128655
01128390	_instance_hypernym	02646931
01128390	_instance_hypernym	01128655
01128390	_has_part	02646931
01128390	_has_part	01128655
01128071	_similar_to	04051825
01128071	_similar_to	02894605
01128071	_member_meronym	04051825
01128071	_member_meronym	02894605
01128071	_instance_hypernym	04051825
01128071	_instance_hypernym	02894605
01128071	_has_part	04051825
01128071	_has_part	02894605
01127623	_similar_to	01148283
01127623	_member_meronym	01148283
01127623	_instance_hypernym	01148283
01127623	_has_part	01148283
01123148	_similar_to	01612053
01123148	_member_meronym	01612053
01123148	_instance_hypernym	01612053
01123148	_has_part	01612053
01114303	_similar_to	09956578
01114303	_similar_to	00089027
01114303	_member_meronym	09956578
01114303	_member_meronym	00089027
01114303	_instance_hypernym	09956578
01114303	_instance_hypernym	00089027
01114303	_has_part	09956578
01114303	_has_part	00089027
01104406	_similar_to	09779790
01104406	_member_meronym	09779790
01104406	_instance_hypernym	09779790
01104406	_has_part	09779790
01093587	_similar_to	09952163
01093587	_similar_to	00764902
01093587	_member_meronym	09952163
01093587	_member_meronym	00764902
01093587	_instance_hypernym	09952163
01093587	_instance_hypernym	00764902
01093587	_has_part	09952163
01093587	_has_part	00764902
01089137	_similar_to	08398036
01089137	_similar_to	03420559
01089137	_member_meronym	08398036
01089137	_member_meronym	03420559
01089137	_instance_hypernym	08398036
01089137	_instance_hypernym	03420559
01089137	_has_part	08398036
01089137	_has_part	03420559
01088923	_similar_to	02333689
01088923	_similar_to	01155421
01088923	_member_meronym	02333689
01088923	_member_meronym	01155421
01088923	_instance_hypernym	02333689
01088923	_instance_hypernym	01155421
01088923	_has_part	02333689
01088923	_has_part	01155421
01087197	_similar_to	08197742
01087197	_similar_to	05635624
01087197	_similar_to	04565375
01087197	_similar_to	03420559
01087197	_similar_to	01156899
01087197	_member_meronym	08197742
01087197	_member_meronym	05635624
01087197	_member_meronym	04565375
01087197	_member_meronym	03420559
01087197	_member_meronym	01156899
01087197	_instance_hypernym	08197742
01087197	_instance_hypernym	05635624
01087197	_instance_hypernym	04565375
01087197	_instance_hypernym	03420559
01087197	_instance_hypernym	01156899
01087197	_has_part	08197742
01087197	_has_part	05635624
01087197	_has_part	04565375
01087197	_has_part	03420559
01087197	_has_part	01156899
01085474	_similar_to	04181228
01085474	_similar_to	02513460
01085474	_member_meronym	04181228
01085474	_member_meronym	02513460
01085474	_instance_hypernym	04181228
01085474	_instance_hypernym	02513460
01085474	_has_part	04181228
01085474	_has_part	02513460
01079604	_similar_to	00462092
01079604	_member_meronym	00462092
01079604	_instance_hypernym	00462092
01079604	_has_part	00462092
01070892	_similar_to	00462092
01070892	_member_meronym	00462092
01070892	_instance_hypernym	00462092
01070892	_has_part	00462092
01069391	_similar_to	01295275
01069391	_similar_to	01069190
01069391	_similar_to	00145218
01069391	_member_meronym	01295275
01069391	_member_meronym	01069190
01069391	_member_meronym	00145218
01069391	_instance_hypernym	01295275
01069391	_instance_hypernym	01069190
01069391	_instance_hypernym	00145218
01069391	_has_part	01295275
01069391	_has_part	01069190
01069391	_has_part	00145218
01069190	_similar_to	01069391
01069190	_similar_to	00145218
01069190	_member_meronym	01069391
01069190	_member_meronym	00145218
01069190	_instance_hypernym	01069391
01069190	_instance_hypernym	00145218
01069190	_has_part	01069391
01069190	_has_part	00145218
01059400	_similar_to	04777098
01059400	_similar_to	02095311
01059400	_member_meronym	04777098
01059400	_member_meronym	02095311
01059400	_instance_hypernym	04777098
01059400	_instance_hypernym	02095311
01059400	_has_part	04777098
01059400	_has_part	02095311
01052853	_similar_to	01711749
01052853	_similar_to	01613239
01052853	_similar_to	01567275
01052853	_similar_to	01051331
01052853	_member_meronym	01711749
01052853	_member_meronym	01613239
01052853	_member_meronym	01567275
01052853	_member_meronym	01051331
01052853	_instance_hypernym	01711749
01052853	_instance_hypernym	01613239
01052853	_instance_hypernym	01567275
01052853	_instance_hypernym	01051331
01052853	_has_part	01711749
01052853	_has_part	01613239
01052853	_has_part	01567275
01052853	_has_part	01051331
01051331	_similar_to	02333689
01051331	_similar_to	01987160
01051331	_similar_to	01575675
01051331	_similar_to	01496630
01051331	_similar_to	01052853
01051331	_similar_to	00413876
01051331	_member_meronym	02333689
01051331	_member_meronym	01987160
01051331	_member_meronym	01575675
01051331	_member_meronym	01496630
01051331	_member_meronym	01052853
01051331	_member_meronym	00413876
01051331	_instance_hypernym	02333689
01051331	_instance_hypernym	01987160
01051331	_instance_hypernym	01575675
01051331	_instance_hypernym	01496630
01051331	_instance_hypernym	01052853
01051331	_instance_hypernym	00413876
01051331	_has_part	02333689
01051331	_has_part	01987160
01051331	_has_part	01575675
01051331	_has_part	01496630
01051331	_has_part	01052853
01051331	_has_part	00413876
01039330	_similar_to	06791372
01039330	_member_meronym	06791372
01039330	_instance_hypernym	06791372
01039330	_has_part	06791372
01029852	_similar_to	07202579
01029852	_member_meronym	07202579
01029852	_instance_hypernym	07202579
01029852	_has_part	07202579
01027263	_similar_to	04659090
01027263	_similar_to	00299580
01027263	_similar_to	00150287
01027263	_member_meronym	04659090
01027263	_member_meronym	00299580
01027263	_member_meronym	00150287
01027263	_instance_hypernym	04659090
01027263	_instance_hypernym	00299580
01027263	_instance_hypernym	00150287
01027263	_has_part	04659090
01027263	_has_part	00299580
01027263	_has_part	00150287
01026262	_similar_to	04905188
01026262	_similar_to	04659287
01026262	_member_meronym	04905188
01026262	_member_meronym	04659287
01026262	_instance_hypernym	04905188
01026262	_instance_hypernym	04659287
01026262	_has_part	04905188
01026262	_has_part	04659287
01021128	_similar_to	05937112
01021128	_similar_to	05925366
01021128	_member_meronym	05937112
01021128	_member_meronym	05925366
01021128	_instance_hypernym	05937112
01021128	_instance_hypernym	05925366
01021128	_has_part	05937112
01021128	_has_part	05925366
01020936	_similar_to	01742886
01020936	_member_meronym	01742886
01020936	_instance_hypernym	01742886
01020936	_has_part	01742886
01019524	_similar_to	01742886
01019524	_similar_to	01693881
01019524	_member_meronym	01742886
01019524	_member_meronym	01693881
01019524	_instance_hypernym	01742886
01019524	_instance_hypernym	01693881
01019524	_has_part	01742886
01019524	_has_part	01693881
01015310	_similar_to	01320009
01015310	_member_meronym	01320009
01015310	_instance_hypernym	01320009
01015310	_has_part	01320009
01004062	_similar_to	06817782
01004062	_similar_to	04681387
01004062	_similar_to	03722007
01004062	_similar_to	01000214
01004062	_member_meronym	06817782
01004062	_member_meronym	04681387
01004062	_member_meronym	03722007
01004062	_member_meronym	01000214
01004062	_instance_hypernym	06817782
01004062	_instance_hypernym	04681387
01004062	_instance_hypernym	03722007
01004062	_instance_hypernym	01000214
01004062	_has_part	06817782
01004062	_has_part	04681387
01004062	_has_part	03722007
01004062	_has_part	01000214
01000214	_similar_to	01004062
01000214	_member_meronym	01004062
01000214	_instance_hypernym	01004062
01000214	_has_part	01004062
00999817	_similar_to	01148283
00999817	_member_meronym	01148283
00999817	_instance_hypernym	01148283
00999817	_has_part	01148283
00981276	_similar_to	13913566
00981276	_similar_to	03391301
00981276	_similar_to	00931608
00981276	_member_meronym	13913566
00981276	_member_meronym	03391301
00981276	_member_meronym	00931608
00981276	_instance_hypernym	13913566
00981276	_instance_hypernym	03391301
00981276	_instance_hypernym	00931608
00981276	_has_part	13913566
00981276	_has_part	03391301
00981276	_has_part	00931608
00938419	_similar_to	01582645
00938419	_similar_to	00935940
00938419	_member_meronym	01582645
00938419	_member_meronym	00935940
00938419	_instance_hypernym	01582645
00938419	_instance_hypernym	00935940
00938419	_has_part	01582645
00938419	_has_part	00935940
00935940	_similar_to	10029269
00935940	_similar_to	10029068
00935940	_similar_to	01643464
00935940	_similar_to	00938419
00935940	_member_meronym	10029269
00935940	_member_meronym	10029068
00935940	_member_meronym	01643464
00935940	_member_meronym	00938419
00935940	_instance_hypernym	10029269
00935940	_instance_hypernym	10029068
00935940	_instance_hypernym	01643464
00935940	_instance_hypernym	00938419
00935940	_has_part	10029269
00935940	_has_part	10029068
00935940	_has_part	01643464
00935940	_has_part	00938419
00935005	_similar_to	00714944
00935005	_member_meronym	00714944
00935005	_instance_hypernym	00714944
00935005	_has_part	00714944
00933566	_similar_to	05117660
00933566	_member_meronym	05117660
00933566	_instance_hypernym	05117660
00933566	_has_part	05117660
00931608	_similar_to	00981276
00931608	_member_meronym	00981276
00931608	_instance_hypernym	00981276
00931608	_has_part	00981276
00928077	_similar_to	01640550
00928077	_member_meronym	01640550
00928077	_instance_hypernym	01640550
00928077	_has_part	01640550
00924612	_similar_to	06791372
00924612	_member_meronym	06791372
00924612	_instance_hypernym	06791372
00924612	_has_part	06791372
00922438	_similar_to	06791372
00922438	_similar_to	00921738
00922438	_member_meronym	06791372
00922438	_member_meronym	00921738
00922438	_instance_hypernym	06791372
00922438	_instance_hypernym	00921738
00922438	_has_part	06791372
00922438	_has_part	00921738
00921790	_similar_to	15236475
00921790	_similar_to	01320009
00921790	_member_meronym	15236475
00921790	_member_meronym	01320009
00921790	_instance_hypernym	15236475
00921790	_instance_hypernym	01320009
00921790	_has_part	15236475
00921790	_has_part	01320009
00921738	_similar_to	06798750
00921738	_similar_to	03722007
00921738	_similar_to	03721797
00921738	_similar_to	00922438
00921738	_similar_to	00651991
00921738	_member_meronym	06798750
00921738	_member_meronym	03722007
00921738	_member_meronym	03721797
00921738	_member_meronym	00922438
00921738	_member_meronym	00651991
00921738	_instance_hypernym	06798750
00921738	_instance_hypernym	03722007
00921738	_instance_hypernym	03721797
00921738	_instance_hypernym	00922438
00921738	_instance_hypernym	00651991
00921738	_has_part	06798750
00921738	_has_part	03722007
00921738	_has_part	03721797
00921738	_has_part	00922438
00921738	_has_part	00651991
00920778	_similar_to	00791078
00920778	_member_meronym	00791078
00920778	_instance_hypernym	00791078
00920778	_has_part	00791078
00919513	_similar_to	01567275
00919513	_similar_to	00916464
00919513	_member_meronym	01567275
00919513	_member_meronym	00916464
00919513	_instance_hypernym	01567275
00919513	_instance_hypernym	00916464
00919513	_has_part	01567275
00919513	_has_part	00916464
00918820	_similar_to	01740608
00918820	_similar_to	00916464
00918820	_similar_to	00915722
00918820	_member_meronym	01740608
00918820	_member_meronym	00916464
00918820	_member_meronym	00915722
00918820	_instance_hypernym	01740608
00918820	_instance_hypernym	00916464
00918820	_instance_hypernym	00915722
00918820	_has_part	01740608
00918820	_has_part	00916464
00918820	_has_part	00915722
00917211	_similar_to	01492052
00917211	_similar_to	00916464
00917211	_member_meronym	01492052
00917211	_member_meronym	00916464
00917211	_instance_hypernym	01492052
00917211	_instance_hypernym	00916464
00917211	_has_part	01492052
00917211	_has_part	00916464
00916464	_similar_to	09779790
00916464	_similar_to	01742726
00916464	_similar_to	01741446
00916464	_similar_to	01740608
00916464	_similar_to	01739814
00916464	_similar_to	00919513
00916464	_similar_to	00918820
00916464	_similar_to	00917211
00916464	_similar_to	00915722
00916464	_member_meronym	09779790
00916464	_member_meronym	01742726
00916464	_member_meronym	01741446
00916464	_member_meronym	01740608
00916464	_member_meronym	01739814
00916464	_member_meronym	00919513
00916464	_member_meronym	00918820
00916464	_member_meronym	00917211
00916464	_member_meronym	00915722
00916464	_instance_hypernym	09779790
00916464	_instance_hypernym	01742726
00916464	_instance_hypernym	01741446
00916464	_instance_hypernym	01740608
00916464	_instance_hypernym	01739814
00916464	_instance_hypernym	00919513
00916464	_instance_hypernym	00918820
00916464	_instance_hypernym	00917211
00916464	_instance_hypernym	00915722
00916464	_has_part	09779790
00916464	_has_part	01742726
00916464	_has_part	01741446
00916464	_has_part	01740608
00916464	_has_part	01739814
00916464	_has_part	00919513
00916464	_has_part	00918820
00916464	_has_part	00917211
00916464	_has_part	00915722
00915722	_similar_to	01742726
00915722	_similar_to	01741446
00915722	_similar_to	00918820
00915722	_similar_to	00916464
00915722	_member_meronym	01742726
00915722	_member_meronym	01741446
00915722	_member_meronym	00918820
00915722	_member_meronym	00916464
00915722	_instance_hypernym	01742726
00915722	_instance_hypernym	01741446
00915722	_instance_hypernym	00918820
00915722	_instance_hypernym	00916464
00915722	_has_part	01742726
00915722	_has_part	01741446
00915722	_has_part	00918820
00915722	_has_part	00916464
00914632	_similar_to	13085864
00914632	_similar_to	01629000
00914632	_similar_to	00913705
00914632	_member_meronym	13085864
00914632	_member_meronym	01629000
00914632	_member_meronym	00913705
00914632	_instance_hypernym	13085864
00914632	_instance_hypernym	01629000
00914632	_instance_hypernym	00913705
00914632	_has_part	13085864
00914632	_has_part	01629000
00914632	_has_part	00913705
00913705	_similar_to	06149484
00913705	_similar_to	00914632
00913705	_member_meronym	06149484
00913705	_member_meronym	00914632
00913705	_instance_hypernym	06149484
00913705	_instance_hypernym	00914632
00913705	_has_part	06149484
00913705	_has_part	00914632
00909899	_similar_to	01697027
00909899	_similar_to	01662771
00909899	_similar_to	00908909
00909899	_member_meronym	01697027
00909899	_member_meronym	01662771
00909899	_member_meronym	00908909
00909899	_instance_hypernym	01697027
00909899	_instance_hypernym	01662771
00909899	_instance_hypernym	00908909
00909899	_has_part	01697027
00909899	_has_part	01662771
00909899	_has_part	00908909
00909363	_similar_to	07532440
00909363	_similar_to	01149494
00909363	_member_meronym	07532440
00909363	_member_meronym	01149494
00909363	_instance_hypernym	07532440
00909363	_instance_hypernym	01149494
00909363	_has_part	07532440
00909363	_has_part	01149494
00908909	_similar_to	00909899
00908909	_member_meronym	00909899
00908909	_instance_hypernym	00909899
00908909	_has_part	00909899
00908772	_similar_to	01693881
00908772	_member_meronym	01693881
00908772	_instance_hypernym	01693881
00908772	_has_part	01693881
00898804	_similar_to	01743784
00898804	_similar_to	01697406
00898804	_similar_to	01697027
00898804	_similar_to	00898518
00898804	_member_meronym	01743784
00898804	_member_meronym	01697406
00898804	_member_meronym	01697027
00898804	_member_meronym	00898518
00898804	_instance_hypernym	01743784
00898804	_instance_hypernym	01697406
00898804	_instance_hypernym	01697027
00898804	_instance_hypernym	00898518
00898804	_has_part	01743784
00898804	_has_part	01697406
00898804	_has_part	01697027
00898804	_has_part	00898518
00898518	_similar_to	00898804
00898518	_member_meronym	00898804
00898518	_instance_hypernym	00898804
00898518	_has_part	00898804
00893955	_similar_to	00833702
00893955	_similar_to	00100044
00893955	_member_meronym	00833702
00893955	_member_meronym	00100044
00893955	_instance_hypernym	00833702
00893955	_instance_hypernym	00100044
00893955	_has_part	00833702
00893955	_has_part	00100044
00883611	_similar_to	00240131
00883611	_member_meronym	00240131
00883611	_instance_hypernym	00240131
00883611	_has_part	00240131
00867231	_similar_to	06791372
00867231	_member_meronym	06791372
00867231	_instance_hypernym	06791372
00867231	_has_part	06791372
00859325	_similar_to	04630689
00859325	_member_meronym	04630689
00859325	_instance_hypernym	04630689
00859325	_has_part	04630689
00859153	_similar_to	04630689
00859153	_similar_to	01813884
00859153	_member_meronym	04630689
00859153	_member_meronym	01813884
00859153	_instance_hypernym	04630689
00859153	_instance_hypernym	01813884
00859153	_has_part	04630689
00859153	_has_part	01813884
00847340	_similar_to	01428853
00847340	_member_meronym	01428853
00847340	_instance_hypernym	01428853
00847340	_has_part	01428853
00845523	_similar_to	02887741
00845523	_similar_to	01428853
00845523	_member_meronym	02887741
00845523	_member_meronym	01428853
00845523	_instance_hypernym	02887741
00845523	_instance_hypernym	01428853
00845523	_has_part	02887741
00845523	_has_part	01428853
00833702	_similar_to	09931640
00833702	_similar_to	00893955
00833702	_similar_to	00100044
00833702	_member_meronym	09931640
00833702	_member_meronym	00893955
00833702	_member_meronym	00100044
00833702	_instance_hypernym	09931640
00833702	_instance_hypernym	00893955
00833702	_instance_hypernym	00100044
00833702	_has_part	09931640
00833702	_has_part	00893955
00833702	_has_part	00100044
00830448	_similar_to	01224744
00830448	_member_meronym	01224744
00830448	_instance_hypernym	01224744
00830448	_has_part	01224744
00828237	_similar_to	00047945
00828237	_similar_to	00046534
00828237	_member_meronym	00047945
00828237	_member_meronym	00046534
00828237	_instance_hypernym	00047945
00828237	_instance_hypernym	00046534
00828237	_has_part	00047945
00828237	_has_part	00046534
00827379	_similar_to	01271189
00827379	_member_meronym	01271189
00827379	_instance_hypernym	01271189
00827379	_has_part	01271189
00815644	_similar_to	01151110
00815644	_similar_to	01150559
00815644	_similar_to	00815320
00815644	_member_meronym	01151110
00815644	_member_meronym	01150559
00815644	_member_meronym	00815320
00815644	_instance_hypernym	01151110
00815644	_instance_hypernym	01150559
00815644	_instance_hypernym	00815320
00815644	_has_part	01151110
00815644	_has_part	01150559
00815644	_has_part	00815320
00815320	_similar_to	02439732
00815320	_similar_to	00815644
00815320	_member_meronym	02439732
00815320	_member_meronym	00815644
00815320	_instance_hypernym	02439732
00815320	_instance_hypernym	00815644
00815320	_has_part	02439732
00815320	_has_part	00815644
00809465	_similar_to	10389398
00809465	_similar_to	10388924
00809465	_similar_to	02204692
00809465	_member_meronym	10389398
00809465	_member_meronym	10388924
00809465	_member_meronym	02204692
00809465	_instance_hypernym	10389398
00809465	_instance_hypernym	10388924
00809465	_instance_hypernym	02204692
00809465	_has_part	10389398
00809465	_has_part	10388924
00809465	_has_part	02204692
00808182	_similar_to	02509287
00808182	_similar_to	00236592
00808182	_similar_to	00235368
00808182	_similar_to	00233335
00808182	_member_meronym	02509287
00808182	_member_meronym	00236592
00808182	_member_meronym	00235368
00808182	_member_meronym	00233335
00808182	_instance_hypernym	02509287
00808182	_instance_hypernym	00236592
00808182	_instance_hypernym	00235368
00808182	_instance_hypernym	00233335
00808182	_has_part	02509287
00808182	_has_part	00236592
00808182	_has_part	00235368
00808182	_has_part	00233335
00796047	_similar_to	07006119
00796047	_similar_to	06893885
00796047	_member_meronym	07006119
00796047	_member_meronym	06893885
00796047	_instance_hypernym	07006119
00796047	_instance_hypernym	06893885
00796047	_has_part	07006119
00796047	_has_part	06893885
00795008	_similar_to	02659763
00795008	_similar_to	00791078
00795008	_similar_to	00047317
00795008	_member_meronym	02659763
00795008	_member_meronym	00791078
00795008	_member_meronym	00047317
00795008	_instance_hypernym	02659763
00795008	_instance_hypernym	00791078
00795008	_instance_hypernym	00047317
00795008	_has_part	02659763
00795008	_has_part	00791078
00795008	_has_part	00047317
00791227	_similar_to	14441825
00791227	_similar_to	02646931
00791227	_similar_to	02539334
00791227	_member_meronym	14441825
00791227	_member_meronym	02646931
00791227	_member_meronym	02539334
00791227	_instance_hypernym	14441825
00791227	_instance_hypernym	02646931
00791227	_instance_hypernym	02539334
00791227	_has_part	14441825
00791227	_has_part	02646931
00791227	_has_part	02539334
00791078	_similar_to	00920778
00791078	_similar_to	00795008
00791078	_similar_to	00539110
00791078	_member_meronym	00920778
00791078	_member_meronym	00795008
00791078	_member_meronym	00539110
00791078	_instance_hypernym	00920778
00791078	_instance_hypernym	00795008
00791078	_instance_hypernym	00539110
00791078	_has_part	00920778
00791078	_has_part	00795008
00791078	_has_part	00539110
00788821	_similar_to	01612053
00788821	_member_meronym	01612053
00788821	_instance_hypernym	01612053
00788821	_has_part	01612053
00770141	_similar_to	07254057
00770141	_member_meronym	07254057
00770141	_instance_hypernym	07254057
00770141	_has_part	07254057
00765213	_similar_to	09800249
00765213	_similar_to	01151407
00765213	_similar_to	00764902
00765213	_member_meronym	09800249
00765213	_member_meronym	01151407
00765213	_member_meronym	00764902
00765213	_instance_hypernym	09800249
00765213	_instance_hypernym	01151407
00765213	_instance_hypernym	00764902
00765213	_has_part	09800249
00765213	_has_part	01151407
00765213	_has_part	00764902
00764902	_similar_to	13971561
00764902	_similar_to	07151122
00764902	_similar_to	01205827
00764902	_similar_to	01093587
00764902	_similar_to	00765213
00764902	_similar_to	00759551
00764902	_similar_to	00262703
00764902	_member_meronym	13971561
00764902	_member_meronym	07151122
00764902	_member_meronym	01205827
00764902	_member_meronym	01093587
00764902	_member_meronym	00765213
00764902	_member_meronym	00759551
00764902	_member_meronym	00262703
00764902	_instance_hypernym	13971561
00764902	_instance_hypernym	07151122
00764902	_instance_hypernym	01205827
00764902	_instance_hypernym	01093587
00764902	_instance_hypernym	00765213
00764902	_instance_hypernym	00759551
00764902	_instance_hypernym	00262703
00764902	_has_part	13971561
00764902	_has_part	07151122
00764902	_has_part	01205827
00764902	_has_part	01093587
00764902	_has_part	00765213
00764902	_has_part	00759551
00764902	_has_part	00262703
00761713	_similar_to	07148192
00761713	_similar_to	00760956
00761713	_member_meronym	07148192
00761713	_member_meronym	00760956
00761713	_instance_hypernym	07148192
00761713	_instance_hypernym	00760956
00761713	_has_part	07148192
00761713	_has_part	00760956
00760956	_similar_to	09803429
00760956	_similar_to	09624559
00760956	_similar_to	07150850
00760956	_similar_to	07150644
00760956	_similar_to	01240432
00760956	_similar_to	01240210
00760956	_similar_to	01190884
00760956	_similar_to	00761713
00760956	_member_meronym	09803429
00760956	_member_meronym	09624559
00760956	_member_meronym	07150850
00760956	_member_meronym	07150644
00760956	_member_meronym	01240432
00760956	_member_meronym	01240210
00760956	_member_meronym	01190884
00760956	_member_meronym	00761713
00760956	_instance_hypernym	09803429
00760956	_instance_hypernym	09624559
00760956	_instance_hypernym	07150850
00760956	_instance_hypernym	07150644
00760956	_instance_hypernym	01240432
00760956	_instance_hypernym	01240210
00760956	_instance_hypernym	01190884
00760956	_instance_hypernym	00761713
00760956	_has_part	09803429
00760956	_has_part	09624559
00760956	_has_part	07150850
00760956	_has_part	07150644
00760956	_has_part	01240432
00760956	_has_part	01240210
00760956	_has_part	01190884
00760956	_has_part	00761713
00759694	_similar_to	01222666
00759694	_member_meronym	01222666
00759694	_instance_hypernym	01222666
00759694	_has_part	01222666
00759551	_similar_to	01765392
00759551	_similar_to	00764902
00759551	_member_meronym	01765392
00759551	_member_meronym	00764902
00759551	_instance_hypernym	01765392
00759551	_instance_hypernym	00764902
00759551	_has_part	01765392
00759551	_has_part	00764902
00752335	_similar_to	10448983
00752335	_similar_to	10371741
00752335	_similar_to	10317007
00752335	_member_meronym	10448983
00752335	_member_meronym	10371741
00752335	_member_meronym	10317007
00752335	_instance_hypernym	10448983
00752335	_instance_hypernym	10371741
00752335	_instance_hypernym	10317007
00752335	_has_part	10448983
00752335	_has_part	10371741
00752335	_has_part	10317007
00751887	_similar_to	09941964
00751887	_similar_to	09941571
00751887	_similar_to	09941383
00751887	_similar_to	09780828
00751887	_similar_to	05197797
00751887	_member_meronym	09941964
00751887	_member_meronym	09941571
00751887	_member_meronym	09941383
00751887	_member_meronym	09780828
00751887	_member_meronym	05197797
00751887	_instance_hypernym	09941964
00751887	_instance_hypernym	09941571
00751887	_instance_hypernym	09941383
00751887	_instance_hypernym	09780828
00751887	_instance_hypernym	05197797
00751887	_has_part	09941964
00751887	_has_part	09941571
00751887	_has_part	09941383
00751887	_has_part	09780828
00751887	_has_part	05197797
00737399	_similar_to	02661252
00737399	_similar_to	00737188
00737399	_member_meronym	02661252
00737399	_member_meronym	00737188
00737399	_instance_hypernym	02661252
00737399	_instance_hypernym	00737188
00737399	_has_part	02661252
00737399	_has_part	00737188
00737188	_similar_to	00737399
00737188	_member_meronym	00737399
00737188	_instance_hypernym	00737399
00737188	_has_part	00737399
00730499	_similar_to	05748786
00730499	_member_meronym	05748786
00730499	_instance_hypernym	05748786
00730499	_has_part	05748786
00730301	_similar_to	08592656
00730301	_similar_to	08512736
00730301	_similar_to	00235368
00730301	_member_meronym	08592656
00730301	_member_meronym	08512736
00730301	_member_meronym	00235368
00730301	_instance_hypernym	08592656
00730301	_instance_hypernym	08512736
00730301	_instance_hypernym	00235368
00730301	_has_part	08592656
00730301	_has_part	08512736
00730301	_has_part	00235368
00715674	_similar_to	01329239
00715674	_similar_to	00714944
00715674	_member_meronym	01329239
00715674	_member_meronym	00714944
00715674	_instance_hypernym	01329239
00715674	_instance_hypernym	00714944
00715674	_has_part	01329239
00715674	_has_part	00714944
00714944	_similar_to	00935005
00714944	_similar_to	00715674
00714944	_member_meronym	00935005
00714944	_member_meronym	00715674
00714944	_instance_hypernym	00935005
00714944	_instance_hypernym	00715674
00714944	_has_part	00935005
00714944	_has_part	00715674
00709625	_similar_to	09442838
00709625	_similar_to	05728678
00709625	_similar_to	00709379
00709625	_similar_to	00708017
00709625	_member_meronym	09442838
00709625	_member_meronym	05728678
00709625	_member_meronym	00709379
00709625	_member_meronym	00708017
00709625	_instance_hypernym	09442838
00709625	_instance_hypernym	05728678
00709625	_instance_hypernym	00709379
00709625	_instance_hypernym	00708017
00709625	_has_part	09442838
00709625	_has_part	05728678
00709625	_has_part	00709379
00709625	_has_part	00708017
00709379	_similar_to	00709625
00709379	_member_meronym	00709625
00709379	_instance_hypernym	00709625
00709379	_has_part	00709625
00708017	_similar_to	00709625
00708017	_member_meronym	00709625
00708017	_instance_hypernym	00709625
00708017	_has_part	00709625
00696882	_similar_to	00082714
00696882	_member_meronym	00082714
00696882	_instance_hypernym	00082714
00696882	_has_part	00082714
00696518	_similar_to	04641153
00696518	_similar_to	02542280
00696518	_similar_to	02451113
00696518	_similar_to	01612053
00696518	_similar_to	01474513
00696518	_member_meronym	04641153
00696518	_member_meronym	02542280
00696518	_member_meronym	02451113
00696518	_member_meronym	01612053
00696518	_member_meronym	01474513
00696518	_instance_hypernym	04641153
00696518	_instance_hypernym	02542280
00696518	_instance_hypernym	02451113
00696518	_instance_hypernym	01612053
00696518	_instance_hypernym	01474513
00696518	_has_part	04641153
00696518	_has_part	02542280
00696518	_has_part	02451113
00696518	_has_part	01612053
00696518	_has_part	01474513
00671351	_similar_to	06063588
00671351	_similar_to	01169194
00671351	_similar_to	00083809
00671351	_member_meronym	06063588
00671351	_member_meronym	01169194
00671351	_member_meronym	00083809
00671351	_instance_hypernym	06063588
00671351	_instance_hypernym	01169194
00671351	_instance_hypernym	00083809
00671351	_has_part	06063588
00671351	_has_part	01169194
00671351	_has_part	00083809
00661213	_similar_to	05748786
00661213	_similar_to	00650353
00661213	_member_meronym	05748786
00661213	_member_meronym	00650353
00661213	_instance_hypernym	05748786
00661213	_instance_hypernym	00650353
00661213	_has_part	05748786
00661213	_has_part	00650353
00651991	_similar_to	07366289
00651991	_similar_to	07270179
00651991	_similar_to	05748285
00651991	_similar_to	04748836
00651991	_similar_to	00921738
00651991	_member_meronym	07366289
00651991	_member_meronym	07270179
00651991	_member_meronym	05748285
00651991	_member_meronym	04748836
00651991	_member_meronym	00921738
00651991	_instance_hypernym	07366289
00651991	_instance_hypernym	07270179
00651991	_instance_hypernym	05748285
00651991	_instance_hypernym	04748836
00651991	_instance_hypernym	00921738
00651991	_has_part	07366289
00651991	_has_part	07270179
00651991	_has_part	05748285
00651991	_has_part	04748836
00651991	_has_part	00921738
00650353	_similar_to	10012815
00650353	_similar_to	07366289
00650353	_similar_to	05748285
00650353	_similar_to	04748836
00650353	_similar_to	02512305
00650353	_similar_to	00661213
00650353	_similar_to	00650016
00650353	_member_meronym	10012815
00650353	_member_meronym	07366289
00650353	_member_meronym	05748285
00650353	_member_meronym	04748836
00650353	_member_meronym	02512305
00650353	_member_meronym	00661213
00650353	_member_meronym	00650016
00650353	_instance_hypernym	10012815
00650353	_instance_hypernym	07366289
00650353	_instance_hypernym	05748285
00650353	_instance_hypernym	04748836
00650353	_instance_hypernym	02512305
00650353	_instance_hypernym	00661213
00650353	_instance_hypernym	00650016
00650353	_has_part	10012815
00650353	_has_part	07366289
00650353	_has_part	05748285
00650353	_has_part	04748836
00650353	_has_part	02512305
00650353	_has_part	00661213
00650353	_has_part	00650016
00650016	_similar_to	10012815
00650016	_similar_to	05748054
00650016	_similar_to	00650353
00650016	_member_meronym	10012815
00650016	_member_meronym	05748054
00650016	_member_meronym	00650353
00650016	_instance_hypernym	10012815
00650016	_instance_hypernym	05748054
00650016	_instance_hypernym	00650353
00650016	_has_part	10012815
00650016	_has_part	05748054
00650016	_has_part	00650353
00619972	_similar_to	04906026
00619972	_similar_to	02416278
00619972	_similar_to	01195536
00619972	_member_meronym	04906026
00619972	_member_meronym	02416278
00619972	_member_meronym	01195536
00619972	_instance_hypernym	04906026
00619972	_instance_hypernym	02416278
00619972	_instance_hypernym	01195536
00619972	_has_part	04906026
00619972	_has_part	02416278
00619972	_has_part	01195536
00612160	_similar_to	06043075
00612160	_similar_to	02760116
00612160	_similar_to	00610373
00612160	_similar_to	00084230
00612160	_similar_to	00083124
00612160	_similar_to	00082714
00612160	_member_meronym	06043075
00612160	_member_meronym	02760116
00612160	_member_meronym	00610373
00612160	_member_meronym	00084230
00612160	_member_meronym	00083124
00612160	_member_meronym	00082714
00612160	_instance_hypernym	06043075
00612160	_instance_hypernym	02760116
00612160	_instance_hypernym	00610373
00612160	_instance_hypernym	00084230
00612160	_instance_hypernym	00083124
00612160	_instance_hypernym	00082714
00612160	_has_part	06043075
00612160	_has_part	02760116
00612160	_has_part	00610373
00612160	_has_part	00084230
00612160	_has_part	00083124
00612160	_has_part	00082714
00610373	_similar_to	00612160
00610373	_member_meronym	00612160
00610373	_instance_hypernym	00612160
00610373	_has_part	00612160
00597634	_similar_to	10280130
00597634	_similar_to	05641959
00597634	_similar_to	00595935
00597634	_member_meronym	10280130
00597634	_member_meronym	05641959
00597634	_member_meronym	00595935
00597634	_instance_hypernym	10280130
00597634	_instance_hypernym	05641959
00597634	_instance_hypernym	00595935
00597634	_has_part	10280130
00597634	_has_part	05641959
00597634	_has_part	00595935
00597385	_similar_to	10280130
00597385	_similar_to	05641959
00597385	_similar_to	01224744
00597385	_similar_to	00595935
00597385	_member_meronym	10280130
00597385	_member_meronym	05641959
00597385	_member_meronym	01224744
00597385	_member_meronym	00595935
00597385	_instance_hypernym	10280130
00597385	_instance_hypernym	05641959
00597385	_instance_hypernym	01224744
00597385	_instance_hypernym	00595935
00597385	_has_part	10280130
00597385	_has_part	05641959
00597385	_has_part	01224744
00597385	_has_part	00595935
00595935	_similar_to	00597634
00595935	_similar_to	00597385
00595935	_member_meronym	00597634
00595935	_member_meronym	00597385
00595935	_instance_hypernym	00597634
00595935	_instance_hypernym	00597385
00595935	_has_part	00597634
00595935	_has_part	00597385
00595684	_similar_to	10388440
00595684	_member_meronym	10388440
00595684	_instance_hypernym	10388440
00595684	_has_part	10388440
00595146	_similar_to	10388440
00595146	_similar_to	10298912
00595146	_similar_to	10298647
00595146	_similar_to	10280130
00595146	_similar_to	10164233
00595146	_member_meronym	10388440
00595146	_member_meronym	10298912
00595146	_member_meronym	10298647
00595146	_member_meronym	10280130
00595146	_member_meronym	10164233
00595146	_instance_hypernym	10388440
00595146	_instance_hypernym	10298912
00595146	_instance_hypernym	10298647
00595146	_instance_hypernym	10280130
00595146	_instance_hypernym	10164233
00595146	_has_part	10388440
00595146	_has_part	10298912
00595146	_has_part	10298647
00595146	_has_part	10280130
00595146	_has_part	10164233
00594836	_similar_to	09931640
00594836	_member_meronym	09931640
00594836	_instance_hypernym	09931640
00594836	_has_part	09931640
00590626	_similar_to	09941964
00590626	_similar_to	09941571
00590626	_similar_to	09941383
00590626	_similar_to	09780828
00590626	_member_meronym	09941964
00590626	_member_meronym	09941571
00590626	_member_meronym	09941383
00590626	_member_meronym	09780828
00590626	_instance_hypernym	09941964
00590626	_instance_hypernym	09941571
00590626	_instance_hypernym	09941383
00590626	_instance_hypernym	09780828
00590626	_has_part	09941964
00590626	_has_part	09941571
00590626	_has_part	09941383
00590626	_has_part	09780828
00589769	_similar_to	10298912
00589769	_member_meronym	10298912
00589769	_instance_hypernym	10298912
00589769	_has_part	10298912
00589624	_similar_to	01149494
00589624	_member_meronym	01149494
00589624	_instance_hypernym	01149494
00589624	_has_part	01149494
00588797	_similar_to	01148283
00588797	_member_meronym	01148283
00588797	_instance_hypernym	01148283
00588797	_has_part	01148283
00579712	_similar_to	01128655
00579712	_member_meronym	01128655
00579712	_instance_hypernym	01128655
00579712	_has_part	01128655
00552841	_similar_to	02700104
00552841	_member_meronym	02700104
00552841	_instance_hypernym	02700104
00552841	_has_part	02700104
00539110	_similar_to	00791078
00539110	_member_meronym	00791078
00539110	_instance_hypernym	00791078
00539110	_has_part	00791078
00527572	_similar_to	13491060
00527572	_similar_to	00212414
00527572	_member_meronym	13491060
00527572	_member_meronym	00212414
00527572	_instance_hypernym	13491060
00527572	_instance_hypernym	00212414
00527572	_has_part	13491060
00527572	_has_part	00212414
00527367	_similar_to	01159964
00527367	_member_meronym	01159964
00527367	_instance_hypernym	01159964
00527367	_has_part	01159964
00521562	_similar_to	01711445
00521562	_similar_to	01688771
00521562	_similar_to	00520257
00521562	_member_meronym	01711445
00521562	_member_meronym	01688771
00521562	_member_meronym	00520257
00521562	_instance_hypernym	01711445
00521562	_instance_hypernym	01688771
00521562	_instance_hypernym	00520257
00521562	_has_part	01711445
00521562	_has_part	01688771
00521562	_has_part	00520257
00520257	_similar_to	00521562
00520257	_member_meronym	00521562
00520257	_instance_hypernym	00521562
00520257	_has_part	00521562
00512186	_similar_to	01301410
00512186	_member_meronym	01301410
00512186	_instance_hypernym	01301410
00512186	_has_part	01301410
00508192	_similar_to	04714440
00508192	_similar_to	02064745
00508192	_member_meronym	04714440
00508192	_member_meronym	02064745
00508192	_instance_hypernym	04714440
00508192	_instance_hypernym	02064745
00508192	_has_part	04714440
00508192	_has_part	02064745
00508032	_similar_to	07270179
00508032	_similar_to	06798750
00508032	_similar_to	03722007
00508032	_similar_to	01588493
00508032	_similar_to	01582645
00508032	_similar_to	00234725
00508032	_member_meronym	07270179
00508032	_member_meronym	06798750
00508032	_member_meronym	03722007
00508032	_member_meronym	01588493
00508032	_member_meronym	01582645
00508032	_member_meronym	00234725
00508032	_instance_hypernym	07270179
00508032	_instance_hypernym	06798750
00508032	_instance_hypernym	03722007
00508032	_instance_hypernym	01588493
00508032	_instance_hypernym	01582645
00508032	_instance_hypernym	00234725
00508032	_has_part	07270179
00508032	_has_part	06798750
00508032	_has_part	03722007
00508032	_has_part	01588493
00508032	_has_part	01582645
00508032	_has_part	00234725
00483181	_similar_to	13969243
00483181	_similar_to	10160412
00483181	_similar_to	00482893
00483181	_member_meronym	13969243
00483181	_member_meronym	10160412
00483181	_member_meronym	00482893
00483181	_instance_hypernym	13969243
00483181	_instance_hypernym	10160412
00483181	_instance_hypernym	00482893
00483181	_has_part	13969243
00483181	_has_part	10160412
00483181	_has_part	00482893
00482893	_similar_to	07369604
00482893	_similar_to	07177437
00482893	_similar_to	05755486
00482893	_similar_to	00483181
00482893	_similar_to	00185104
00482893	_member_meronym	07369604
00482893	_member_meronym	07177437
00482893	_member_meronym	05755486
00482893	_member_meronym	00483181
00482893	_member_meronym	00185104
00482893	_instance_hypernym	07369604
00482893	_instance_hypernym	07177437
00482893	_instance_hypernym	05755486
00482893	_instance_hypernym	00483181
00482893	_instance_hypernym	00185104
00482893	_has_part	07369604
00482893	_has_part	07177437
00482893	_has_part	05755486
00482893	_has_part	00483181
00482893	_has_part	00185104
00482473	_similar_to	13969243
00482473	_similar_to	10160412
00482473	_similar_to	09952163
00482473	_similar_to	00185104
00482473	_member_meronym	13969243
00482473	_member_meronym	10160412
00482473	_member_meronym	09952163
00482473	_member_meronym	00185104
00482473	_instance_hypernym	13969243
00482473	_instance_hypernym	10160412
00482473	_instance_hypernym	09952163
00482473	_instance_hypernym	00185104
00482473	_has_part	13969243
00482473	_has_part	10160412
00482473	_has_part	09952163
00482473	_has_part	00185104
00476819	_similar_to	14445379
00476819	_member_meronym	14445379
00476819	_instance_hypernym	14445379
00476819	_has_part	14445379
00462092	_similar_to	10678472
00462092	_similar_to	10668450
00462092	_similar_to	09956578
00462092	_similar_to	04361641
00462092	_similar_to	02510337
00462092	_similar_to	01079604
00462092	_similar_to	01070892
00462092	_similar_to	00201923
00462092	_similar_to	00089027
00462092	_member_meronym	10678472
00462092	_member_meronym	10668450
00462092	_member_meronym	09956578
00462092	_member_meronym	04361641
00462092	_member_meronym	02510337
00462092	_member_meronym	01079604
00462092	_member_meronym	01070892
00462092	_member_meronym	00201923
00462092	_member_meronym	00089027
00462092	_instance_hypernym	10678472
00462092	_instance_hypernym	10668450
00462092	_instance_hypernym	09956578
00462092	_instance_hypernym	04361641
00462092	_instance_hypernym	02510337
00462092	_instance_hypernym	01079604
00462092	_instance_hypernym	01070892
00462092	_instance_hypernym	00201923
00462092	_instance_hypernym	00089027
00462092	_has_part	10678472
00462092	_has_part	10668450
00462092	_has_part	09956578
00462092	_has_part	04361641
00462092	_has_part	02510337
00462092	_has_part	01079604
00462092	_has_part	01070892
00462092	_has_part	00201923
00462092	_has_part	00089027
00456740	_similar_to	07369604
00456740	_similar_to	05696020
00456740	_similar_to	00456596
00456740	_similar_to	00296178
00456740	_member_meronym	07369604
00456740	_member_meronym	05696020
00456740	_member_meronym	00456596
00456740	_member_meronym	00296178
00456740	_instance_hypernym	07369604
00456740	_instance_hypernym	05696020
00456740	_instance_hypernym	00456596
00456740	_instance_hypernym	00296178
00456740	_has_part	07369604
00456740	_has_part	05696020
00456740	_has_part	00456596
00456740	_has_part	00296178
00456596	_similar_to	05696020
00456596	_similar_to	00456740
00456596	_similar_to	00150287
00456596	_member_meronym	05696020
00456596	_member_meronym	00456740
00456596	_member_meronym	00150287
00456596	_instance_hypernym	05696020
00456596	_instance_hypernym	00456740
00456596	_instance_hypernym	00150287
00456596	_has_part	05696020
00456596	_has_part	00456740
00456596	_has_part	00150287
00445467	_similar_to	14480772
00445467	_similar_to	13491060
00445467	_member_meronym	14480772
00445467	_member_meronym	13491060
00445467	_instance_hypernym	14480772
00445467	_instance_hypernym	13491060
00445467	_has_part	14480772
00445467	_has_part	13491060
00445169	_similar_to	15046900
00445169	_similar_to	14480772
00445169	_similar_to	13860793
00445169	_similar_to	13491060
00445169	_similar_to	00444519
00445169	_similar_to	00442669
00445169	_member_meronym	15046900
00445169	_member_meronym	14480772
00445169	_member_meronym	13860793
00445169	_member_meronym	13491060
00445169	_member_meronym	00444519
00445169	_member_meronym	00442669
00445169	_instance_hypernym	15046900
00445169	_instance_hypernym	14480772
00445169	_instance_hypernym	13860793
00445169	_instance_hypernym	13491060
00445169	_instance_hypernym	00444519
00445169	_instance_hypernym	00442669
00445169	_has_part	15046900
00445169	_has_part	14480772
00445169	_has_part	13860793
00445169	_has_part	13491060
00445169	_has_part	00444519
00445169	_has_part	00442669
00444519	_similar_to	05085572
00444519	_similar_to	00445169
00444519	_member_meronym	05085572
00444519	_member_meronym	00445169
00444519	_instance_hypernym	05085572
00444519	_instance_hypernym	00445169
00444519	_has_part	05085572
00444519	_has_part	00445169
00443384	_similar_to	14110411
00443384	_similar_to	00443116
00443384	_member_meronym	14110411
00443384	_member_meronym	00443116
00443384	_instance_hypernym	14110411
00443384	_instance_hypernym	00443116
00443384	_has_part	14110411
00443384	_has_part	00443116
00443116	_similar_to	14110411
00443116	_similar_to	13491060
00443116	_similar_to	00443384
00443116	_member_meronym	14110411
00443116	_member_meronym	13491060
00443116	_member_meronym	00443384
00443116	_instance_hypernym	14110411
00443116	_instance_hypernym	13491060
00443116	_instance_hypernym	00443384
00443116	_has_part	14110411
00443116	_has_part	13491060
00443116	_has_part	00443384
00442669	_similar_to	13491060
00442669	_similar_to	13451508
00442669	_similar_to	00445169
00442669	_member_meronym	13491060
00442669	_member_meronym	13451508
00442669	_member_meronym	00445169
00442669	_instance_hypernym	13491060
00442669	_instance_hypernym	13451508
00442669	_instance_hypernym	00445169
00442669	_has_part	13491060
00442669	_has_part	13451508
00442669	_has_part	00445169
00441445	_similar_to	07355887
00441445	_similar_to	00429968
00441445	_similar_to	00290740
00441445	_similar_to	00241038
00441445	_similar_to	00235368
00441445	_member_meronym	07355887
00441445	_member_meronym	00429968
00441445	_member_meronym	00290740
00441445	_member_meronym	00241038
00441445	_member_meronym	00235368
00441445	_instance_hypernym	07355887
00441445	_instance_hypernym	00429968
00441445	_instance_hypernym	00290740
00441445	_instance_hypernym	00241038
00441445	_instance_hypernym	00235368
00441445	_has_part	07355887
00441445	_has_part	00429968
00441445	_has_part	00290740
00441445	_has_part	00241038
00441445	_has_part	00235368
00432683	_similar_to	05111835
00432683	_similar_to	00431826
00432683	_member_meronym	05111835
00432683	_member_meronym	00431826
00432683	_instance_hypernym	05111835
00432683	_instance_hypernym	00431826
00432683	_has_part	05111835
00432683	_has_part	00431826
00431826	_similar_to	13470491
00431826	_similar_to	13457378
00431826	_similar_to	07423001
00431826	_similar_to	00432683
00431826	_similar_to	00151689
00431826	_member_meronym	13470491
00431826	_member_meronym	13457378
00431826	_member_meronym	07423001
00431826	_member_meronym	00432683
00431826	_member_meronym	00151689
00431826	_instance_hypernym	13470491
00431826	_instance_hypernym	13457378
00431826	_instance_hypernym	07423001
00431826	_instance_hypernym	00432683
00431826	_instance_hypernym	00151689
00431826	_has_part	13470491
00431826	_has_part	13457378
00431826	_has_part	07423001
00431826	_has_part	00432683
00431826	_has_part	00151689
00429968	_similar_to	00441445
00429968	_similar_to	00429060
00429968	_member_meronym	00441445
00429968	_member_meronym	00429060
00429968	_instance_hypernym	00441445
00429968	_instance_hypernym	00429060
00429968	_has_part	00441445
00429968	_has_part	00429060
00429060	_similar_to	00429968
00429060	_similar_to	00359903
00429060	_similar_to	00353782
00429060	_similar_to	00351638
00429060	_member_meronym	00429968
00429060	_member_meronym	00359903
00429060	_member_meronym	00353782
00429060	_member_meronym	00351638
00429060	_instance_hypernym	00429968
00429060	_instance_hypernym	00359903
00429060	_instance_hypernym	00353782
00429060	_instance_hypernym	00351638
00429060	_has_part	00429968
00429060	_has_part	00359903
00429060	_has_part	00353782
00429060	_has_part	00351638
00413876	_similar_to	01051331
00413876	_member_meronym	01051331
00413876	_instance_hypernym	01051331
00413876	_has_part	01051331
00411384	_similar_to	02416278
00411384	_similar_to	00410247
00411384	_member_meronym	02416278
00411384	_member_meronym	00410247
00411384	_instance_hypernym	02416278
00411384	_instance_hypernym	00410247
00411384	_has_part	02416278
00411384	_has_part	00410247
00410247	_similar_to	02561332
00410247	_similar_to	01834304
00410247	_similar_to	00411384
00410247	_member_meronym	02561332
00410247	_member_meronym	01834304
00410247	_member_meronym	00411384
00410247	_instance_hypernym	02561332
00410247	_instance_hypernym	01834304
00410247	_instance_hypernym	00411384
00410247	_has_part	02561332
00410247	_has_part	01834304
00410247	_has_part	00411384
00409211	_similar_to	02443849
00409211	_similar_to	01510827
00409211	_similar_to	01224744
00409211	_member_meronym	02443849
00409211	_member_meronym	01510827
00409211	_member_meronym	01224744
00409211	_instance_hypernym	02443849
00409211	_instance_hypernym	01510827
00409211	_instance_hypernym	01224744
00409211	_has_part	02443849
00409211	_has_part	01510827
00409211	_has_part	01224744
00406365	_similar_to	01580467
00406365	_similar_to	00404403
00406365	_member_meronym	01580467
00406365	_member_meronym	00404403
00406365	_instance_hypernym	01580467
00406365	_instance_hypernym	00404403
00406365	_has_part	01580467
00406365	_has_part	00404403
00406243	_similar_to	01741446
00406243	_member_meronym	01741446
00406243	_instance_hypernym	01741446
00406243	_has_part	01741446
00404403	_similar_to	00406365
00404403	_member_meronym	00406365
00404403	_instance_hypernym	00406365
00404403	_has_part	00406365
00364479	_similar_to	07537068
00364479	_similar_to	04631298
00364479	_similar_to	01368192
00364479	_similar_to	01149494
00364479	_member_meronym	07537068
00364479	_member_meronym	04631298
00364479	_member_meronym	01368192
00364479	_member_meronym	01149494
00364479	_instance_hypernym	07537068
00364479	_instance_hypernym	04631298
00364479	_instance_hypernym	01368192
00364479	_instance_hypernym	01149494
00364479	_has_part	07537068
00364479	_has_part	04631298
00364479	_has_part	01368192
00364479	_has_part	01149494
00362467	_similar_to	04630689
00362467	_similar_to	01148283
00362467	_member_meronym	04630689
00362467	_member_meronym	01148283
00362467	_instance_hypernym	04630689
00362467	_instance_hypernym	01148283
00362467	_has_part	04630689
00362467	_has_part	01148283
00362355	_similar_to	00351638
00362355	_similar_to	00224901
00362355	_member_meronym	00351638
00362355	_member_meronym	00224901
00362355	_instance_hypernym	00351638
00362355	_instance_hypernym	00224901
00362355	_has_part	00351638
00362355	_has_part	00224901
00359903	_similar_to	01321002
00359903	_similar_to	00429060
00359903	_member_meronym	01321002
00359903	_member_meronym	00429060
00359903	_instance_hypernym	01321002
00359903	_instance_hypernym	00429060
00359903	_has_part	01321002
00359903	_has_part	00429060
00355547	_similar_to	00354884
00355547	_similar_to	00064095
00355547	_member_meronym	00354884
00355547	_member_meronym	00064095
00355547	_instance_hypernym	00354884
00355547	_instance_hypernym	00064095
00355547	_has_part	00354884
00355547	_has_part	00064095
00355252	_similar_to	00351638
00355252	_similar_to	00290740
00355252	_member_meronym	00351638
00355252	_member_meronym	00290740
00355252	_instance_hypernym	00351638
00355252	_instance_hypernym	00290740
00355252	_has_part	00351638
00355252	_has_part	00290740
00354884	_similar_to	01815185
00354884	_similar_to	00355547
00354884	_similar_to	00351638
00354884	_similar_to	00082308
00354884	_similar_to	00064095
00354884	_member_meronym	01815185
00354884	_member_meronym	00355547
00354884	_member_meronym	00351638
00354884	_member_meronym	00082308
00354884	_member_meronym	00064095
00354884	_instance_hypernym	01815185
00354884	_instance_hypernym	00355547
00354884	_instance_hypernym	00351638
00354884	_instance_hypernym	00082308
00354884	_instance_hypernym	00064095
00354884	_has_part	01815185
00354884	_has_part	00355547
00354884	_has_part	00351638
00354884	_has_part	00082308
00354884	_has_part	00064095
00353782	_similar_to	00429060
00353782	_similar_to	00351638
00353782	_member_meronym	00429060
00353782	_member_meronym	00351638
00353782	_instance_hypernym	00429060
00353782	_instance_hypernym	00351638
00353782	_has_part	00429060
00353782	_has_part	00351638
00351638	_similar_to	00429060
00351638	_similar_to	00362355
00351638	_similar_to	00355252
00351638	_similar_to	00354884
00351638	_similar_to	00353782
00351638	_similar_to	00351485
00351638	_similar_to	00290740
00351638	_similar_to	00241038
00351638	_similar_to	00240131
00351638	_similar_to	00151689
00351638	_member_meronym	00429060
00351638	_member_meronym	00362355
00351638	_member_meronym	00355252
00351638	_member_meronym	00354884
00351638	_member_meronym	00353782
00351638	_member_meronym	00351485
00351638	_member_meronym	00290740
00351638	_member_meronym	00241038
00351638	_member_meronym	00240131
00351638	_member_meronym	00151689
00351638	_instance_hypernym	00429060
00351638	_instance_hypernym	00362355
00351638	_instance_hypernym	00355252
00351638	_instance_hypernym	00354884
00351638	_instance_hypernym	00353782
00351638	_instance_hypernym	00351485
00351638	_instance_hypernym	00290740
00351638	_instance_hypernym	00241038
00351638	_instance_hypernym	00240131
00351638	_instance_hypernym	00151689
00351638	_has_part	00429060
00351638	_has_part	00362355
00351638	_has_part	00355252
00351638	_has_part	00354884
00351638	_has_part	00353782
00351638	_has_part	00351485
00351638	_has_part	00290740
00351638	_has_part	00241038
00351638	_has_part	00240131
00351638	_has_part	00151689
00351485	_similar_to	00351638
00351485	_member_meronym	00351638
00351485	_instance_hypernym	00351638
00351485	_has_part	00351638
00348571	_similar_to	01876907
00348571	_member_meronym	01876907
00348571	_instance_hypernym	01876907
00348571	_has_part	01876907
00327824	_similar_to	01876907
00327824	_member_meronym	01876907
00327824	_instance_hypernym	01876907
00327824	_has_part	01876907
00321956	_similar_to	01580467
00321956	_similar_to	00320852
00321956	_similar_to	00187526
00321956	_member_meronym	01580467
00321956	_member_meronym	00320852
00321956	_member_meronym	00187526
00321956	_instance_hypernym	01580467
00321956	_instance_hypernym	00320852
00321956	_instance_hypernym	00187526
00321956	_has_part	01580467
00321956	_has_part	00320852
00321956	_has_part	00187526
00320852	_similar_to	02502536
00320852	_similar_to	01421622
00320852	_similar_to	01389776
00320852	_similar_to	00321956
00320852	_similar_to	00187526
00320852	_member_meronym	02502536
00320852	_member_meronym	01421622
00320852	_member_meronym	01389776
00320852	_member_meronym	00321956
00320852	_member_meronym	00187526
00320852	_instance_hypernym	02502536
00320852	_instance_hypernym	01421622
00320852	_instance_hypernym	01389776
00320852	_instance_hypernym	00321956
00320852	_instance_hypernym	00187526
00320852	_has_part	02502536
00320852	_has_part	01421622
00320852	_has_part	01389776
00320852	_has_part	00321956
00320852	_has_part	00187526
00314469	_similar_to	02845576
00314469	_member_meronym	02845576
00314469	_instance_hypernym	02845576
00314469	_has_part	02845576
00300537	_similar_to	10093908
00300537	_similar_to	07369604
00300537	_similar_to	04930307
00300537	_member_meronym	10093908
00300537	_member_meronym	07369604
00300537	_member_meronym	04930307
00300537	_instance_hypernym	10093908
00300537	_instance_hypernym	07369604
00300537	_instance_hypernym	04930307
00300537	_has_part	10093908
00300537	_has_part	07369604
00300537	_has_part	04930307
00299580	_similar_to	07369604
00299580	_similar_to	05755486
00299580	_similar_to	01027263
00299580	_similar_to	00046109
00299580	_member_meronym	07369604
00299580	_member_meronym	05755486
00299580	_member_meronym	01027263
00299580	_member_meronym	00046109
00299580	_instance_hypernym	07369604
00299580	_instance_hypernym	05755486
00299580	_instance_hypernym	01027263
00299580	_instance_hypernym	00046109
00299580	_has_part	07369604
00299580	_has_part	05755486
00299580	_has_part	01027263
00299580	_has_part	00046109
00296178	_similar_to	09769929
00296178	_similar_to	00456740
00296178	_member_meronym	09769929
00296178	_member_meronym	00456740
00296178	_instance_hypernym	09769929
00296178	_instance_hypernym	00456740
00296178	_has_part	09769929
00296178	_has_part	00456740
00294884	_similar_to	13970764
00294884	_similar_to	01151097
00294884	_similar_to	00224901
00294884	_member_meronym	13970764
00294884	_member_meronym	01151097
00294884	_member_meronym	00224901
00294884	_instance_hypernym	13970764
00294884	_instance_hypernym	01151097
00294884	_instance_hypernym	00224901
00294884	_has_part	13970764
00294884	_has_part	01151097
00294884	_has_part	00224901
00290740	_similar_to	09476521
00290740	_similar_to	00441445
00290740	_similar_to	00355252
00290740	_similar_to	00351638
00290740	_member_meronym	09476521
00290740	_member_meronym	00441445
00290740	_member_meronym	00355252
00290740	_member_meronym	00351638
00290740	_instance_hypernym	09476521
00290740	_instance_hypernym	00441445
00290740	_instance_hypernym	00355252
00290740	_instance_hypernym	00351638
00290740	_has_part	09476521
00290740	_has_part	00441445
00290740	_has_part	00355252
00290740	_has_part	00351638
00267349	_similar_to	02357693
00267349	_similar_to	01590171
00267349	_similar_to	00262703
00267349	_member_meronym	02357693
00267349	_member_meronym	01590171
00267349	_member_meronym	00262703
00267349	_instance_hypernym	02357693
00267349	_instance_hypernym	01590171
00267349	_instance_hypernym	00262703
00267349	_has_part	02357693
00267349	_has_part	01590171
00267349	_has_part	00262703
00266806	_similar_to	00260648
00266806	_member_meronym	00260648
00266806	_instance_hypernym	00260648
00266806	_has_part	00260648
00263813	_similar_to	01582645
00263813	_similar_to	01276361
00263813	_member_meronym	01582645
00263813	_member_meronym	01276361
00263813	_instance_hypernym	01582645
00263813	_instance_hypernym	01276361
00263813	_has_part	01582645
00263813	_has_part	01276361
00262703	_similar_to	03745285
00262703	_similar_to	00764902
00262703	_similar_to	00267349
00262703	_similar_to	00260648
00262703	_member_meronym	03745285
00262703	_member_meronym	00764902
00262703	_member_meronym	00267349
00262703	_member_meronym	00260648
00262703	_instance_hypernym	03745285
00262703	_instance_hypernym	00764902
00262703	_instance_hypernym	00267349
00262703	_instance_hypernym	00260648
00262703	_has_part	03745285
00262703	_has_part	00764902
00262703	_has_part	00267349
00262703	_has_part	00260648
00261705	_similar_to	03932203
00261705	_similar_to	00260648
00261705	_member_meronym	03932203
00261705	_member_meronym	00260648
00261705	_instance_hypernym	03932203
00261705	_instance_hypernym	00260648
00261705	_has_part	03932203
00261705	_has_part	00260648
00260648	_similar_to	10308732
00260648	_similar_to	00266806
00260648	_similar_to	00262703
00260648	_similar_to	00261705
00260648	_member_meronym	10308732
00260648	_member_meronym	00266806
00260648	_member_meronym	00262703
00260648	_member_meronym	00261705
00260648	_instance_hypernym	10308732
00260648	_instance_hypernym	00266806
00260648	_instance_hypernym	00262703
00260648	_instance_hypernym	00261705
00260648	_has_part	10308732
00260648	_has_part	00266806
00260648	_has_part	00262703
00260648	_has_part	00261705
00253761	_similar_to	02553697
00253761	_similar_to	00245457
00253761	_member_meronym	02553697
00253761	_member_meronym	00245457
00253761	_instance_hypernym	02553697
00253761	_instance_hypernym	00245457
00253761	_has_part	02553697
00253761	_has_part	00245457
00252019	_similar_to	13489037
00252019	_similar_to	00231557
00252019	_similar_to	00230746
00252019	_similar_to	00119524
00252019	_member_meronym	13489037
00252019	_member_meronym	00231557
00252019	_member_meronym	00230746
00252019	_member_meronym	00119524
00252019	_instance_hypernym	13489037
00252019	_instance_hypernym	00231557
00252019	_instance_hypernym	00230746
00252019	_instance_hypernym	00119524
00252019	_has_part	13489037
00252019	_has_part	00231557
00252019	_has_part	00230746
00252019	_has_part	00119524
00245457	_similar_to	13489037
00245457	_similar_to	09779790
00245457	_similar_to	00253761
00245457	_similar_to	00231557
00245457	_member_meronym	13489037
00245457	_member_meronym	09779790
00245457	_member_meronym	00253761
00245457	_member_meronym	00231557
00245457	_instance_hypernym	13489037
00245457	_instance_hypernym	09779790
00245457	_instance_hypernym	00253761
00245457	_instance_hypernym	00231557
00245457	_has_part	13489037
00245457	_has_part	09779790
00245457	_has_part	00253761
00245457	_has_part	00231557
00241038	_similar_to	00441445
00241038	_similar_to	00351638
00241038	_similar_to	00240131
00241038	_member_meronym	00441445
00241038	_member_meronym	00351638
00241038	_member_meronym	00240131
00241038	_instance_hypernym	00441445
00241038	_instance_hypernym	00351638
00241038	_instance_hypernym	00240131
00241038	_has_part	00441445
00241038	_has_part	00351638
00241038	_has_part	00240131
00240131	_similar_to	00883611
00240131	_similar_to	00351638
00240131	_similar_to	00241038
00240131	_member_meronym	00883611
00240131	_member_meronym	00351638
00240131	_member_meronym	00241038
00240131	_instance_hypernym	00883611
00240131	_instance_hypernym	00351638
00240131	_instance_hypernym	00241038
00240131	_has_part	00883611
00240131	_has_part	00351638
00240131	_has_part	00241038
00236592	_similar_to	02003725
00236592	_similar_to	01146039
00236592	_similar_to	00808182
00236592	_similar_to	00235368
00236592	_member_meronym	02003725
00236592	_member_meronym	01146039
00236592	_member_meronym	00808182
00236592	_member_meronym	00235368
00236592	_instance_hypernym	02003725
00236592	_instance_hypernym	01146039
00236592	_instance_hypernym	00808182
00236592	_instance_hypernym	00235368
00236592	_has_part	02003725
00236592	_has_part	01146039
00236592	_has_part	00808182
00236592	_has_part	00235368
00236289	_similar_to	04181228
00236289	_similar_to	00233335
00236289	_member_meronym	04181228
00236289	_member_meronym	00233335
00236289	_instance_hypernym	04181228
00236289	_instance_hypernym	00233335
00236289	_has_part	04181228
00236289	_has_part	00233335
00235368	_similar_to	15224293
00235368	_similar_to	05846355
00235368	_similar_to	05162455
00235368	_similar_to	01149480
00235368	_similar_to	00808182
00235368	_similar_to	00730301
00235368	_similar_to	00441445
00235368	_similar_to	00236592
00235368	_member_meronym	15224293
00235368	_member_meronym	05846355
00235368	_member_meronym	05162455
00235368	_member_meronym	01149480
00235368	_member_meronym	00808182
00235368	_member_meronym	00730301
00235368	_member_meronym	00441445
00235368	_member_meronym	00236592
00235368	_instance_hypernym	15224293
00235368	_instance_hypernym	05846355
00235368	_instance_hypernym	05162455
00235368	_instance_hypernym	01149480
00235368	_instance_hypernym	00808182
00235368	_instance_hypernym	00730301
00235368	_instance_hypernym	00441445
00235368	_instance_hypernym	00236592
00235368	_has_part	15224293
00235368	_has_part	05846355
00235368	_has_part	05162455
00235368	_has_part	01149480
00235368	_has_part	00808182
00235368	_has_part	00730301
00235368	_has_part	00441445
00235368	_has_part	00236592
00234725	_similar_to	00508032
00234725	_similar_to	00233335
00234725	_member_meronym	00508032
00234725	_member_meronym	00233335
00234725	_instance_hypernym	00508032
00234725	_instance_hypernym	00233335
00234725	_has_part	00508032
00234725	_has_part	00233335
00233335	_similar_to	15224293
00233335	_similar_to	13903079
00233335	_similar_to	10525134
00233335	_similar_to	08512259
00233335	_similar_to	05846355
00233335	_similar_to	05162455
00233335	_similar_to	04181228
00233335	_similar_to	03669886
00233335	_similar_to	02510337
00233335	_similar_to	02003725
00233335	_similar_to	01301051
00233335	_similar_to	01148614
00233335	_similar_to	00808182
00233335	_similar_to	00236289
00233335	_similar_to	00234725
00233335	_member_meronym	15224293
00233335	_member_meronym	13903079
00233335	_member_meronym	10525134
00233335	_member_meronym	08512259
00233335	_member_meronym	05846355
00233335	_member_meronym	05162455
00233335	_member_meronym	04181228
00233335	_member_meronym	03669886
00233335	_member_meronym	02510337
00233335	_member_meronym	02003725
00233335	_member_meronym	01301051
00233335	_member_meronym	01148614
00233335	_member_meronym	00808182
00233335	_member_meronym	00236289
00233335	_member_meronym	00234725
00233335	_instance_hypernym	15224293
00233335	_instance_hypernym	13903079
00233335	_instance_hypernym	10525134
00233335	_instance_hypernym	08512259
00233335	_instance_hypernym	05846355
00233335	_instance_hypernym	05162455
00233335	_instance_hypernym	04181228
00233335	_instance_hypernym	03669886
00233335	_instance_hypernym	02510337
00233335	_instance_hypernym	02003725
00233335	_instance_hypernym	01301051
00233335	_instance_hypernym	01148614
00233335	_instance_hypernym	00808182
00233335	_instance_hypernym	00236289
00233335	_instance_hypernym	00234725
00233335	_has_part	15224293
00233335	_has_part	13903079
00233335	_has_part	10525134
00233335	_has_part	08512259
00233335	_has_part	05846355
00233335	_has_part	05162455
00233335	_has_part	04181228
00233335	_has_part	03669886
00233335	_has_part	02510337
00233335	_has_part	02003725
00233335	_has_part	01301051
00233335	_has_part	01148614
00233335	_has_part	00808182
00233335	_has_part	00236289
00233335	_has_part	00234725
00231557	_similar_to	13489037
00231557	_similar_to	00252019
00231557	_similar_to	00245457
00231557	_member_meronym	13489037
00231557	_member_meronym	00252019
00231557	_member_meronym	00245457
00231557	_instance_hypernym	13489037
00231557	_instance_hypernym	00252019
00231557	_instance_hypernym	00245457
00231557	_has_part	13489037
00231557	_has_part	00252019
00231557	_has_part	00245457
00230746	_similar_to	00252019
00230746	_member_meronym	00252019
00230746	_instance_hypernym	00252019
00230746	_has_part	00252019
00224901	_similar_to	09476521
00224901	_similar_to	00362355
00224901	_similar_to	00294884
00224901	_member_meronym	09476521
00224901	_member_meronym	00362355
00224901	_member_meronym	00294884
00224901	_instance_hypernym	09476521
00224901	_instance_hypernym	00362355
00224901	_instance_hypernym	00294884
00224901	_has_part	09476521
00224901	_has_part	00362355
00224901	_has_part	00294884
00212414	_similar_to	00527572
00212414	_member_meronym	00527572
00212414	_instance_hypernym	00527572
00212414	_has_part	00527572
00201923	_similar_to	00462092
00201923	_member_meronym	00462092
00201923	_instance_hypernym	00462092
00201923	_has_part	00462092
00194969	_similar_to	02661252
00194969	_member_meronym	02661252
00194969	_instance_hypernym	02661252
00194969	_has_part	02661252
00188466	_similar_to	03573282
00188466	_similar_to	00187526
00188466	_member_meronym	03573282
00188466	_member_meronym	00187526
00188466	_instance_hypernym	03573282
00188466	_instance_hypernym	00187526
00188466	_has_part	03573282
00188466	_has_part	00187526
00187526	_similar_to	06473381
00187526	_similar_to	03573282
00187526	_similar_to	00321956
00187526	_similar_to	00320852
00187526	_similar_to	00188466
00187526	_member_meronym	06473381
00187526	_member_meronym	03573282
00187526	_member_meronym	00321956
00187526	_member_meronym	00320852
00187526	_member_meronym	00188466
00187526	_instance_hypernym	06473381
00187526	_instance_hypernym	03573282
00187526	_instance_hypernym	00321956
00187526	_instance_hypernym	00320852
00187526	_instance_hypernym	00188466
00187526	_has_part	06473381
00187526	_has_part	03573282
00187526	_has_part	00321956
00187526	_has_part	00320852
00187526	_has_part	00188466
00185104	_similar_to	00482893
00185104	_similar_to	00482473
00185104	_similar_to	00044673
00185104	_member_meronym	00482893
00185104	_member_meronym	00482473
00185104	_member_meronym	00044673
00185104	_instance_hypernym	00482893
00185104	_instance_hypernym	00482473
00185104	_instance_hypernym	00044673
00185104	_has_part	00482893
00185104	_has_part	00482473
00185104	_has_part	00044673
00170844	_similar_to	00169651
00170844	_similar_to	00059552
00170844	_member_meronym	00169651
00170844	_member_meronym	00059552
00170844	_instance_hypernym	00169651
00170844	_instance_hypernym	00059552
00170844	_has_part	00169651
00170844	_has_part	00059552
00169651	_similar_to	00170844
00169651	_similar_to	00151689
00169651	_member_meronym	00170844
00169651	_member_meronym	00151689
00169651	_instance_hypernym	00170844
00169651	_instance_hypernym	00151689
00169651	_has_part	00170844
00169651	_has_part	00151689
00155487	_similar_to	02695895
00155487	_similar_to	02694933
00155487	_similar_to	02509919
00155487	_similar_to	02286204
00155487	_similar_to	01711749
00155487	_member_meronym	02695895
00155487	_member_meronym	02694933
00155487	_member_meronym	02509919
00155487	_member_meronym	02286204
00155487	_member_meronym	01711749
00155487	_instance_hypernym	02695895
00155487	_instance_hypernym	02694933
00155487	_instance_hypernym	02509919
00155487	_instance_hypernym	02286204
00155487	_instance_hypernym	01711749
00155487	_has_part	02695895
00155487	_has_part	02694933
00155487	_has_part	02509919
00155487	_has_part	02286204
00155487	_has_part	01711749
00152887	_similar_to	07355887
00152887	_similar_to	00151689
00152887	_member_meronym	07355887
00152887	_member_meronym	00151689
00152887	_instance_hypernym	07355887
00152887	_instance_hypernym	00151689
00152887	_has_part	07355887
00152887	_has_part	00151689
00151689	_similar_to	13458571
00151689	_similar_to	13457378
00151689	_similar_to	07355887
00151689	_similar_to	05111835
00151689	_similar_to	05109808
00151689	_similar_to	00431826
00151689	_similar_to	00351638
00151689	_similar_to	00169651
00151689	_similar_to	00152887
00151689	_member_meronym	13458571
00151689	_member_meronym	13457378
00151689	_member_meronym	07355887
00151689	_member_meronym	05111835
00151689	_member_meronym	05109808
00151689	_member_meronym	00431826
00151689	_member_meronym	00351638
00151689	_member_meronym	00169651
00151689	_member_meronym	00152887
00151689	_instance_hypernym	13458571
00151689	_instance_hypernym	13457378
00151689	_instance_hypernym	07355887
00151689	_instance_hypernym	05111835
00151689	_instance_hypernym	05109808
00151689	_instance_hypernym	00431826
00151689	_instance_hypernym	00351638
00151689	_instance_hypernym	00169651
00151689	_instance_hypernym	00152887
00151689	_has_part	13458571
00151689	_has_part	13457378
00151689	_has_part	07355887
00151689	_has_part	05111835
00151689	_has_part	05109808
00151689	_has_part	00431826
00151689	_has_part	00351638
00151689	_has_part	00169651
00151689	_has_part	00152887
00150287	_similar_to	13427078
00150287	_similar_to	09957614
00150287	_similar_to	07369604
00150287	_similar_to	02542795
00150287	_similar_to	01027263
00150287	_similar_to	00456596
00150287	_similar_to	00046109
00150287	_member_meronym	13427078
00150287	_member_meronym	09957614
00150287	_member_meronym	07369604
00150287	_member_meronym	02542795
00150287	_member_meronym	01027263
00150287	_member_meronym	00456596
00150287	_member_meronym	00046109
00150287	_instance_hypernym	13427078
00150287	_instance_hypernym	09957614
00150287	_instance_hypernym	07369604
00150287	_instance_hypernym	02542795
00150287	_instance_hypernym	01027263
00150287	_instance_hypernym	00456596
00150287	_instance_hypernym	00046109
00150287	_has_part	13427078
00150287	_has_part	09957614
00150287	_has_part	07369604
00150287	_has_part	02542795
00150287	_has_part	01027263
00150287	_has_part	00456596
00150287	_has_part	00046109
00149084	_similar_to	01285440
00149084	_similar_to	00147595
00149084	_similar_to	00083334
00149084	_member_meronym	01285440
00149084	_member_meronym	00147595
00149084	_member_meronym	00083334
00149084	_instance_hypernym	01285440
00149084	_instance_hypernym	00147595
00149084	_instance_hypernym	00083334
00149084	_has_part	01285440
00149084	_has_part	00147595
00149084	_has_part	00083334
00148978	_similar_to	01354673
00148978	_similar_to	00147595
00148978	_member_meronym	01354673
00148978	_member_meronym	00147595
00148978	_instance_hypernym	01354673
00148978	_instance_hypernym	00147595
00148978	_has_part	01354673
00148978	_has_part	00147595
00147595	_similar_to	01340439
00147595	_similar_to	01296462
00147595	_similar_to	00149084
00147595	_similar_to	00148978
00147595	_similar_to	00145218
00147595	_member_meronym	01340439
00147595	_member_meronym	01296462
00147595	_member_meronym	00149084
00147595	_member_meronym	00148978
00147595	_member_meronym	00145218
00147595	_instance_hypernym	01340439
00147595	_instance_hypernym	01296462
00147595	_instance_hypernym	00149084
00147595	_instance_hypernym	00148978
00147595	_instance_hypernym	00145218
00147595	_has_part	01340439
00147595	_has_part	01296462
00147595	_has_part	00149084
00147595	_has_part	00148978
00147595	_has_part	00145218
00145218	_similar_to	02622234
00145218	_similar_to	02389346
00145218	_similar_to	01295275
00145218	_similar_to	01291069
00145218	_similar_to	01069391
00145218	_similar_to	01069190
00145218	_similar_to	00147595
00145218	_member_meronym	02622234
00145218	_member_meronym	02389346
00145218	_member_meronym	01295275
00145218	_member_meronym	01291069
00145218	_member_meronym	01069391
00145218	_member_meronym	01069190
00145218	_member_meronym	00147595
00145218	_instance_hypernym	02622234
00145218	_instance_hypernym	02389346
00145218	_instance_hypernym	01295275
00145218	_instance_hypernym	01291069
00145218	_instance_hypernym	01069391
00145218	_instance_hypernym	01069190
00145218	_instance_hypernym	00147595
00145218	_has_part	02622234
00145218	_has_part	02389346
00145218	_has_part	01295275
00145218	_has_part	01291069
00145218	_has_part	01069391
00145218	_has_part	01069190
00145218	_has_part	00147595
00140652	_similar_to	01211699
00140652	_member_meronym	01211699
00140652	_instance_hypernym	01211699
00140652	_has_part	01211699
00140393	_similar_to	01510827
00140393	_member_meronym	01510827
00140393	_instance_hypernym	01510827
00140393	_has_part	01510827
00119873	_similar_to	10341660
00119873	_similar_to	02987454
00119873	_member_meronym	10341660
00119873	_member_meronym	02987454
00119873	_instance_hypernym	10341660
00119873	_instance_hypernym	02987454
00119873	_has_part	10341660
00119873	_has_part	02987454
00119524	_similar_to	13559782
00119524	_similar_to	04748836
00119524	_similar_to	00252019
00119524	_member_meronym	13559782
00119524	_member_meronym	04748836
00119524	_member_meronym	00252019
00119524	_instance_hypernym	13559782
00119524	_instance_hypernym	04748836
00119524	_instance_hypernym	00252019
00119524	_has_part	13559782
00119524	_has_part	04748836
00119524	_has_part	00252019
00119266	_similar_to	13559782
00119266	_member_meronym	13559782
00119266	_instance_hypernym	13559782
00119266	_has_part	13559782
00119074	_similar_to	07366289
00119074	_similar_to	05748285
00119074	_similar_to	04748836
00119074	_member_meronym	07366289
00119074	_member_meronym	05748285
00119074	_member_meronym	04748836
00119074	_instance_hypernym	07366289
00119074	_instance_hypernym	05748285
00119074	_instance_hypernym	04748836
00119074	_has_part	07366289
00119074	_has_part	05748285
00119074	_has_part	04748836
00100044	_similar_to	00893955
00100044	_similar_to	00833702
00100044	_member_meronym	00893955
00100044	_member_meronym	00833702
00100044	_instance_hypernym	00893955
00100044	_instance_hypernym	00833702
00100044	_has_part	00893955
00100044	_has_part	00833702
00089027	_similar_to	02496816
00089027	_similar_to	02272549
00089027	_similar_to	01114303
00089027	_similar_to	00462092
00089027	_similar_to	00088481
00089027	_member_meronym	02496816
00089027	_member_meronym	02272549
00089027	_member_meronym	01114303
00089027	_member_meronym	00462092
00089027	_member_meronym	00088481
00089027	_instance_hypernym	02496816
00089027	_instance_hypernym	02272549
00089027	_instance_hypernym	01114303
00089027	_instance_hypernym	00462092
00089027	_instance_hypernym	00088481
00089027	_has_part	02496816
00089027	_has_part	02272549
00089027	_has_part	01114303
00089027	_has_part	00462092
00089027	_has_part	00088481
00088481	_similar_to	02272549
00088481	_similar_to	00089027
00088481	_similar_to	00041899
00088481	_member_meronym	02272549
00088481	_member_meronym	00089027
00088481	_member_meronym	00041899
00088481	_instance_hypernym	02272549
00088481	_instance_hypernym	00089027
00088481	_instance_hypernym	00041899
00088481	_has_part	02272549
00088481	_has_part	00089027
00088481	_has_part	00041899
00087152	_similar_to	01922763
00087152	_member_meronym	01922763
00087152	_instance_hypernym	01922763
00087152	_has_part	01922763
00084230	_similar_to	06043075
00084230	_similar_to	00612160
00084230	_member_meronym	06043075
00084230	_member_meronym	00612160
00084230	_instance_hypernym	06043075
00084230	_instance_hypernym	00612160
00084230	_has_part	06043075
00084230	_has_part	00612160
00083809	_similar_to	01169194
00083809	_similar_to	00671351
00083809	_member_meronym	01169194
00083809	_member_meronym	00671351
00083809	_instance_hypernym	01169194
00083809	_instance_hypernym	00671351
00083809	_has_part	01169194
00083809	_has_part	00671351
00083334	_similar_to	06063588
00083334	_similar_to	00149084
00083334	_similar_to	00083124
00083334	_member_meronym	06063588
00083334	_member_meronym	00149084
00083334	_member_meronym	00083124
00083334	_instance_hypernym	06063588
00083334	_instance_hypernym	00149084
00083334	_instance_hypernym	00083124
00083334	_has_part	06063588
00083334	_has_part	00149084
00083334	_has_part	00083124
00083124	_similar_to	02785648
00083124	_similar_to	00612160
00083124	_similar_to	00083334
00083124	_similar_to	00082714
00083124	_member_meronym	02785648
00083124	_member_meronym	00612160
00083124	_member_meronym	00083334
00083124	_member_meronym	00082714
00083124	_instance_hypernym	02785648
00083124	_instance_hypernym	00612160
00083124	_instance_hypernym	00083334
00083124	_instance_hypernym	00082714
00083124	_has_part	02785648
00083124	_has_part	00612160
00083124	_has_part	00083334
00083124	_has_part	00082714
00082714	_similar_to	03237639
00082714	_similar_to	00696882
00082714	_similar_to	00612160
00082714	_similar_to	00083124
00082714	_member_meronym	03237639
00082714	_member_meronym	00696882
00082714	_member_meronym	00612160
00082714	_member_meronym	00083124
00082714	_instance_hypernym	03237639
00082714	_instance_hypernym	00696882
00082714	_instance_hypernym	00612160
00082714	_instance_hypernym	00083124
00082714	_has_part	03237639
00082714	_has_part	00696882
00082714	_has_part	00612160
00082714	_has_part	00083124
00082308	_similar_to	14445379
00082308	_similar_to	04033995
00082308	_similar_to	03075768
00082308	_similar_to	00354884
00082308	_similar_to	00064095
00082308	_member_meronym	14445379
00082308	_member_meronym	04033995
00082308	_member_meronym	03075768
00082308	_member_meronym	00354884
00082308	_member_meronym	00064095
00082308	_instance_hypernym	14445379
00082308	_instance_hypernym	04033995
00082308	_instance_hypernym	03075768
00082308	_instance_hypernym	00354884
00082308	_instance_hypernym	00064095
00082308	_has_part	14445379
00082308	_has_part	04033995
00082308	_has_part	03075768
00082308	_has_part	00354884
00082308	_has_part	00064095
00064095	_similar_to	09784443
00064095	_similar_to	07493280
00064095	_similar_to	03879854
00064095	_similar_to	00355547
00064095	_similar_to	00354884
00064095	_similar_to	00082308
00064095	_member_meronym	09784443
00064095	_member_meronym	07493280
00064095	_member_meronym	03879854
00064095	_member_meronym	00355547
00064095	_member_meronym	00354884
00064095	_member_meronym	00082308
00064095	_instance_hypernym	09784443
00064095	_instance_hypernym	07493280
00064095	_instance_hypernym	03879854
00064095	_instance_hypernym	00355547
00064095	_instance_hypernym	00354884
00064095	_instance_hypernym	00082308
00064095	_has_part	09784443
00064095	_has_part	07493280
00064095	_has_part	03879854
00064095	_has_part	00355547
00064095	_has_part	00354884
00064095	_has_part	00082308
00059552	_similar_to	00170844
00059552	_member_meronym	00170844
00059552	_instance_hypernym	00170844
00059552	_has_part	00170844
00052374	_similar_to	03051540
00052374	_similar_to	02539359
00052374	_member_meronym	03051540
00052374	_member_meronym	02539359
00052374	_instance_hypernym	03051540
00052374	_instance_hypernym	02539359
00052374	_has_part	03051540
00052374	_has_part	02539359
00052043	_similar_to	03051540
00052043	_similar_to	00047945
00052043	_member_meronym	03051540
00052043	_member_meronym	00047945
00052043	_instance_hypernym	03051540
00052043	_instance_hypernym	00047945
00052043	_has_part	03051540
00052043	_has_part	00047945
00050652	_similar_to	03051540
00050652	_similar_to	02539359
00050652	_similar_to	00047317
00050652	_member_meronym	03051540
00050652	_member_meronym	02539359
00050652	_member_meronym	00047317
00050652	_instance_hypernym	03051540
00050652	_instance_hypernym	02539359
00050652	_instance_hypernym	00047317
00050652	_has_part	03051540
00050652	_has_part	02539359
00050652	_has_part	00047317
00049197	_similar_to	03051540
00049197	_similar_to	00047945
00049197	_member_meronym	03051540
00049197	_member_meronym	00047945
00049197	_instance_hypernym	03051540
00049197	_instance_hypernym	00047945
00049197	_has_part	03051540
00049197	_has_part	00047945
00049003	_similar_to	01248191
00049003	_member_meronym	01248191
00049003	_instance_hypernym	01248191
00049003	_has_part	01248191
00047945	_similar_to	10033082
00047945	_similar_to	03051540
00047945	_similar_to	02728440
00047945	_similar_to	00828237
00047945	_similar_to	00052043
00047945	_similar_to	00049197
00047945	_similar_to	00046534
00047945	_member_meronym	10033082
00047945	_member_meronym	03051540
00047945	_member_meronym	02728440
00047945	_member_meronym	00828237
00047945	_member_meronym	00052043
00047945	_member_meronym	00049197
00047945	_member_meronym	00046534
00047945	_instance_hypernym	10033082
00047945	_instance_hypernym	03051540
00047945	_instance_hypernym	02728440
00047945	_instance_hypernym	00828237
00047945	_instance_hypernym	00052043
00047945	_instance_hypernym	00049197
00047945	_instance_hypernym	00046534
00047945	_has_part	10033082
00047945	_has_part	03051540
00047945	_has_part	02728440
00047945	_has_part	00828237
00047945	_has_part	00052043
00047945	_has_part	00049197
00047945	_has_part	00046534
00047745	_similar_to	03051540
00047745	_similar_to	02630189
00047745	_similar_to	02539359
00047745	_member_meronym	03051540
00047745	_member_meronym	02630189
00047745	_member_meronym	02539359
00047745	_instance_hypernym	03051540
00047745	_instance_hypernym	02630189
00047745	_instance_hypernym	02539359
00047745	_has_part	03051540
00047745	_has_part	02630189
00047745	_has_part	02539359
00047317	_similar_to	00795008
00047317	_similar_to	00050652
00047317	_member_meronym	00795008
00047317	_member_meronym	00050652
00047317	_instance_hypernym	00795008
00047317	_instance_hypernym	00050652
00047317	_has_part	00795008
00047317	_has_part	00050652
00046534	_similar_to	10033082
00046534	_similar_to	02728440
00046534	_similar_to	00828237
00046534	_similar_to	00047945
00046534	_similar_to	00044797
00046534	_similar_to	00044149
00046534	_similar_to	00043683
00046534	_member_meronym	10033082
00046534	_member_meronym	02728440
00046534	_member_meronym	00828237
00046534	_member_meronym	00047945
00046534	_member_meronym	00044797
00046534	_member_meronym	00044149
00046534	_member_meronym	00043683
00046534	_instance_hypernym	10033082
00046534	_instance_hypernym	02728440
00046534	_instance_hypernym	00828237
00046534	_instance_hypernym	00047945
00046534	_instance_hypernym	00044797
00046534	_instance_hypernym	00044149
00046534	_instance_hypernym	00043683
00046534	_has_part	10033082
00046534	_has_part	02728440
00046534	_has_part	00828237
00046534	_has_part	00047945
00046534	_has_part	00044797
00046534	_has_part	00044149
00046534	_has_part	00043683
00046109	_similar_to	00299580
00046109	_similar_to	00150287
00046109	_member_meronym	00299580
00046109	_member_meronym	00150287
00046109	_instance_hypernym	00299580
00046109	_instance_hypernym	00150287
00046109	_has_part	00299580
00046109	_has_part	00150287
00044797	_similar_to	00046534
00044797	_similar_to	00044149
00044797	_member_meronym	00046534
00044797	_member_meronym	00044149
00044797	_instance_hypernym	00046534
00044797	_instance_hypernym	00044149
00044797	_has_part	00046534
00044797	_has_part	00044149
00044673	_similar_to	00185104
00044673	_member_meronym	00185104
00044673	_instance_hypernym	00185104
00044673	_has_part	00185104
00044149	_similar_to	00046534
00044149	_similar_to	00044797
00044149	_similar_to	00043683
00044149	_member_meronym	00046534
00044149	_member_meronym	00044797
00044149	_member_meronym	00043683
00044149	_instance_hypernym	00046534
00044149	_instance_hypernym	00044797
00044149	_instance_hypernym	00043683
00044149	_has_part	00046534
00044149	_has_part	00044797
00044149	_has_part	00043683
00043683	_similar_to	02728440
00043683	_similar_to	00046534
00043683	_similar_to	00044149
00043683	_member_meronym	02728440
00043683	_member_meronym	00046534
00043683	_member_meronym	00044149
00043683	_instance_hypernym	02728440
00043683	_instance_hypernym	00046534
00043683	_instance_hypernym	00044149
00043683	_has_part	02728440
00043683	_has_part	00046534
00043683	_has_part	00044149
00041899	_similar_to	00088481
00041899	_member_meronym	00088481
00041899	_instance_hypernym	00088481
00041899	_has_part	00088481
00040962	_similar_to	13928668
00040962	_similar_to	02458103
00040962	_similar_to	00040804
00040962	_member_meronym	13928668
00040962	_member_meronym	02458103
00040962	_member_meronym	00040804
00040962	_instance_hypernym	13928668
00040962	_instance_hypernym	02458103
00040962	_instance_hypernym	00040804
00040962	_has_part	13928668
00040962	_has_part	02458103
00040962	_has_part	00040804
00040804	_similar_to	00040962
00040804	_similar_to	00040152
00040804	_member_meronym	00040962
00040804	_member_meronym	00040152
00040804	_instance_hypernym	00040962
00040804	_instance_hypernym	00040152
00040804	_has_part	00040962
00040804	_has_part	00040152
00040152	_similar_to	02372326
00040152	_similar_to	02257370
00040152	_similar_to	00040804
00040152	_similar_to	00039021
00040152	_member_meronym	02372326
00040152	_member_meronym	02257370
00040152	_member_meronym	00040804
00040152	_member_meronym	00039021
00040152	_instance_hypernym	02372326
00040152	_instance_hypernym	02257370
00040152	_instance_hypernym	00040804
00040152	_instance_hypernym	00039021
00040152	_has_part	02372326
00040152	_has_part	02257370
00040152	_has_part	00040804
00040152	_has_part	00039021
00039021	_similar_to	00040152
00039021	_member_meronym	00040152
00039021	_instance_hypernym	00040152
00039021	_has_part	00040152
00038849	_similar_to	05256862
00038849	_member_meronym	05256862
00038849	_instance_hypernym	05256862
00038849	_has_part	05256862
00032613	_similar_to	13244109
00032613	_member_meronym	13244109
00032613	_instance_hypernym	13244109
00032613	_has_part	13244109
00027807	_similar_to	13863771
00027807	_similar_to	13860793
00027807	_member_meronym	13863771
00027807	_member_meronym	13860793
00027807	_instance_hypernym	13863771
00027807	_instance_hypernym	13860793
00027807	_has_part	13863771
00027807	_has_part	13860793
00017222	_similar_to	08436759
00017222	_similar_to	01567275
00017222	_member_meronym	08436759
00017222	_member_meronym	01567275
00017222	_instance_hypernym	08436759
00017222	_instance_hypernym	01567275
00017222	_has_part	08436759
00017222	_has_part	01567275
15236475	_synset_domain_topic_of	00921790
15046900	_synset_domain_topic_of	07555863
14480772	_synset_domain_topic_of	14479615
14479615	_synset_domain_topic_of	14480772
14479615	_synset_domain_topic_of	06084469
14442530	_synset_domain_topic_of	14441825
14441825	_synset_domain_topic_of	14442530
14413644	_synset_domain_topic_of	13937554
14405774	_synset_domain_topic_of	07519253
13998781	_synset_domain_topic_of	13998576
13998576	_synset_domain_topic_of	13998781
13998576	_synset_domain_topic_of	13996300
13996300	_synset_domain_topic_of	13998576
13996300	_synset_domain_topic_of	13928668
13971561	_synset_domain_topic_of	13970236
13970236	_synset_domain_topic_of	13971561
13969700	_synset_domain_topic_of	13969243
13969243	_synset_domain_topic_of	13969700
13937554	_synset_domain_topic_of	14413644
13937554	_synset_domain_topic_of	13927383
13928668	_synset_domain_topic_of	13996300
13927383	_synset_domain_topic_of	13937554
13903387	_synset_domain_topic_of	13903079
13903079	_synset_domain_topic_of	13903387
13903079	_synset_domain_topic_of	13863771
13863771	_synset_domain_topic_of	13903079
13863771	_synset_domain_topic_of	00027807
13860793	_synset_domain_topic_of	00027807
13743605	_synset_domain_topic_of	13743269
13743269	_synset_domain_topic_of	13743605
13743269	_synset_domain_topic_of	13741022
13741022	_synset_domain_topic_of	13743269
13559782	_synset_domain_topic_of	13427078
13491060	_synset_domain_topic_of	13451508
13489037	_synset_domain_topic_of	13454318
13458571	_synset_domain_topic_of	13457378
13457378	_synset_domain_topic_of	13458571
13454318	_synset_domain_topic_of	13489037
13451508	_synset_domain_topic_of	13491060
13427078	_synset_domain_topic_of	13559782
13321495	_synset_domain_topic_of	13320168
13320168	_synset_domain_topic_of	13321495
13244109	_synset_domain_topic_of	00032613
13085864	_synset_domain_topic_of	00914632
11415084	_synset_domain_topic_of	11414874
11414874	_synset_domain_topic_of	11415084
10678472	_synset_domain_topic_of	10525134
10676877	_synset_domain_topic_of	10388732
10657306	_synset_domain_topic_of	10120816
10595164	_synset_domain_topic_of	07970406
10584318	_synset_domain_topic_of	10351281
10582746	_synset_domain_topic_of	09780828
10566072	_synset_domain_topic_of	09812338
10525134	_synset_domain_topic_of	10678472
10522324	_synset_domain_topic_of	10419047
10474645	_synset_domain_topic_of	10164233
10448983	_synset_domain_topic_of	10249459
10419047	_synset_domain_topic_of	10522324
10399491	_synset_domain_topic_of	07970406
10389398	_synset_domain_topic_of	10180178
10388924	_synset_domain_topic_of	09882007
10388732	_synset_domain_topic_of	10676877
10371741	_synset_domain_topic_of	10294602
10351874	_synset_domain_topic_of	09624559
10351281	_synset_domain_topic_of	10584318
10351281	_synset_domain_topic_of	10120816
10317007	_synset_domain_topic_of	09942970
10317007	_synset_domain_topic_of	09941964
10298647	_synset_domain_topic_of	10054657
10294602	_synset_domain_topic_of	10371741
10280130	_synset_domain_topic_of	09812338
10249459	_synset_domain_topic_of	10448983
10245639	_synset_domain_topic_of	10180178
10245639	_synset_domain_topic_of	09758781
10180178	_synset_domain_topic_of	10389398
10180178	_synset_domain_topic_of	10245639
10164233	_synset_domain_topic_of	10474645
10161363	_synset_domain_topic_of	10079399
10160412	_synset_domain_topic_of	09624559
10155849	_synset_domain_topic_of	09974648
10132641	_synset_domain_topic_of	10079399
10120816	_synset_domain_topic_of	10657306
10120816	_synset_domain_topic_of	10351281
10079399	_synset_domain_topic_of	10161363
10079399	_synset_domain_topic_of	10132641
10079399	_synset_domain_topic_of	10079210
10079210	_synset_domain_topic_of	10079399
10078806	_synset_domain_topic_of	09779790
10054657	_synset_domain_topic_of	10298647
10029068	_synset_domain_topic_of	09812338
09974648	_synset_domain_topic_of	10155849
09952163	_synset_domain_topic_of	09800249
09952163	_synset_domain_topic_of	09624559
09943541	_synset_domain_topic_of	09942970
09943541	_synset_domain_topic_of	09941571
09942970	_synset_domain_topic_of	10317007
09942970	_synset_domain_topic_of	09943541
09941964	_synset_domain_topic_of	10317007
09941571	_synset_domain_topic_of	09943541
09935434	_synset_domain_topic_of	09816771
09918248	_synset_domain_topic_of	07970406
09882716	_synset_domain_topic_of	09882007
09882716	_synset_domain_topic_of	09609232
09882007	_synset_domain_topic_of	10388924
09882007	_synset_domain_topic_of	09882716
09816771	_synset_domain_topic_of	09935434
09816771	_synset_domain_topic_of	09626238
09812338	_synset_domain_topic_of	10566072
09812338	_synset_domain_topic_of	10280130
09812338	_synset_domain_topic_of	10029068
09800249	_synset_domain_topic_of	09952163
09780828	_synset_domain_topic_of	10582746
09779790	_synset_domain_topic_of	10078806
09758781	_synset_domain_topic_of	10245639
09626238	_synset_domain_topic_of	09816771
09624559	_synset_domain_topic_of	10351874
09624559	_synset_domain_topic_of	10160412
09624559	_synset_domain_topic_of	09952163
09609232	_synset_domain_topic_of	09882716
09366317	_synset_domain_topic_of	09303008
09326662	_synset_domain_topic_of	09303008
09303008	_synset_domain_topic_of	09366317
09303008	_synset_domain_topic_of	09326662
08688247	_synset_domain_topic_of	08664443
08677628	_synset_domain_topic_of	08645963
08664443	_synset_domain_topic_of	08688247
08664443	_synset_domain_topic_of	08620061
08645963	_synset_domain_topic_of	08677628
08645963	_synset_domain_topic_of	08497294
08630985	_synset_domain_topic_of	08574314
08630985	_synset_domain_topic_of	08552138
08630985	_synset_domain_topic_of	08497294
08630039	_synset_domain_topic_of	08568978
08620763	_synset_domain_topic_of	08620061
08620061	_synset_domain_topic_of	08664443
08620061	_synset_domain_topic_of	08620763
08612786	_synset_domain_topic_of	08512259
08592656	_synset_domain_topic_of	08512259
08592656	_synset_domain_topic_of	03264542
08574314	_synset_domain_topic_of	08630985
08574314	_synset_domain_topic_of	08567235
08568978	_synset_domain_topic_of	08630039
08568978	_synset_domain_topic_of	08512259
08567235	_synset_domain_topic_of	08574314
08566028	_synset_domain_topic_of	02845576
08565701	_synset_domain_topic_of	08512259
08552138	_synset_domain_topic_of	08630985
08552138	_synset_domain_topic_of	08513163
08513163	_synset_domain_topic_of	08552138
08512736	_synset_domain_topic_of	08512259
08512259	_synset_domain_topic_of	08612786
08512259	_synset_domain_topic_of	08592656
08512259	_synset_domain_topic_of	08568978
08512259	_synset_domain_topic_of	08565701
08512259	_synset_domain_topic_of	08512736
08497294	_synset_domain_topic_of	08645963
08497294	_synset_domain_topic_of	08630985
08438067	_synset_domain_topic_of	08436759
08436759	_synset_domain_topic_of	08438067
08436759	_synset_domain_topic_of	00017222
07996689	_synset_domain_topic_of	07985223
07988857	_synset_domain_topic_of	07970406
07985223	_synset_domain_topic_of	07996689
07976936	_synset_domain_topic_of	07975026
07975026	_synset_domain_topic_of	07976936
07970406	_synset_domain_topic_of	10595164
07970406	_synset_domain_topic_of	10399491
07970406	_synset_domain_topic_of	09918248
07970406	_synset_domain_topic_of	07988857
07705711	_synset_domain_topic_of	07555863
07555863	_synset_domain_topic_of	15046900
07555863	_synset_domain_topic_of	07705711
07520612	_synset_domain_topic_of	07519253
07519253	_synset_domain_topic_of	14405774
07519253	_synset_domain_topic_of	07520612
07515790	_synset_domain_topic_of	07515560
07515560	_synset_domain_topic_of	07515790
07515560	_synset_domain_topic_of	07514968
07514968	_synset_domain_topic_of	07515560
07423001	_synset_domain_topic_of	07355887
07366289	_synset_domain_topic_of	07337390
07355887	_synset_domain_topic_of	07423001
07337390	_synset_domain_topic_of	07366289
07270179	_synset_domain_topic_of	06806469
07254057	_synset_domain_topic_of	07253637
07253637	_synset_domain_topic_of	07254057
07253637	_synset_domain_topic_of	06709533
07151122	_synset_domain_topic_of	07150644
07150850	_synset_domain_topic_of	07150644
07150644	_synset_domain_topic_of	07151122
07150644	_synset_domain_topic_of	07150850
07150644	_synset_domain_topic_of	07148192
07148192	_synset_domain_topic_of	07150644
07066659	_synset_domain_topic_of	07020895
07020895	_synset_domain_topic_of	07066659
07006712	_synset_domain_topic_of	07006119
07006119	_synset_domain_topic_of	07006712
07003119	_synset_domain_topic_of	06998748
06998748	_synset_domain_topic_of	07003119
06998748	_synset_domain_topic_of	06873252
06893885	_synset_domain_topic_of	06891493
06891493	_synset_domain_topic_of	06893885
06873252	_synset_domain_topic_of	06998748
06806469	_synset_domain_topic_of	07270179
06806469	_synset_domain_topic_of	06791372
06799897	_synset_domain_topic_of	06798750
06798750	_synset_domain_topic_of	06799897
06791372	_synset_domain_topic_of	06806469
06773976	_synset_domain_topic_of	06773434
06773434	_synset_domain_topic_of	06773976
06709533	_synset_domain_topic_of	07253637
06526291	_synset_domain_topic_of	06520944
06520944	_synset_domain_topic_of	06526291
06157326	_synset_domain_topic_of	06153846
06157326	_synset_domain_topic_of	01719302
06157326	_synset_domain_topic_of	01711445
06153846	_synset_domain_topic_of	06157326
06149484	_synset_domain_topic_of	00913705
06099269	_synset_domain_topic_of	03669886
06084469	_synset_domain_topic_of	14479615
06063588	_synset_domain_topic_of	00671351
06063588	_synset_domain_topic_of	00083334
06043075	_synset_domain_topic_of	03430091
06043075	_synset_domain_topic_of	00612160
06022291	_synset_domain_topic_of	06018465
06018465	_synset_domain_topic_of	06022291
06004685	_synset_domain_topic_of	06003682
06004685	_synset_domain_topic_of	06000644
06004685	_synset_domain_topic_of	01583656
06003682	_synset_domain_topic_of	06004685
06000644	_synset_domain_topic_of	06004685
05981230	_synset_domain_topic_of	05980875
05980875	_synset_domain_topic_of	05981230
05938795	_synset_domain_topic_of	05925366
05925366	_synset_domain_topic_of	05938795
05849789	_synset_domain_topic_of	05849040
05849040	_synset_domain_topic_of	05849789
05750657	_synset_domain_topic_of	05750163
05750657	_synset_domain_topic_of	01666894
05750657	_synset_domain_topic_of	01666717
05750163	_synset_domain_topic_of	05750657
05750163	_synset_domain_topic_of	05749619
05749619	_synset_domain_topic_of	05750163
05749619	_synset_domain_topic_of	05748054
05748786	_synset_domain_topic_of	05748285
05748285	_synset_domain_topic_of	05748786
05748054	_synset_domain_topic_of	05749619
05641959	_synset_domain_topic_of	05640433
05640433	_synset_domain_topic_of	05641959
05257737	_synset_domain_topic_of	05256862
05256862	_synset_domain_topic_of	05257737
05256862	_synset_domain_topic_of	04055030
05198036	_synset_domain_topic_of	05196582
05197797	_synset_domain_topic_of	05196582
05196582	_synset_domain_topic_of	05198036
05196582	_synset_domain_topic_of	05197797
05196582	_synset_domain_topic_of	05196375
05196375	_synset_domain_topic_of	05196582
05162455	_synset_domain_topic_of	05161614
05161614	_synset_domain_topic_of	05162455
05117660	_synset_domain_topic_of	05093890
05111835	_synset_domain_topic_of	05109808
05109808	_synset_domain_topic_of	05111835
05109808	_synset_domain_topic_of	05107765
05107765	_synset_domain_topic_of	05109808
05107765	_synset_domain_topic_of	05090441
05093890	_synset_domain_topic_of	05117660
05093890	_synset_domain_topic_of	04916342
05090441	_synset_domain_topic_of	05107765
05090441	_synset_domain_topic_of	04916342
05085572	_synset_domain_topic_of	05084201
05084201	_synset_domain_topic_of	05085572
05075602	_synset_domain_topic_of	05074774
05074774	_synset_domain_topic_of	05075602
04930307	_synset_domain_topic_of	04928903
04928903	_synset_domain_topic_of	04930307
04928903	_synset_domain_topic_of	04916342
04916342	_synset_domain_topic_of	05093890
04916342	_synset_domain_topic_of	05090441
04916342	_synset_domain_topic_of	04928903
04910973	_synset_domain_topic_of	04910135
04910135	_synset_domain_topic_of	04910973
04906026	_synset_domain_topic_of	04905188
04905842	_synset_domain_topic_of	04905188
04905188	_synset_domain_topic_of	04906026
04905188	_synset_domain_topic_of	04905842
04802776	_synset_domain_topic_of	04802629
04802629	_synset_domain_topic_of	04802776
04777098	_synset_domain_topic_of	04776699
04776699	_synset_domain_topic_of	04777098
04750764	_synset_domain_topic_of	04750164
04750164	_synset_domain_topic_of	04750764
04750164	_synset_domain_topic_of	04748836
04748836	_synset_domain_topic_of	04750164
04731497	_synset_domain_topic_of	04714440
04731497	_synset_domain_topic_of	04712735
04714440	_synset_domain_topic_of	04731497
04713428	_synset_domain_topic_of	04712735
04713332	_synset_domain_topic_of	04712735
04713118	_synset_domain_topic_of	04712735
04712735	_synset_domain_topic_of	04731497
04712735	_synset_domain_topic_of	04713428
04712735	_synset_domain_topic_of	04713332
04712735	_synset_domain_topic_of	04713118
04659287	_synset_domain_topic_of	04659090
04659090	_synset_domain_topic_of	04659287
04644512	_synset_domain_topic_of	04623612
04641153	_synset_domain_topic_of	04640927
04640927	_synset_domain_topic_of	04641153
04640927	_synset_domain_topic_of	04623612
04639113	_synset_domain_topic_of	04623612
04631298	_synset_domain_topic_of	04623612
04630689	_synset_domain_topic_of	04623612
04623612	_synset_domain_topic_of	04644512
04623612	_synset_domain_topic_of	04640927
04623612	_synset_domain_topic_of	04639113
04623612	_synset_domain_topic_of	04631298
04623612	_synset_domain_topic_of	04630689
04613158	_synset_domain_topic_of	03091374
04612840	_synset_domain_topic_of	04295081
04608567	_synset_domain_topic_of	03722007
04608567	_synset_domain_topic_of	03563967
04602044	_synset_domain_topic_of	03322099
04596852	_synset_domain_topic_of	03817647
04596852	_synset_domain_topic_of	03051540
04565375	_synset_domain_topic_of	03574816
04550426	_synset_domain_topic_of	03051540
04433185	_synset_domain_topic_of	03106110
04377057	_synset_domain_topic_of	03778600
04377057	_synset_domain_topic_of	03533486
04369025	_synset_domain_topic_of	02785648
04321238	_synset_domain_topic_of	04179385
04296562	_synset_domain_topic_of	03961939
04295081	_synset_domain_topic_of	04612840
04295081	_synset_domain_topic_of	03430959
04272054	_synset_domain_topic_of	03852280
04272054	_synset_domain_topic_of	03391301
04272054	_synset_domain_topic_of	02899439
04181228	_synset_domain_topic_of	03330947
04179385	_synset_domain_topic_of	04321238
04179385	_synset_domain_topic_of	03745285
04160372	_synset_domain_topic_of	03600977
04157320	_synset_domain_topic_of	03958097
04157320	_synset_domain_topic_of	03779621
04085873	_synset_domain_topic_of	03315644
04055030	_synset_domain_topic_of	05256862
04051825	_synset_domain_topic_of	03385557
04051825	_synset_domain_topic_of	03282060
04033995	_synset_domain_topic_of	02820210
03961939	_synset_domain_topic_of	04296562
03958097	_synset_domain_topic_of	04157320
03958097	_synset_domain_topic_of	02743547
03932670	_synset_domain_topic_of	03309808
03878963	_synset_domain_topic_of	03385557
03852280	_synset_domain_topic_of	04272054
03852280	_synset_domain_topic_of	03574816
03817647	_synset_domain_topic_of	04596852
03792334	_synset_domain_topic_of	02799897
03792048	_synset_domain_topic_of	03282060
03779621	_synset_domain_topic_of	04157320
03778600	_synset_domain_topic_of	04377057
03763727	_synset_domain_topic_of	03763403
03763403	_synset_domain_topic_of	03763727
03763403	_synset_domain_topic_of	03420559
03745285	_synset_domain_topic_of	04179385
03738241	_synset_domain_topic_of	03674440
03728811	_synset_domain_topic_of	03257343
03722007	_synset_domain_topic_of	04608567
03674440	_synset_domain_topic_of	03738241
03670849	_synset_domain_topic_of	03106110
03670849	_synset_domain_topic_of	02845576
03669886	_synset_domain_topic_of	06099269
03605915	_synset_domain_topic_of	03600977
03605915	_synset_domain_topic_of	03091374
03600977	_synset_domain_topic_of	04160372
03600977	_synset_domain_topic_of	03605915
03574816	_synset_domain_topic_of	04565375
03574816	_synset_domain_topic_of	03852280
03563967	_synset_domain_topic_of	04608567
03533486	_synset_domain_topic_of	04377057
03513627	_synset_domain_topic_of	03309808
03513627	_synset_domain_topic_of	03264542
03496892	_synset_domain_topic_of	03322940
03430959	_synset_domain_topic_of	04295081
03430091	_synset_domain_topic_of	06043075
03430091	_synset_domain_topic_of	02785648
03420559	_synset_domain_topic_of	03763403
03391301	_synset_domain_topic_of	04272054
03386011	_synset_domain_topic_of	03171356
03385557	_synset_domain_topic_of	04051825
03385557	_synset_domain_topic_of	03878963
03385557	_synset_domain_topic_of	03171356
03330947	_synset_domain_topic_of	04181228
03322940	_synset_domain_topic_of	03496892
03322940	_synset_domain_topic_of	03146846
03322099	_synset_domain_topic_of	04602044
03315644	_synset_domain_topic_of	04085873
03309808	_synset_domain_topic_of	03932670
03309808	_synset_domain_topic_of	03513627
03309808	_synset_domain_topic_of	03265479
03282060	_synset_domain_topic_of	04051825
03282060	_synset_domain_topic_of	03792048
03265479	_synset_domain_topic_of	03309808
03264542	_synset_domain_topic_of	08592656
03264542	_synset_domain_topic_of	03513627
03264542	_synset_domain_topic_of	02875013
03257343	_synset_domain_topic_of	03728811
03257343	_synset_domain_topic_of	03104594
03237639	_synset_domain_topic_of	02785648
03234306	_synset_domain_topic_of	03173524
03178782	_synset_domain_topic_of	03169390
03173524	_synset_domain_topic_of	03234306
03171356	_synset_domain_topic_of	03386011
03171356	_synset_domain_topic_of	03385557
03169390	_synset_domain_topic_of	03178782
03146846	_synset_domain_topic_of	03322940
03106110	_synset_domain_topic_of	04433185
03106110	_synset_domain_topic_of	03670849
03104594	_synset_domain_topic_of	03257343
03104594	_synset_domain_topic_of	02979662
03093574	_synset_domain_topic_of	03051540
03091374	_synset_domain_topic_of	04613158
03091374	_synset_domain_topic_of	03605915
03051540	_synset_domain_topic_of	04596852
03051540	_synset_domain_topic_of	04550426
03051540	_synset_domain_topic_of	03093574
03051540	_synset_domain_topic_of	02728440
02979662	_synset_domain_topic_of	03104594
02899439	_synset_domain_topic_of	04272054
02875013	_synset_domain_topic_of	03264542
02845576	_synset_domain_topic_of	08566028
02845576	_synset_domain_topic_of	03670849
02845576	_synset_domain_topic_of	00314469
02820210	_synset_domain_topic_of	04033995
02799897	_synset_domain_topic_of	03792334
02785648	_synset_domain_topic_of	04369025
02785648	_synset_domain_topic_of	03430091
02785648	_synset_domain_topic_of	03237639
02743547	_synset_domain_topic_of	03958097
02728440	_synset_domain_topic_of	03051540
02711114	_synset_domain_topic_of	02710673
02710673	_synset_domain_topic_of	02711114
02710673	_synset_domain_topic_of	02703952
02703952	_synset_domain_topic_of	02710673
02702830	_synset_domain_topic_of	02667900
02700455	_synset_domain_topic_of	02700104
02700455	_synset_domain_topic_of	02659763
02700104	_synset_domain_topic_of	02700455
02700104	_synset_domain_topic_of	02657219
02671279	_synset_domain_topic_of	02502536
02667900	_synset_domain_topic_of	02702830
02667900	_synset_domain_topic_of	02657219
02664769	_synset_domain_topic_of	02657219
02660147	_synset_domain_topic_of	02659763
02659763	_synset_domain_topic_of	02700455
02659763	_synset_domain_topic_of	02660147
02657219	_synset_domain_topic_of	02700104
02657219	_synset_domain_topic_of	02667900
02657219	_synset_domain_topic_of	02664769
02630189	_synset_domain_topic_of	02204692
02630189	_synset_domain_topic_of	02203362
02630189	_synset_domain_topic_of	00047745
02612368	_synset_domain_topic_of	01465365
02564986	_synset_domain_topic_of	01930512
02553697	_synset_domain_topic_of	00253761
02542795	_synset_domain_topic_of	02542280
02542795	_synset_domain_topic_of	00150287
02542280	_synset_domain_topic_of	02542795
02513460	_synset_domain_topic_of	02512305
02513460	_synset_domain_topic_of	01085474
02512305	_synset_domain_topic_of	02513460
02512305	_synset_domain_topic_of	00650353
02510337	_synset_domain_topic_of	02509287
02510337	_synset_domain_topic_of	00462092
02510337	_synset_domain_topic_of	00233335
02509919	_synset_domain_topic_of	02509287
02509287	_synset_domain_topic_of	02510337
02509287	_synset_domain_topic_of	02509919
02506555	_synset_domain_topic_of	02064745
02502536	_synset_domain_topic_of	02671279
02458103	_synset_domain_topic_of	02389592
02451113	_synset_domain_topic_of	02388145
02451113	_synset_domain_topic_of	01612053
02451113	_synset_domain_topic_of	01474513
02451113	_synset_domain_topic_of	00696518
02443049	_synset_domain_topic_of	02431971
02431971	_synset_domain_topic_of	02443049
02416751	_synset_domain_topic_of	02416278
02416278	_synset_domain_topic_of	02416751
02389592	_synset_domain_topic_of	02458103
02389592	_synset_domain_topic_of	02389346
02389346	_synset_domain_topic_of	02389592
02389346	_synset_domain_topic_of	02374149
02388145	_synset_domain_topic_of	02451113
02374149	_synset_domain_topic_of	02389346
02333689	_synset_domain_topic_of	01088923
02274482	_synset_domain_topic_of	02272549
02272549	_synset_domain_topic_of	02274482
02204692	_synset_domain_topic_of	02630189
02203362	_synset_domain_topic_of	02630189
02095311	_synset_domain_topic_of	01059400
02064745	_synset_domain_topic_of	02506555
02064745	_synset_domain_topic_of	01410363
02064745	_synset_domain_topic_of	00508192
02023992	_synset_domain_topic_of	02023341
02023341	_synset_domain_topic_of	02023992
01930512	_synset_domain_topic_of	02564986
01922763	_synset_domain_topic_of	01740892
01922763	_synset_domain_topic_of	00087152
01877204	_synset_domain_topic_of	01876907
01876907	_synset_domain_topic_of	01877204
01819554	_synset_domain_topic_of	01819147
01819554	_synset_domain_topic_of	01785748
01819147	_synset_domain_topic_of	01819554
01813884	_synset_domain_topic_of	00859153
01785748	_synset_domain_topic_of	01819554
01785748	_synset_domain_topic_of	01779165
01782218	_synset_domain_topic_of	01780202
01781983	_synset_domain_topic_of	01780941
01781180	_synset_domain_topic_of	01779165
01780941	_synset_domain_topic_of	01781983
01780941	_synset_domain_topic_of	01779165
01780202	_synset_domain_topic_of	01782218
01779165	_synset_domain_topic_of	01785748
01779165	_synset_domain_topic_of	01781180
01779165	_synset_domain_topic_of	01780941
01753596	_synset_domain_topic_of	01640550
01743784	_synset_domain_topic_of	01742886
01742886	_synset_domain_topic_of	01743784
01742886	_synset_domain_topic_of	01736822
01742726	_synset_domain_topic_of	01739814
01742726	_synset_domain_topic_of	00916464
01741446	_synset_domain_topic_of	00916464
01741446	_synset_domain_topic_of	00406243
01740892	_synset_domain_topic_of	01922763
01740608	_synset_domain_topic_of	00916464
01739814	_synset_domain_topic_of	01742726
01736822	_synset_domain_topic_of	01742886
01736822	_synset_domain_topic_of	01735308
01735308	_synset_domain_topic_of	01736822
01719302	_synset_domain_topic_of	06157326
01711749	_synset_domain_topic_of	01711445
01711445	_synset_domain_topic_of	06157326
01711445	_synset_domain_topic_of	01711749
01690294	_synset_domain_topic_of	01689379
01690294	_synset_domain_topic_of	01582645
01689379	_synset_domain_topic_of	01690294
01684337	_synset_domain_topic_of	01551871
01667449	_synset_domain_topic_of	01291069
01667304	_synset_domain_topic_of	01666327
01666894	_synset_domain_topic_of	05750657
01666717	_synset_domain_topic_of	05750657
01666717	_synset_domain_topic_of	01640550
01666327	_synset_domain_topic_of	01667304
01656788	_synset_domain_topic_of	01295275
01647867	_synset_domain_topic_of	01647672
01647672	_synset_domain_topic_of	01647867
01647672	_synset_domain_topic_of	01629000
01643464	_synset_domain_topic_of	01582645
01640550	_synset_domain_topic_of	01753596
01640550	_synset_domain_topic_of	01666717
01629000	_synset_domain_topic_of	01647672
01612053	_synset_domain_topic_of	02451113
01612053	_synset_domain_topic_of	01474513
01612053	_synset_domain_topic_of	01123148
01612053	_synset_domain_topic_of	00788821
01612053	_synset_domain_topic_of	00696518
01590171	_synset_domain_topic_of	01291069
01588493	_synset_domain_topic_of	01296462
01588493	_synset_domain_topic_of	00508032
01583656	_synset_domain_topic_of	06004685
01583656	_synset_domain_topic_of	01583494
01583656	_synset_domain_topic_of	01582645
01583494	_synset_domain_topic_of	01583656
01583494	_synset_domain_topic_of	01582645
01582645	_synset_domain_topic_of	01690294
01582645	_synset_domain_topic_of	01643464
01582645	_synset_domain_topic_of	01583656
01582645	_synset_domain_topic_of	01583494
01582645	_synset_domain_topic_of	00508032
01551871	_synset_domain_topic_of	01684337
01551871	_synset_domain_topic_of	01256157
01531375	_synset_domain_topic_of	01508719
01508719	_synset_domain_topic_of	01531375
01492052	_synset_domain_topic_of	01296462
01492052	_synset_domain_topic_of	00917211
01474513	_synset_domain_topic_of	02451113
01474513	_synset_domain_topic_of	01612053
01474513	_synset_domain_topic_of	00696518
01465365	_synset_domain_topic_of	02612368
01465365	_synset_domain_topic_of	01465218
01465218	_synset_domain_topic_of	01465365
01428853	_synset_domain_topic_of	01291069
01421622	_synset_domain_topic_of	01421122
01421122	_synset_domain_topic_of	01421622
01410363	_synset_domain_topic_of	02064745
01389942	_synset_domain_topic_of	01130607
01368192	_synset_domain_topic_of	01364008
01368192	_synset_domain_topic_of	01149494
01368192	_synset_domain_topic_of	00364479
01366718	_synset_domain_topic_of	01363613
01366718	_synset_domain_topic_of	01148283
01364008	_synset_domain_topic_of	01368192
01364008	_synset_domain_topic_of	01149494
01363613	_synset_domain_topic_of	01366718
01363613	_synset_domain_topic_of	01148283
01354673	_synset_domain_topic_of	01296462
01354673	_synset_domain_topic_of	01295275
01340439	_synset_domain_topic_of	01329239
01340439	_synset_domain_topic_of	01296462
01340439	_synset_domain_topic_of	01285440
01329239	_synset_domain_topic_of	01340439
01301410	_synset_domain_topic_of	01288052
01301410	_synset_domain_topic_of	01286913
01301410	_synset_domain_topic_of	00512186
01301051	_synset_domain_topic_of	00233335
01296462	_synset_domain_topic_of	01588493
01296462	_synset_domain_topic_of	01492052
01296462	_synset_domain_topic_of	01354673
01296462	_synset_domain_topic_of	01340439
01295275	_synset_domain_topic_of	01656788
01295275	_synset_domain_topic_of	01354673
01295275	_synset_domain_topic_of	01293389
01295275	_synset_domain_topic_of	01292885
01295275	_synset_domain_topic_of	01069391
01293389	_synset_domain_topic_of	01295275
01293389	_synset_domain_topic_of	01292885
01292885	_synset_domain_topic_of	01295275
01292885	_synset_domain_topic_of	01293389
01291069	_synset_domain_topic_of	01667449
01291069	_synset_domain_topic_of	01590171
01291069	_synset_domain_topic_of	01428853
01288052	_synset_domain_topic_of	01301410
01286913	_synset_domain_topic_of	01301410
01286913	_synset_domain_topic_of	01285440
01285440	_synset_domain_topic_of	01340439
01285440	_synset_domain_topic_of	01286913
01276361	_synset_domain_topic_of	01275762
01275762	_synset_domain_topic_of	01276361
01256157	_synset_domain_topic_of	01551871
01248191	_synset_domain_topic_of	00049003
01240432	_synset_domain_topic_of	01240210
01240210	_synset_domain_topic_of	01240432
01224744	_synset_domain_topic_of	01211699
01224744	_synset_domain_topic_of	00597385
01222666	_synset_domain_topic_of	01222477
01222666	_synset_domain_topic_of	00759694
01222477	_synset_domain_topic_of	01222666
01222477	_synset_domain_topic_of	01221611
01221611	_synset_domain_topic_of	01222477
01211699	_synset_domain_topic_of	01224744
01205827	_synset_domain_topic_of	01202904
01205156	_synset_domain_topic_of	01202904
01203715	_synset_domain_topic_of	01162754
01202904	_synset_domain_topic_of	01205827
01202904	_synset_domain_topic_of	01205156
01195536	_synset_domain_topic_of	00619972
01187810	_synset_domain_topic_of	01181475
01181475	_synset_domain_topic_of	01187810
01162754	_synset_domain_topic_of	01203715
01159964	_synset_domain_topic_of	01159776
01159776	_synset_domain_topic_of	01159964
01155421	_synset_domain_topic_of	01088923
01151407	_synset_domain_topic_of	01150938
01151110	_synset_domain_topic_of	01150559
01151097	_synset_domain_topic_of	01150938
01150938	_synset_domain_topic_of	01151407
01150938	_synset_domain_topic_of	01151097
01150559	_synset_domain_topic_of	01151110
01149494	_synset_domain_topic_of	01368192
01149494	_synset_domain_topic_of	01364008
01149494	_synset_domain_topic_of	00909363
01149494	_synset_domain_topic_of	00589624
01149494	_synset_domain_topic_of	00364479
01149480	_synset_domain_topic_of	01148614
01148614	_synset_domain_topic_of	01149480
01148283	_synset_domain_topic_of	01366718
01148283	_synset_domain_topic_of	01363613
01148283	_synset_domain_topic_of	01127623
01148283	_synset_domain_topic_of	00999817
01148283	_synset_domain_topic_of	00588797
01148283	_synset_domain_topic_of	00362467
01135529	_synset_domain_topic_of	01133281
01133281	_synset_domain_topic_of	01135529
01130607	_synset_domain_topic_of	01389942
01128655	_synset_domain_topic_of	01128390
01128390	_synset_domain_topic_of	01128655
01127623	_synset_domain_topic_of	01148283
01123148	_synset_domain_topic_of	01612053
01093587	_synset_domain_topic_of	00764902
01088923	_synset_domain_topic_of	02333689
01088923	_synset_domain_topic_of	01155421
01085474	_synset_domain_topic_of	02513460
01069391	_synset_domain_topic_of	01295275
01069391	_synset_domain_topic_of	01069190
01069190	_synset_domain_topic_of	01069391
01059400	_synset_domain_topic_of	02095311
01052853	_synset_domain_topic_of	01051331
01051331	_synset_domain_topic_of	01052853
01004062	_synset_domain_topic_of	01000214
01000214	_synset_domain_topic_of	01004062
00999817	_synset_domain_topic_of	01148283
00938419	_synset_domain_topic_of	00935940
00935940	_synset_domain_topic_of	00938419
00935005	_synset_domain_topic_of	00714944
00922438	_synset_domain_topic_of	00921738
00921790	_synset_domain_topic_of	15236475
00921738	_synset_domain_topic_of	00922438
00921738	_synset_domain_topic_of	00651991
00919513	_synset_domain_topic_of	00916464
00918820	_synset_domain_topic_of	00916464
00918820	_synset_domain_topic_of	00915722
00917211	_synset_domain_topic_of	01492052
00917211	_synset_domain_topic_of	00916464
00916464	_synset_domain_topic_of	01742726
00916464	_synset_domain_topic_of	01741446
00916464	_synset_domain_topic_of	01740608
00916464	_synset_domain_topic_of	00919513
00916464	_synset_domain_topic_of	00918820
00916464	_synset_domain_topic_of	00917211
00916464	_synset_domain_topic_of	00915722
00915722	_synset_domain_topic_of	00918820
00915722	_synset_domain_topic_of	00916464
00914632	_synset_domain_topic_of	13085864
00914632	_synset_domain_topic_of	00913705
00913705	_synset_domain_topic_of	06149484
00913705	_synset_domain_topic_of	00914632
00909899	_synset_domain_topic_of	00908909
00909363	_synset_domain_topic_of	01149494
00908909	_synset_domain_topic_of	00909899
00898804	_synset_domain_topic_of	00898518
00898518	_synset_domain_topic_of	00898804
00859153	_synset_domain_topic_of	01813884
00833702	_synset_domain_topic_of	00100044
00815644	_synset_domain_topic_of	00815320
00815320	_synset_domain_topic_of	00815644
00795008	_synset_domain_topic_of	00791078
00791078	_synset_domain_topic_of	00795008
00788821	_synset_domain_topic_of	01612053
00765213	_synset_domain_topic_of	00764902
00764902	_synset_domain_topic_of	01093587
00764902	_synset_domain_topic_of	00765213
00764902	_synset_domain_topic_of	00262703
00761713	_synset_domain_topic_of	00760956
00760956	_synset_domain_topic_of	00761713
00759694	_synset_domain_topic_of	01222666
00737399	_synset_domain_topic_of	00737188
00737188	_synset_domain_topic_of	00737399
00730301	_synset_domain_topic_of	00235368
00715674	_synset_domain_topic_of	00714944
00714944	_synset_domain_topic_of	00935005
00714944	_synset_domain_topic_of	00715674
00709625	_synset_domain_topic_of	00709379
00709625	_synset_domain_topic_of	00708017
00709379	_synset_domain_topic_of	00709625
00708017	_synset_domain_topic_of	00709625
00696518	_synset_domain_topic_of	02451113
00696518	_synset_domain_topic_of	01612053
00696518	_synset_domain_topic_of	01474513
00671351	_synset_domain_topic_of	06063588
00661213	_synset_domain_topic_of	00650353
00651991	_synset_domain_topic_of	00921738
00650353	_synset_domain_topic_of	02512305
00650353	_synset_domain_topic_of	00661213
00650353	_synset_domain_topic_of	00650016
00650016	_synset_domain_topic_of	00650353
00619972	_synset_domain_topic_of	01195536
00612160	_synset_domain_topic_of	06043075
00612160	_synset_domain_topic_of	00610373
00612160	_synset_domain_topic_of	00083124
00612160	_synset_domain_topic_of	00082714
00610373	_synset_domain_topic_of	00612160
00597634	_synset_domain_topic_of	00595935
00597385	_synset_domain_topic_of	01224744
00597385	_synset_domain_topic_of	00595935
00595935	_synset_domain_topic_of	00597634
00595935	_synset_domain_topic_of	00597385
00589624	_synset_domain_topic_of	01149494
00588797	_synset_domain_topic_of	01148283
00527572	_synset_domain_topic_of	00212414
00521562	_synset_domain_topic_of	00520257
00520257	_synset_domain_topic_of	00521562
00512186	_synset_domain_topic_of	01301410
00508192	_synset_domain_topic_of	02064745
00508032	_synset_domain_topic_of	01588493
00508032	_synset_domain_topic_of	01582645
00508032	_synset_domain_topic_of	00234725
00483181	_synset_domain_topic_of	00482893
00482893	_synset_domain_topic_of	00483181
00462092	_synset_domain_topic_of	02510337
00456740	_synset_domain_topic_of	00456596
00456740	_synset_domain_topic_of	00296178
00456596	_synset_domain_topic_of	00456740
00456596	_synset_domain_topic_of	00150287
00445169	_synset_domain_topic_of	00444519
00445169	_synset_domain_topic_of	00442669
00444519	_synset_domain_topic_of	00445169
00443384	_synset_domain_topic_of	00443116
00443116	_synset_domain_topic_of	00443384
00442669	_synset_domain_topic_of	00445169
00441445	_synset_domain_topic_of	00429968
00441445	_synset_domain_topic_of	00290740
00441445	_synset_domain_topic_of	00241038
00441445	_synset_domain_topic_of	00235368
00432683	_synset_domain_topic_of	00431826
00431826	_synset_domain_topic_of	00432683
00431826	_synset_domain_topic_of	00151689
00429968	_synset_domain_topic_of	00441445
00429968	_synset_domain_topic_of	00429060
00429060	_synset_domain_topic_of	00429968
00411384	_synset_domain_topic_of	00410247
00410247	_synset_domain_topic_of	00411384
00406365	_synset_domain_topic_of	00404403
00406243	_synset_domain_topic_of	01741446
00404403	_synset_domain_topic_of	00406365
00364479	_synset_domain_topic_of	01368192
00364479	_synset_domain_topic_of	01149494
00362467	_synset_domain_topic_of	01148283
00362355	_synset_domain_topic_of	00351638
00355547	_synset_domain_topic_of	00354884
00355252	_synset_domain_topic_of	00351638
00354884	_synset_domain_topic_of	00355547
00354884	_synset_domain_topic_of	00351638
00353782	_synset_domain_topic_of	00351638
00351638	_synset_domain_topic_of	00362355
00351638	_synset_domain_topic_of	00355252
00351638	_synset_domain_topic_of	00354884
00351638	_synset_domain_topic_of	00353782
00351638	_synset_domain_topic_of	00351485
00351485	_synset_domain_topic_of	00351638
00321956	_synset_domain_topic_of	00320852
00320852	_synset_domain_topic_of	00321956
00314469	_synset_domain_topic_of	02845576
00296178	_synset_domain_topic_of	00456740
00294884	_synset_domain_topic_of	00224901
00290740	_synset_domain_topic_of	00441445
00262703	_synset_domain_topic_of	00764902
00262703	_synset_domain_topic_of	00260648
00261705	_synset_domain_topic_of	00260648
00260648	_synset_domain_topic_of	00262703
00260648	_synset_domain_topic_of	00261705
00253761	_synset_domain_topic_of	02553697
00253761	_synset_domain_topic_of	00245457
00252019	_synset_domain_topic_of	00231557
00252019	_synset_domain_topic_of	00230746
00252019	_synset_domain_topic_of	00119524
00245457	_synset_domain_topic_of	00253761
00245457	_synset_domain_topic_of	00231557
00241038	_synset_domain_topic_of	00441445
00241038	_synset_domain_topic_of	00240131
00240131	_synset_domain_topic_of	00241038
00236592	_synset_domain_topic_of	00235368
00236289	_synset_domain_topic_of	00233335
00235368	_synset_domain_topic_of	00730301
00235368	_synset_domain_topic_of	00441445
00235368	_synset_domain_topic_of	00236592
00234725	_synset_domain_topic_of	00508032
00234725	_synset_domain_topic_of	00233335
00233335	_synset_domain_topic_of	02510337
00233335	_synset_domain_topic_of	01301051
00233335	_synset_domain_topic_of	00236289
00233335	_synset_domain_topic_of	00234725
00231557	_synset_domain_topic_of	00252019
00231557	_synset_domain_topic_of	00245457
00230746	_synset_domain_topic_of	00252019
00224901	_synset_domain_topic_of	00294884
00212414	_synset_domain_topic_of	00527572
00188466	_synset_domain_topic_of	00187526
00187526	_synset_domain_topic_of	00188466
00185104	_synset_domain_topic_of	00044673
00170844	_synset_domain_topic_of	00169651
00170844	_synset_domain_topic_of	00059552
00169651	_synset_domain_topic_of	00170844
00169651	_synset_domain_topic_of	00151689
00152887	_synset_domain_topic_of	00151689
00151689	_synset_domain_topic_of	00431826
00151689	_synset_domain_topic_of	00169651
00151689	_synset_domain_topic_of	00152887
00150287	_synset_domain_topic_of	02542795
00150287	_synset_domain_topic_of	00456596
00149084	_synset_domain_topic_of	00147595
00148978	_synset_domain_topic_of	00147595
00147595	_synset_domain_topic_of	00149084
00147595	_synset_domain_topic_of	00148978
00147595	_synset_domain_topic_of	00145218
00145218	_synset_domain_topic_of	00147595
00119524	_synset_domain_topic_of	00252019
00100044	_synset_domain_topic_of	00833702
00089027	_synset_domain_topic_of	00088481
00088481	_synset_domain_topic_of	00089027
00088481	_synset_domain_topic_of	00041899
00087152	_synset_domain_topic_of	01922763
00083334	_synset_domain_topic_of	06063588
00083334	_synset_domain_topic_of	00083124
00083124	_synset_domain_topic_of	00612160
00083124	_synset_domain_topic_of	00083334
00083124	_synset_domain_topic_of	00082714
00082714	_synset_domain_topic_of	00612160
00082714	_synset_domain_topic_of	00083124
00082308	_synset_domain_topic_of	00064095
00064095	_synset_domain_topic_of	00082308
00059552	_synset_domain_topic_of	00170844
00052043	_synset_domain_topic_of	00047945
00050652	_synset_domain_topic_of	00047317
00049197	_synset_domain_topic_of	00047945
00049003	_synset_domain_topic_of	01248191
00047945	_synset_domain_topic_of	00052043
00047945	_synset_domain_topic_of	00049197
00047945	_synset_domain_topic_of	00046534
00047745	_synset_domain_topic_of	02630189
00047317	_synset_domain_topic_of	00050652
00046534	_synset_domain_topic_of	00047945
00046534	_synset_domain_topic_of	00044797
00046534	_synset_domain_topic_of	00044149
00046534	_synset_domain_topic_of	00043683
00044797	_synset_domain_topic_of	00046534
00044797	_synset_domain_topic_of	00044149
00044673	_synset_domain_topic_of	00185104
00044149	_synset_domain_topic_of	00046534
00044149	_synset_domain_topic_of	00044797
00044149	_synset_domain_topic_of	00043683
00043683	_synset_domain_topic_of	00046534
00043683	_synset_domain_topic_of	00044149
00041899	_synset_domain_topic_of	00088481
00040962	_synset_domain_topic_of	00040804
00040804	_synset_domain_topic_of	00040962
00040804	_synset_domain_topic_of	00040152
00040152	_synset_domain_topic_of	00040804
00040152	_synset_domain_topic_of	00039021
00039021	_synset_domain_topic_of	00040152
00032613	_synset_domain_topic_of	13244109
00027807	_synset_domain_topic_of	13863771
00027807	_synset_domain_topic_of	13860793
00017222	_synset_domain_topic_of	08436759
